"","cids","smiles","MW","nHA","nHD","TPSA","nRot","nRing","MaxRing","nHet","fChar","nRig","nStereo","gasa","QED","Fsp3","MCE18","Lipinski","Pfizer","GSK","GoldenTriangle","logS","logD","logP","pka_acidic","pka_basic","caco2","PAMPA","pgp_inh","pgp_sub","hia","f20","f30","f50","OATP1B1","OATP1B3","BCRP","BSEP","BBB","MRP1","PPB","logVDss","Fu","CYP1A2sub","CYP2C19inh","CYP2C19sub","CYP2C9inh","CYP2C9sub","CYP2D6inh","CYP2D6sub","CYP3A4inh","CYP3A4sub","CYP2B6inh","CYP2B6sub","CYP2C8inh","LMhuman","clplasma","t05","hERG","DILI","Ames","ROA","FDAMDD","SkinSen","Carcinogenicity","EC","EI","Respiratory","HHT","NeurotoxicityDI","Ototoxicity","Hematotoxicity","NephrotoxicityDI","Genotoxicity","RPMI8226","A549","HEK293","NRAhR","NRAR","NRARLBD","NRAromatase","NRER","NRERLBD","NRPPARgamma","SRARE","SRATAD5","SRHSE","SRMMP","SRp53","Aggregators","Fluc"
"1","cid9866186","O=C(O)C=Cc1ccc(-c2ccc(O)c(C34CC5CC(CC(C5)C3)C4)c2)c(Cl)c1",408.15,3,2,57.53,4,6,6,4,0,26,0,0,0.585,0.4,72,0,1,1,0,-4.213141752,3.133625615,4.599449599,5.406672591,2.236608196,-5.177408828,0.427789062,0.00015282,9.66e-05,0.007989109,0.254982471,0.464374065,0.991099572,0.025675355,0.262580633,0.049198788,0.991954863,0.003814032,0.99857378,99.14798348,-0.519928533,0.423181952,4.49e-06,0.088780627,0.051355354,0.277799398,0.99727124,0.000464645,0.108850509,6.61e-05,2.28e-06,0.992300034,0.121532544,0.370686293,0.868381977,2.846540721,0.978169718,0.175173923,0.373940825,0.217378572,0.345370978,0.961036503,0.059102952,0.402049363,2.83e-07,0.021569947,0.815139651,0.829577327,0.05701125,0.995267391,0.115963504,0.564064801,0.002957562,0.030606665,0.750630498,0.660752237,0.282779664,0.196046546,0.074129067,0.21360299,0.294243038,0.067810439,0.915641963,0.988352478,0.030849354,0.913162231,0.113467187,0.050167184,1,1
"2","cid53325874","CC(N=C(NC#N)Nc1cccc2ncccc12)c1ccccc1",315.15,5,2,73.1,5,3,10,5,0,19,1,0,0.333,0.105,30,0,0,0,0,-4.189396351,2.978783059,2.96209664,8.603910048,5.991871343,-4.588264797,0.712089658,0.339662492,0.996300459,0.004388988,0.025874138,0.689782321,0.957978621,0.93691361,0.979910731,0.000308115,0.347422659,0.354264677,0.047778621,78.25953928,0.073499363,18.71183659,0.995424926,0.009040727,0.124344707,0.506924987,0.002054648,0.000462876,6.02e-06,0.99976927,0.999583423,0.001197603,0.070257269,0.312372714,0.659698009,4.003369823,0.75117786,0.186030269,0.829605877,0.705115318,0.740708888,0.385679573,0.386985898,0.214149684,0.00022751,0.662980676,0.88905853,0.648463666,0.796294868,0.586522281,0.354003072,0.736636162,0.992460668,0.030007714,0.029737543,0.218487427,0.338610232,1.89e-05,7.4e-05,6.06e-05,0.006843463,4.81e-06,7.58e-06,0.826337516,1.98e-06,5.22e-05,0.235051945,0.009577357,0.264,0.086
"3","cid1714884","CCCCCCCCc1ccc(-c2ccc(C(=O)O)cc2)cc1",310.19,2,1,37.3,9,2,6,2,0,13,0,0,0.581,0.381,11,0,1,1,0,-4.552420182,3.978627717,6.214615008,5.53653435,3.035669554,-5.037294629,0.654428244,0.005029476,0.218570367,0.519973725,0.30180341,0.25948143,0.65281263,0.984328389,0.998513997,0.490120143,0.980794966,0.003657094,0.955104887,99.50497855,-0.069814992,0.132674542,0.008175558,0.998877466,0.174038291,3.9e-06,0.998991072,0.423032701,0.880941689,2.82e-08,6.37e-05,0.135988384,0.954217494,0.999999642,0.001020466,1.228008047,1.101306977,0.716379106,0.828461111,0.242128626,0.361129522,0.272048861,0.198397025,0.246553272,0.027256418,0.960419238,0.821721077,0.666875184,0.367916226,0.749748409,0.374088407,0.869810998,0.000486466,0.047497217,0.654964268,0.300074756,0.01196266,0.069555491,0.000438051,0.057975758,0.335311204,0.007570113,0.195923001,0.678213656,0.00040135,0.299358159,0.826378107,0.003712087,0.996,0.96
"4","cid2130404","N#CC(=Cc1ccc(-c2cc(Cl)ccc2Cl)o1)C(=O)Nc1cccc2ncccc12",433.04,5,1,78.92,5,4,10,7,0,25,0,0,0.3,0,22,0,0,1,0,-6.74200336,3.65289887,4.964396889,10.21801842,3.657792645,-5.03954336,0.097397856,0.964094758,2.8e-06,3.36e-05,0.001112521,0.015985191,0.899029911,0.969646096,0.99298054,7.93e-08,0.999999881,0.838144004,0.467418283,99.07088715,-0.260499356,0.513548156,0.067508198,0.999772727,0.0002913,0.996845663,0.988629937,0.086897023,0.480733424,0.998364985,0.809139729,0.95493561,6.47e-06,0.999997616,0.907589257,2.914985758,0.8482572,0.514391303,0.985702574,0.669135094,0.671756685,0.778329074,0.825991213,0.731555164,0.002289695,0.643680751,0.828777373,0.703414202,0.414575756,0.418653727,0.40713343,0.768322945,0.967425108,0.102223262,0.489779383,0.832634866,0.958496392,0.072682008,0.003357933,0.314127386,0.036521323,0.003802442,0.028304284,0.950077891,0.008872299,0.303061903,0.997708559,0.948620856,1,0.738
"5","cid2126","CC1(C)CCC(C)(C)c2cc(C(=O)Nc3ccc(C(=O)O)cc3)ccc21",351.18,4,2,66.4,4,3,10,4,0,19,0,0,0.819,0.364,49.867,0,1,1,0,-4.029683338,2.75872427,4.280724258,4.235813017,1.77009861,-5.187799631,0.784561634,0.888268054,0.095911682,0.02476871,0.192440748,0.218542039,0.961386416,0.994408786,0.994420707,0.008235338,0.995076597,5.88e-05,0.991040409,98.8478355,-0.537359388,0.633012576,2.63e-05,0.577609301,0.024988003,0.006136286,0.044378795,0.031802062,0.000333497,6.94e-06,0.002991436,3.12e-05,0.001165988,0.981748521,0.584351659,1.245069585,1.189822237,0.32956934,0.97293359,0.648785889,0.463677973,0.536950111,0.298028022,0.273683697,6.24e-05,0.876429915,0.688440442,0.641747952,0.575492501,0.615208805,0.61331898,0.891436458,0.936299026,0.0645983,0.101773791,0.267143607,0.089232937,0.049359448,0.000292728,0.657456875,0.249531463,0.062979989,0.16146338,0.96690917,0.060857531,0.882570267,0.975120783,0.211054578,0.452,0.982
"6","cid25022340","CNC(C)C(=O)NC1CN(C(=O)CC(C)C)CCC2CCC(C(=O)NC(c3ccccc3)c3ccccc3)N2C1=O",561.33,9,3,110.85,12,4,11,9,0,28,4,0,0.436,0.5,86.667,0,0,1,1,-3.435403518,2.81083361,2.715454712,7.950473769,7.142081637,-5.862941385,0.955753446,0.004303473,0.062024593,0.003068089,0.012847364,0.758568391,0.999836182,0.10587775,0.995515645,3.52e-05,0.919426084,0.485482574,0.787534773,88.69892337,-0.122153156,8.64675086,3.86e-07,0.985007763,1,1.29e-05,8.86e-12,6.07e-09,3.42e-10,0.004975127,0.999999762,1.95e-07,0.00114119,0.701562941,0.257345319,1.798771027,1.052559986,0.808934748,0.171737626,0.039280124,0.644488096,0.901046336,0.031755242,0.021448188,5.36e-13,3.41e-07,0.383875132,0.951001465,0.984193504,0.976322889,0.180548027,0.846484005,0.999972582,0.090573318,0.285659552,0.326051593,1.82e-05,1.5e-05,4.85e-09,4.59e-05,0.00733207,1.06e-11,3.16e-12,0.025396114,3.23e-08,1.78e-09,9.32e-06,8.47e-07,0.025,0
"7","cid11955716","CC(C)c1cc(C(=O)N2Cc3ccc(CN4CCN(C)CC4)cc3C2)c(O)cc1O",409.24,6,2,67.25,5,4,9,6,0,23,0,0,0.812,0.458,56.229,0,1,1,0,-3.3067026,2.903029781,3.344580909,9.563493701,7.698285506,-5.033485984,0.000779956,0.553961575,0.973325312,0.000436723,0.084538221,0.13691777,0.159038723,0.045900814,0.022922684,0.013627532,0.991681397,0.062090263,0.999580443,95.81795375,0.553756341,4.670625041,0.999990344,0.585064232,0.986572504,0.000142713,0.751645148,0.999884129,0.654193282,0.194315702,0.998359144,0.976651251,8.11e-05,0.02186258,0.407837212,1.570276429,1.432743033,0.894856513,0.64623338,0.535279453,0.855265677,0.946057975,0.755408168,0.608623803,1.2e-07,0.003659526,0.989741087,0.842266738,0.840137243,0.855088949,0.318833262,0.979796946,0.999104798,0.264281213,0.480372131,0.81212467,0.006405724,0.000515905,4.63e-05,0.000824727,0.517777383,0.004745159,0.000142479,0.180964381,0.010755696,0.02229337,0.178741485,0.000395944,0.239,0.009
"8","cid11175137","Clc1ccc(C2(c3ccc(-c4cn[nH]c4)cc3)CCNCC2)cc1",337.13,3,2,40.71,3,4,6,4,0,23,0,0,0.743,0.25,48,0,1,0,0,-3.75822559,3.198446615,3.551785238,10.20048121,7.081088508,-5.248080013,0.991500497,0.571374178,0.114203267,2.47e-05,7.13e-05,0.002615631,0.096886635,0.68421483,0.766397834,0.566568136,0.999906659,0.914013922,0.914926291,95.71408234,0.586659532,4.406838395,0.217077509,0.003172062,0.008033921,0.000963985,0.512821436,0.082381591,0.866255999,0.11946997,0.847104132,0.99871099,0.000339385,0.159916297,0.000124794,8.211529562,0.726390645,0.926663041,0.827282488,0.207840607,0.963331401,0.901004434,0.253692597,0.115083344,0.006708425,0.27745831,0.995564222,0.878415883,0.987080514,0.732484043,0.327825099,0.994000196,0.960023344,0.098665714,0.550061762,0.512516856,0.072722897,0.018426048,0.019172838,0.172690779,0.078033194,0.00926438,0.139744058,0.054872215,0.039831761,0.015282971,0.749425292,0.003795429,1,0.265
"9","cid56973724","COc1cc(OC2CCN(C)CC2)ccc1Nc1ncc2c(n1)n(C1CCCC1)c(=O)n2C",452.25,9,1,86.44,6,5,9,9,0,28,0,0,0.613,0.542,68.595,0,0,1,0,-4.204435968,3.02821143,3.301198753,9.020280641,7.489993445,-5.035487799,4.19e-05,0.553827047,0.000344055,9.14e-05,0.006550848,0.03853929,0.957987286,0.999294639,0.999930501,0.91409117,0.99996686,0.123130485,0.985264599,76.55338416,1.180538414,12.38148177,0.250996321,0.001014923,0.999957681,2.22e-06,0.057132576,0.058832124,0.99870348,0.992807031,0.99787581,0.000840183,0.00301162,0.00411996,0.084027477,7.744107138,1.478187694,0.963762403,0.840201735,0.343293905,0.663433373,0.945167661,0.050193261,0.611726403,4.12e-08,0.00053675,0.942567468,0.935267925,0.977268159,0.882381141,0.574971199,0.961792052,0.938163936,0.339824945,0.511653721,0.946125746,0.131644428,0.000990046,6.46e-05,0.149716541,0.115522094,2.85e-05,0.159857675,0.971603155,0.999267042,0.026668951,0.661125839,0.053303238,0.191,0.029
"10","cid16659841","Cc1cc(Nc2nc(NC(C)c3ncc(F)cn3)ncc2Cl)n[nH]1",348.1,8,3,104.3,5,3,6,10,0,17,1,0,0.651,0.214,34,0,0,0,0,-2.673392946,2.03790476,1.638890156,7.069621958,3.348659467,-5.208453613,0.016504135,0.015306312,0.000240423,7.03e-06,0.000195682,0.001218975,0.01508379,0.997913539,0.906961083,0.010324941,0.999994516,0.001203583,0.990203261,75.23153652,0.30720041,24.38458214,0.951146066,0.829909861,0.998225391,0.00979017,0.991247892,0.001204707,0.998948634,0.919992328,0.999781191,0.000124631,3.79e-06,0.996019065,0.024668692,5.816865575,0.899733323,0.321510345,0.988339067,0.206401125,0.524856031,0.624224484,0.026097486,0.788021386,1.1e-07,0.206008956,0.754508376,0.841953695,0.956368566,0.771535039,0.386363477,0.945968807,0.999641299,0.097394608,0.086854935,0.388017356,0.971138179,0.107212625,1.93e-05,0.115981273,0.046943761,0.001290008,0.000399899,0.996481776,0.056630168,0.001108699,0.003169906,0.003902135,0.635,0.055
"11","cid51039095","COc1cc(CCc2cc(NC(=O)c3ccc(N4CC(C)NC(C)C4)cc3)n[nH]2)cc(OC)c1",463.26,8,3,91.51,9,4,6,8,0,24,2,0,0.472,0.385,74.111,0,0,1,0,-3.265498313,2.60988013,2.318906034,10.54480996,7.446318566,-5.499848912,0.000142411,0.993992507,0.523926914,0.000972152,0.00047791,0.050595045,0.737534195,0.985278964,0.998082519,0.034330342,0.999988914,0.000131929,0.676266253,78.59922301,0.539342897,20.74420109,1,0.001369338,0.99998486,8.84e-07,0.157592624,0.135473505,0.604934216,0.958634853,0.00143277,0.098310888,0.021503264,0.129018351,0.011540371,4.628529054,0.640799594,0.948306143,0.990489244,0.673707366,0.642452061,0.810917854,0.029554959,0.681069732,6.69e-08,0.02568523,0.970997334,0.949477732,0.984773159,0.963366568,0.664461613,0.991561711,0.999584377,0.230975553,0.406691521,0.687776089,0.93460542,0.999283254,0.222874686,0.070976526,0.024521267,0.000120322,0.067057036,0.999875665,3.74e-05,0.000438353,0.695598423,0.000141263,0.476,0.424
"12","cid44137675","Cc1cc(C(C)Nc2ccccc2C(=O)O)c2nc(N3CCOCC3)cc(=O)n2c1",408.18,8,2,96.17,5,4,10,8,0,25,1,0,0.67,0.318,75.345,0,0,1,0,-4.111084548,1.948246728,1.575061572,4.349143183,4.412480809,-4.935123727,0.972759128,0.000654722,0.12312635,8.94e-06,7.19e-05,6.21e-05,0.004167616,0.990856409,0.984103918,4.8e-06,0.993999243,0.005975575,0.999669552,91.94636991,-0.707471511,6.01869166,5.03e-09,0.000525333,0.000447379,0.939110577,0.003202873,5.62e-07,3.26e-09,0.047455758,0.024935361,0.023502009,3.66e-12,0.999004185,0.004867535,2.086523541,0.914853454,0.086857826,0.992228568,0.392377675,0.221340343,0.085781835,0.249565855,0.627195656,0.000133624,0.353837132,0.363477498,0.840142846,0.935513496,0.704666138,0.451643556,0.933888972,0.994310141,0.040427793,0.004394962,0.058369711,4.46e-05,0.000343151,1.26e-06,0.001288397,0.002949595,1.59e-05,0.000371137,0.23012206,0.000192572,0.018584598,0.000499486,0.005997566,0.047,0.01
"13","cid16741245","CN(C)C(=O)c1ccc(S(=O)(=O)c2ccc(NC(=O)C(C)(O)C(F)(F)F)c(Cl)c2)cc1",478.06,7,2,103.78,8,2,6,12,0,16,1,0,0.687,0.263,46,0,0,1,0,-4.043376666,2.461159629,2.327902811,6.655765276,4.05555209,-4.870676867,0.795086384,0.325779647,0.00195304,3.46e-06,0.000251234,0.00659579,0.0024001,0.266415477,0.219043747,0.029994218,0.998469532,0.040161919,0.999525785,94.5783145,0.111925585,4.132464182,0.993570805,7.03e-05,0.999918222,1.44e-05,0.696334362,5.73e-10,2.32e-09,0.025969531,0.999999881,9.17e-09,3.33e-09,0.007023671,1.45e-05,5.261057896,0.708668285,0.394572645,0.999989271,0.011072756,0.036282387,0.140590966,0.063463569,0.388722122,3.26e-07,0.051466186,0.078685619,0.944683254,0.010872622,0.443296522,0.523667872,0.992848039,0.999933839,0.111164987,0.098265037,0.502928138,0.00259675,0.013018854,0.00025191,0.012922553,0.456510752,0.002829956,9.13e-06,0.078807883,6.63e-05,1.19e-06,0.050171964,0.002021953,0.039,0.012
"14","cid11152667","NC(=O)Nc1cc(-c2cccc(F)c2)sc1C(=O)NC1CCCNC1",362.12,6,5,96.25,6,3,6,8,0,19,1,0,0.673,0.294,58.727,0,0,0,0,-3.358113849,2.292832869,2.088840497,9.046326724,6.290056928,-5.849287816,0.793311,0.042221926,0.520716131,6.78e-05,0.001834571,0.00797081,0.004500449,0.215212122,0.624451399,2.75e-05,0.091282897,0.604595661,0.779578269,76.21689288,0.232520673,21.16414828,0.254011631,0.017036395,0.092232145,2.96e-05,0.000114124,0.002035252,0.00863385,0.026681297,0.989678144,0.021711482,2.11e-08,0.002837215,0.000760301,2.186571241,1.191776033,0.748385012,0.997235,0.770621061,0.548178494,0.189500853,0.209708199,0.649429917,2.13e-07,0.022387275,0.532085776,0.955262721,0.922681212,0.827771664,0.539729238,0.956062257,0.999994874,0.133614004,0.075430177,0.252747387,0.024907794,0.00205595,0.002027031,0.101211525,0.044878021,0.000331838,0.000382215,0.04589301,0.001534004,0.29567492,0.098022752,0.00340032,0.78,0.209
"15","cid25262965","COc1ccc(-c2ccc3c(N4CCOCC4C)nc(N4CCOCC4C)nc3n2)cc1CO",465.24,9,1,93.07,5,5,10,9,0,29,2,0,0.61,0.48,92.676,0,0,1,0,-4.162754336,2.834612499,3.132210736,8.680689734,6.605524115,-4.815413697,0.000172057,0.846911609,0.000843313,1.32e-05,0.003946304,0.00391835,0.071455956,0.93453294,0.993642807,0.031250335,0.999979019,0.014230865,0.996668398,92.98789425,0.154627605,6.225376626,0.03018048,0.067102745,0.631922722,0.281047821,0.544593513,0.00026171,0.221584842,0.020857813,0.793209672,0.056461476,0.006382857,0.999987364,0.427011132,6.108581546,0.328178805,0.37023133,0.995334685,0.755622208,0.061281331,0.290476143,0.287840247,0.980526268,1.94e-07,0.018680111,0.613472164,0.96620965,0.998582006,0.942294359,0.473377824,0.99468708,0.874501824,0.513765752,0.072711147,0.777644455,0.082145013,0.274770141,0.02146065,0.403020173,0.466450781,0.006677121,0.005337585,0.834395885,0.131644338,0.025660058,0.352413654,0.174426168,0.042,0.597
"16","cid5738263","O=c1c2ccccc2nc(C=Cc2cccnc2)n1Cc1ccccc1",339.14,4,0,47.78,4,4,10,4,0,25,0,0,0.564,0.045,19,0,0,0,0,-3.616716954,3.056666914,2.848310407,8.485073684,5.578284668,-4.717922864,0.016703434,0.916024208,0.000592203,0.001116335,0.0505265,0.146948934,0.014634669,0.299746007,0.332943618,0.000150652,0.997803032,0.002004876,0.870582044,97.90004387,-0.205444802,1.533720161,0.669415772,0.989676178,0.370315552,0.977151573,0.302096277,0.161445811,0.328866303,0.987220824,0.125229746,0.96762979,0.630632401,0.999255359,0.439408839,4.215549903,0.581117875,0.768024683,0.365894943,0.676484585,0.24213925,0.867819428,0.996127665,0.424517423,5.36e-05,0.394176245,0.517324924,0.627400935,0.953755617,0.37754634,0.117219537,0.45049569,0.33849296,0.11125347,0.439510345,0.826989591,0.922993779,0.020106209,0.003748933,0.044786725,0.755236864,0.003793309,0.003527615,0.897749782,0.113089792,0.083072424,0.600746453,0.391067415,0.913,0.99
"17","cid11364421","CCC1C(=O)N(C)c2cnc(Nc3ccc(C(=O)NC4CCN(C)CC4)cc3OC)nc2N1C1CCCC1",521.31,10,2,102.93,8,5,10,10,0,30,1,0,0.57,0.571,101.5,0,0,1,1,-4.197233844,3.327006455,3.930755072,8.840203255,7.207130233,-5.427334605,0.000781168,0.850793839,0.005265408,9.7e-05,0.012315512,0.072022855,0.995351417,0.999872088,0.999921799,0.551209152,0.99996531,0.000359469,0.971341908,86.00498729,1.396612911,4.862534039,0.15835911,0.003864452,0.999993682,1.22e-05,0.0001189,0.006024002,0.000349343,0.430939943,0.243397266,0.000332827,1.27e-07,0.924454689,0.976392508,5.705310277,1.191471033,0.97706306,0.914794803,0.178823009,0.752164602,0.957635581,0.095982887,0.413049608,5.23e-12,7.84e-06,0.949965656,0.953359544,0.975207269,0.87819463,0.655188203,0.947356403,0.999902964,0.454580039,0.429115683,0.933875978,0.000459263,0.000621767,0.073704734,0.83234942,0.090637498,0.000576434,0.996810853,0.887554646,0.999991894,0.000967718,0.118258446,0.973163962,0.166,0.006
"18","cid53440640","CC(=CC(=O)Nc1ccccc1C(=O)O)c1ccc2ccccc2c1",331.12,4,2,66.4,5,3,10,4,0,20,0,0,0.688,0.048,17,0,1,1,0,-4.937883253,2.877295536,4.729827361,5.504560514,-1.288359663,-5.046466135,0.968355954,0.017235959,0.095662065,0.003240287,0.007439077,0.037077069,0.620671451,0.986278951,0.997993469,0.009896848,0.976712525,0.003388833,0.984734178,98.64181576,-0.820218559,0.595680943,0.074029639,0.752273083,0.001035455,0.572180569,0.000972679,1.01e-05,3.11e-07,0.037882302,0.003667132,5.6e-06,3.28e-11,0.992401958,0.748966694,1.265597367,0.995264654,0.159590513,0.975809753,0.511993885,0.265198857,0.447132975,0.262438416,0.358979642,0.000574354,0.935067058,0.473187953,0.769446969,0.700139225,0.464641958,0.587713897,0.778490841,0.952420652,0.042657617,0.041135468,0.14963977,0.976002276,0.009670462,0.007002817,0.023134653,0.18873547,0.001741514,0.258094013,0.993403256,0.016360596,0.955096066,0.969052732,0.867905319,0.988,0.998
"19","cid156422","Cc1ccc(-n2nc(C(C)(C)C)cc2NC(=O)Nc2ccc(OCCN3CCOCC3)c3ccccc23)cc1",527.29,8,2,80.65,10,5,10,8,0,29,0,0,0.309,0.355,63.524,1,0,1,1,-5.239767264,4.203521467,5.442770847,9.40003889,6.801876453,-5.014577575,0.056770351,0.997018576,0.021921666,0.00011766,0.176661432,0.99722352,0.99870733,0.999761403,0.996921301,0.000343612,0.999854207,1.86e-06,0.690396547,98.61707721,0.244764948,0.886712516,0.000733484,0.164074898,1.07e-05,0.02711541,6.54e-06,0.00190417,0.001596896,0.04459662,0.978326738,0.987265825,1.67e-09,0.999988198,0.989577293,3.582288646,0.656607644,0.794011176,0.991512477,0.465785772,0.187784761,0.655280352,0.133751735,0.714328468,1.01e-09,0.003310361,0.49518007,0.88656491,0.949737012,0.79821229,0.677935183,0.913392544,0.931749284,0.17044802,0.355796099,0.852389157,0.891952574,0.041489858,0.007641437,0.04693928,0.059878364,0.000824934,0.00056513,0.86655879,0.012699418,0.0103361,0.963827908,0.105493993,0.891,0.389
"20","cid25150857","COc1cc2nc(N3CCCN(C)CC3)nc(NC3CCN(Cc4ccccc4)CC3)c2cc1OC",490.31,8,1,65.99,7,5,10,8,0,30,0,0,0.536,0.5,64.381,0,1,1,0,-3.631155969,3.149548541,3.628057401,9.886059018,8.463259781,-5.040872237,1.18e-05,0.852222562,0.703570843,1.55e-06,0.000811517,0.000216186,0.101098239,0.774944961,0.666834414,0.89851588,0.999489307,0.992388427,0.999840498,83.84769475,0.673072704,15.69165395,0.999962926,0.003757055,0.971446097,3.8e-05,0.038723957,0.814200521,0.997499645,0.141079009,0.999929667,0.106809236,4.19e-05,0.001256526,0.456439227,7.362891738,1.007989221,0.997482955,0.264773011,0.348327726,0.769960284,0.946294248,0.407815754,0.365738511,3.43e-08,6.72e-05,0.997201443,0.896645665,0.998252451,0.776289701,0.536239147,0.958221793,0.986907601,0.131621212,0.669440567,0.915830314,0.156803846,0.346212357,0.743111193,0.139999434,0.245044321,0.001324798,0.148849249,0.708188772,0.866199434,0.027821483,0.021807939,0.667611957,0.119,0.003
"21","cid445091","CC1(C)CC=C(c2cnc3ccccc3c2)c2cc(C(=O)Nc3ccc(C(=O)O)cc3)ccc21",448.18,5,2,79.29,5,5,10,5,0,30,0,1,0.384,0.138,61.515,0,0,1,0,-4.968850254,3.089512654,5.054865612,6.961898443,1.155728598,-5.113323392,0.560231566,0.745723367,0.023922192,1.22e-05,0.001291633,0.000857115,0.234288096,0.990395129,0.998160422,0.205448642,0.999985814,5.48e-05,0.996767402,98.6171054,-0.545570995,0.727440783,0.000237832,0.796705365,7.86e-05,0.124505781,0.956675589,0.000727956,0.073991887,1.25e-05,0.005463216,8.06e-06,9.74e-06,0.999999642,0.67232269,0.850218993,1.287709686,0.795408309,0.996683061,0.838851511,0.567795217,0.881095409,0.087914452,0.29148984,7.17e-10,0.182692692,0.773247421,0.841679931,0.896427274,0.850072324,0.762946248,0.977888584,0.995826423,0.154721171,0.435347944,0.623760045,0.806904256,0.159551457,0.01060994,0.228818849,0.552667916,0.016849749,0.458964407,0.964494407,0.213833243,0.3200064,0.975113034,0.555352211,0.999,0.983
"22","cid445455","CC1(C)CCC(C)(C)c2cc(C(O)C(=O)Nc3ccc(C(=O)O)cc3F)ccc21",399.18,5,3,86.63,5,3,10,6,0,19,1,0,0.704,0.391,78,0,0,0,0,-3.784777286,2.623372342,3.579966632,4.267722774,2.177642223,-5.165051025,0.973915398,0.006953482,0.006583578,0.000156045,0.001501203,0.002974093,0.469688714,0.985980868,0.999530315,9.23e-06,0.985370755,7.18e-07,0.997076154,98.68892134,-0.342711931,0.80966271,2.64e-07,0.33310768,0.048434366,0.003091983,0.002626295,0.001595203,7.62e-05,9.07e-07,0.052717067,1.03e-06,2.98e-07,0.951516032,0.041140795,2.02530707,1.033126131,0.115021586,0.893291056,0.49367252,0.410730392,0.683444619,0.007799232,0.265962064,2.55e-06,0.390544742,0.640842915,0.648824275,0.751580417,0.944953263,0.412311703,0.963638604,0.987684488,0.0441157,0.031290274,0.079789735,0.030021513,0.969542861,0.00011926,0.354046077,0.039433941,0.004633578,0.00592988,0.866489351,0.007100952,0.713024557,0.766229033,0.025723379,0.138,0.152
"23","cid9813758","Cc1ccc2nc(NCCN)c3ncc(C)n3c2c1",255.15,5,3,68.24,3,3,13,5,0,15,0,1,0.749,0.286,16,0,0,0,0,-2.144142285,1.513678336,1.705131307,11.18865216,8.140577871,-5.914695528,0.197044179,0.172128126,0.803264022,0.000665963,0.014374197,0.009490192,0.180538297,0.947711349,0.527102113,0.003012918,0.994550884,0.711609364,0.957519174,67.08773509,0.583289765,29.33265879,0.973701537,3.52e-05,0.039218269,0.281804085,0.135880783,0.852953792,0.999875665,0.444996655,0.190195769,5.92e-06,3.59e-07,0.993688762,0.000882153,6.386440868,0.762888164,0.483507752,0.564451277,0.754347265,0.454526544,0.612514794,0.587092638,0.637212574,0.000493102,0.39437148,0.795057416,0.758864343,0.910389066,0.691351831,0.493310958,0.550238132,0.912739813,0.107497416,0.204033792,0.245014966,0.971069455,0.073064923,0.154624403,0.034327663,0.374853462,0.015798701,0.201737612,0.460325837,0.500844896,0.181634203,0.171085089,0.557183325,0.716,0.634
"24","cid135440466","Cc1cc(N2CCOCC2)cc2[nH]c(-c3c(NCC(O)c4cccc(Cl)c4)cc[nH]c3=O)nc12",479.17,8,4,106.27,6,5,9,9,0,29,1,0,0.334,0.28,87.75,0,0,1,0,-4.394147437,2.652637449,3.013746332,8.976334222,6.245289556,-5.833464088,0.879744351,0.074898764,0.672766089,3.46e-06,0.000110507,0.000762582,0.128424883,0.912132978,0.987123847,0.000185619,0.999990344,0.046655141,0.963304996,93.79550516,0.214975339,5.189492716,0.00208935,0.973402977,2.19e-06,0.855184495,0.807022631,0.000475651,0.948566377,0.99229759,1.86e-05,0.003076262,1.08e-10,0.998277307,0.999897122,3.999204331,0.568732378,0.586283028,0.995161593,0.36483708,0.360659003,0.777608514,0.007391016,0.586002707,1.35e-09,0.019442774,0.697877526,0.844861746,0.988114536,0.948239565,0.469748765,0.991097093,0.99981755,0.077771708,0.185014784,0.590843797,0.170559213,0.000134696,4.37e-07,0.001013295,0.603809536,0.006934913,1.13e-06,0.012114091,0.004923083,0.002450106,0.010323617,3.29e-05,0.695,0.235
"25","cid24785538","CC1(C(=O)Nc2ccc(F)nc2)CCCN1c1nc(Nc2cc(C3CC3)[nH]n2)c2cccn2n1",461.21,10,3,116.13,7,6,9,11,0,30,1,0,0.376,0.348,110.452,0,0,1,0,-4.196494692,3.134837786,3.410509907,8.574373649,5.318849304,-5.210925199,0.166228727,0.727321148,5e-05,1.54e-05,0.002460599,0.002771914,0.191682816,0.999758065,0.999973893,0.002817209,0.999999881,1.19e-05,0.987558901,97.72427193,0.450117284,2.192631299,0.499555022,0.838290513,0.003206945,0.895323575,0.905807614,0.000106356,0.979615688,0.788727701,0.134155422,0.000644483,2.56e-08,0.999999881,0.245485425,3.448335955,0.711445198,0.806369662,0.989123821,0.715414524,0.782031536,0.964912653,0.016449781,0.877135575,6.45e-11,0.001431394,0.92347604,0.925505817,0.921507597,0.859652996,0.435624391,0.971987188,0.999981761,0.265680969,0.27367264,0.922311127,0.66768235,0.101169594,0.001330453,0.766399562,0.326318592,0.00074456,0.803902686,0.956178784,0.781873286,0.007998763,0.902168512,0.455724984,0.478,0.008
"26","cid137699558","CC(C)N(CCCNC(=O)Nc1ccc(C(C)(C)C)cc1)CC1OC(n2cnc3c(N)ncnc32)C(O)C1O",540.32,12,6,163.68,12,4,9,12,0,22,4,1,0.256,0.556,89.333,1,0,1,1,-3.415785865,2.74832078,2.882038742,8.557298086,7.566115212,-5.811620057,0.345704734,0.007051995,0.844263494,0.781080574,0.799583867,0.922405966,0.99855483,0.99619776,0.999779522,1.24e-05,0.947513163,4.27e-06,0.766564012,71.58710724,0.071387308,26.53054295,1.05e-10,2.16e-07,1.13e-08,1.25e-05,3.34e-06,0.001599857,0.002695415,0.003741012,0.047618702,0.000226446,1.44e-15,0.997161984,0.382964551,5.82106444,0.965246297,0.729374528,0.945547044,0.612056315,0.55349499,0.768145561,0.476553321,0.100379698,6.27e-10,0.000499333,0.755602062,0.65196985,0.992775798,0.984890163,0.58302778,0.781171978,0.999604046,0.201551124,0.628077567,0.932767034,0.006946298,1.01e-06,5.25e-07,8.49e-06,0.175412402,4.96e-05,2.07e-07,0.053756528,1.94e-05,2.91e-06,0.003017462,0.009295985,0.244,0.011
"27","cid76446078","CC(C)N(CCCNC(=O)Nc1ccc(C(C)(C)C)cc1)CC1OC(n2cnc3c(N)ncnc32)C(O)C1O",540.32,12,6,163.68,12,4,9,12,0,22,4,1,0.256,0.556,89.333,1,0,1,1,-3.415785865,2.74832078,2.882038742,8.557298086,7.566115212,-5.811620057,0.345704734,0.007051995,0.844263494,0.781080574,0.799583867,0.922405966,0.99855483,0.99619776,0.999779522,1.24e-05,0.947513163,4.27e-06,0.766564012,71.58710724,0.071387308,26.53054295,1.05e-10,2.16e-07,1.13e-08,1.25e-05,3.34e-06,0.001599857,0.002695415,0.003741012,0.047618702,0.000226446,1.44e-15,0.997161984,0.382964551,5.82106444,0.965246297,0.729374528,0.945547044,0.612056315,0.55349499,0.768145561,0.476553321,0.100379698,6.27e-10,0.000499333,0.755602062,0.65196985,0.992775798,0.984890163,0.58302778,0.781171978,0.999604046,0.201551124,0.628077567,0.932767034,0.006946298,1.01e-06,5.25e-07,8.49e-06,0.175412402,4.96e-05,2.07e-07,0.053756528,1.94e-05,2.91e-06,0.003017462,0.009295985,0.244,0.011
"28","cid56646779","Cc1ccccc1C(C(=O)NC1CCCCC1)N(C(=O)Cc1ccncc1)c1cccc(F)c1",459.23,5,1,62.3,9,4,6,6,0,26,1,0,0.522,0.321,73.135,0,1,1,0,-4.819010768,3.545913553,3.82571268,9.528979457,6.336179191,-4.984863757,0.109942541,0.992124259,0.007327373,9.2e-05,0.002111137,0.013187706,0.212779164,0.921697021,0.997793078,0.000305129,0.999999762,0.283640325,0.675669074,97.11750153,-0.228634498,2.531679207,0.004869169,0.899890542,0.990322411,0.976474941,0.008584313,0.967101812,0.17699866,0.999969363,0.996593058,0.990585148,2.88e-05,0.99985826,0.998659134,3.401614411,0.432450408,0.305304289,0.464465648,0.082001269,0.487476677,0.638233066,0.167224273,0.105802372,2.25e-05,0.134498611,0.57657212,0.570581734,0.758889437,0.395274192,0.269154608,0.587997735,0.70768249,0.032608137,0.069250189,0.323797584,0.003990288,0.01882215,1.9e-05,0.509777367,0.037323236,0.000956371,6.53e-05,0.378394902,0.00048739,0.340783536,0.075094141,0.006120063,0.86,0.001
"29","cid68056272","O=C(NC1CCCCC1)C(c1ccccc1Cl)N(C(=O)Cc1cccs1)c1cccc(F)c1",484.14,4,1,49.41,9,4,6,7,0,25,1,0,0.427,0.308,73.765,0,1,1,0,-5.130808302,4.076478915,4.564929171,9.624067933,5.246543277,-4.967758097,0.008573735,0.681165218,5.91e-05,0.0005458,0.01127851,0.015146375,0.082969129,0.021472113,0.777849376,3.92e-08,0.999999881,0.350598991,0.558208823,98.91930981,0.024669431,0.640665422,0.000860196,0.9774459,0.999992609,0.934745312,0.176917508,0.011113956,0.076339684,0.999963284,0.999692917,0.528531194,0.003272007,0.999866009,0.99985218,2.020620816,0.719893375,0.364976466,0.986393392,0.126280263,0.358249694,0.518273115,0.074164778,0.088497445,7.52e-05,0.039734054,0.867943347,0.725067437,0.729121089,0.574477613,0.337001681,0.673420966,0.996329486,0.019039012,0.069347918,0.628274322,0.003111602,0.008886386,0.000128195,0.127509072,0.812259018,0.061627354,0.001508758,0.942994475,0.010185405,0.184691563,0.613552511,0.013500384,0.999,0
"30","cid124202324","CC(=O)CCCCCC(C(=O)Nc1nc(-c2ccccc2)cs1)C(=O)NC1CCCCN1C",470.24,7,2,91.4,13,3,6,8,0,20,2,0,0.374,0.52,58.737,0,0,1,0,-3.869710086,3.267859448,3.574217308,8.078181411,6.90986085,-5.21160982,0.351599813,0.025874864,0.005948263,0.001697898,0.005480826,0.094036937,0.351863265,0.341308236,0.80222255,8e-05,0.818016887,0.524726331,0.914565027,98.15995707,0.178091848,1.35494057,0.010542418,0.289564639,0.599784613,0.720188022,0.163719565,0.005559921,0.948329628,0.069159172,0.835886478,0.777204335,3.99e-07,0.027175849,0.995921731,4.415148313,0.628566059,0.319545388,0.849010229,0.236031249,0.308062494,0.210027054,0.318315744,0.376167715,4.09e-06,0.024286695,0.651897132,0.735815167,0.743121028,0.695663512,0.334780902,0.755832434,0.993547261,0.037516419,0.007044427,0.206635997,0.920235693,0.093111187,0.000869923,0.019194199,0.191512734,8.45e-05,0.010728288,0.993061721,0.759430707,0.003539324,0.922705889,0.476202071,0.304,0.013
"31","cid44484893","COc1ccc(NC(=O)Nc2ccc3c(c2)C(=O)N(C(C)CO)CC(C)C(CN(C)Cc2ccc4c(c2)OCO4)O3)cc1",590.27,11,3,121.83,11,5,12,11,0,31,3,1,0.335,0.375,95.455,1,0,1,1,-3.748546818,3.00326901,2.932569023,9.553358064,8.208400751,-5.553621924,0.951003611,0.454608351,0.007726273,0.012480736,0.006406605,3.54e-05,0.995789033,0.991857827,0.999901772,2.16e-07,0.99999392,0.010922487,0.816253424,93.2232961,0.154069292,4.941187538,0.999996185,1.53e-07,0.999866366,9.37e-08,0.571863174,0.99874109,0.99941504,0.9998914,0.195804536,0.356680006,4.26e-05,0.129578039,0.128015488,4.49715246,0.904600076,0.820480406,0.983985007,0.665266871,0.100229956,0.625386298,0.913859427,0.482815355,3.48e-08,0.00643784,0.608248174,0.819728255,0.8374722,0.697038352,0.85378921,0.951414227,0.995917499,0.334056199,0.121637665,0.919310272,0.975265205,0.027789103,5.25e-05,0.001075971,0.123850405,1.95e-07,2.1e-09,0.571671724,0.000470591,0.006629559,0.191586629,0.087720074,0.445,0.138
"32","cid73755588","CC1CN(C(C)CO)C(=O)c2cccc(NS(=O)(=O)c3ccc(F)cc3)c2OC1CN(C)C(=O)NC1CCCCC1",590.26,10,3,128.28,10,4,12,12,0,29,3,0,0.429,0.517,95.455,0,0,1,1,-4.814681076,2.597284755,2.962335585,7.854933613,4.799937672,-5.564374055,0.038727161,0.97418344,0.012688708,8.06e-05,0.000228822,0.000843167,0.071559668,0.693265736,0.93634218,0.02378799,0.999884367,0.986783028,0.892232239,96.41540884,-0.305580022,3.18590839,0.039411485,0.539162993,0.999999762,0.999726117,0.999507666,0.000995063,0.006520235,0.999952793,0.198928073,0.99795711,9.19e-09,0.989505231,0.999539852,2.208646308,0.693469771,0.313187301,0.986935556,0.027883604,0.080117136,0.310169786,0.181090236,0.205427274,6.6e-09,0.000706741,0.020133669,0.898609936,0.097957067,0.666271567,0.414905757,0.789933145,0.992812335,0.107649006,0.375111938,0.448992699,1.1e-05,0.079920121,4.22e-06,6.82e-07,0.000722867,9.01e-09,2.41e-08,0.005090773,6.45e-07,1.37e-07,0.001430392,7.44e-09,0.263,0
"33","cid44486219","CC1CN(C(C)CO)C(=O)c2cccc(NS(=O)(=O)c3ccc(F)cc3)c2OC1CN(C)C(=O)NC1CCCCC1",590.26,10,3,128.28,10,4,12,12,0,29,3,0,0.429,0.517,95.455,0,0,1,1,-4.814681076,2.597284755,2.962335585,7.854933613,4.799937672,-5.564374055,0.038727161,0.97418344,0.012688708,8.06e-05,0.000228822,0.000843167,0.071559668,0.693265736,0.93634218,0.02378799,0.999884367,0.986783028,0.892232239,96.41540884,-0.305580022,3.18590839,0.039411485,0.539162993,0.999999762,0.999726117,0.999507666,0.000995063,0.006520235,0.999952793,0.198928073,0.99795711,9.19e-09,0.989505231,0.999539852,2.208646308,0.693469771,0.313187301,0.986935556,0.027883604,0.080117136,0.310169786,0.181090236,0.205427274,6.6e-09,0.000706741,0.020133669,0.898609936,0.097957067,0.666271567,0.414905757,0.789933145,0.992812335,0.107649006,0.375111938,0.448992699,1.1e-05,0.079920121,4.22e-06,6.82e-07,0.000722867,9.01e-09,2.41e-08,0.005090773,6.45e-07,1.37e-07,0.001430392,7.44e-09,0.263,0
"34","cid54639126","CN1CCN(C(=O)CC2C=CC(NS(=O)(=O)c3cccc(F)c3)C(CO)O2)CC1",427.16,8,2,99.18,7,3,6,10,0,21,3,1,0.618,0.526,69.655,0,0,1,0,-1.719754795,0.995905024,0.532533241,8.320543023,6.232024091,-5.58824246,0.01365643,0.023696894,0.87071538,5.75e-05,0.002329051,0.019597411,0.005250514,0.002040244,0.001577585,2.54e-05,0.986002922,0.819091916,0.991840363,58.67412886,0.036351905,38.73009339,2.1e-05,0.000560552,0.992017746,1.31e-05,0.977262139,1.12e-05,0.00080943,0.091573969,0.13813737,1.1e-06,1.51e-06,5.72e-05,0.943644702,5.839596469,0.748356867,0.242337599,0.78195703,0.50270015,0.432794392,0.351527631,0.672759771,0.334294498,0.007206447,0.26356405,0.572144389,0.745048463,0.93556273,0.587618291,0.288399875,0.804282904,0.993285537,0.031545237,0.024713723,0.125148714,0.000393868,0.01827674,6.76e-05,5.48e-06,0.021429995,0.001043713,1.59e-07,0.097608775,0.001109034,4.47e-05,0.000940958,1.05e-05,0.309,0
"35","cid44487872","Cc1noc(C)c1NC(=O)Nc1ccc2c(c1)C(=O)N(C(C)CO)CC(C)C(CN(C)CC1CCCCC1)O2",541.33,10,3,120.17,10,4,12,10,0,26,3,1,0.444,0.621,87.957,0,0,1,1,-4.348040567,3.324545839,3.851955953,9.153516949,8.20953956,-5.523044823,0.015690211,0.089940429,0.005507597,7.15e-07,5.61e-05,0.001252294,0.480331659,0.880954921,0.956761897,2.83e-07,0.991725445,0.789044976,0.999977827,64.35910748,0.128413915,27.25734414,0.99187535,4.53e-07,0.994650185,4.19e-08,0.027292201,0.742598951,0.011241077,0.960059702,0.040107381,0.265915394,0.036037002,0.383976817,0.955019891,4.221556509,0.706963563,0.538688302,0.988611877,0.201303333,0.168491364,0.755110979,0.777362049,0.138562828,3.69e-08,0.000506051,0.757634282,0.959326923,0.589499652,0.971288145,0.887034595,0.958099782,0.906926453,0.421489626,0.206403211,0.71060735,1.94e-06,0.001079542,2.12e-11,2.42e-05,0.000135196,2.3e-10,3.03e-11,0.004230513,2.32e-05,0.000110705,7.92e-06,3.44e-08,0.175,0.003
"36","cid123894352","CC1CN(C(C)CO)C(=O)c2cccc(NC(=O)c3ccncc3)c2OC1CN(C)Cc1ccc2c(c1)OCO2",546.25,10,2,113.46,9,5,12,10,0,31,3,1,0.442,0.367,92.659,0,0,1,1,-3.322706317,2.757443625,2.565786743,9.224398302,8.052206275,-5.510596116,0.479641974,0.442088783,0.02576348,0.000848532,0.001212299,0.00067091,0.493665338,0.832865357,0.91276747,0.012042065,0.988192976,0.557935476,0.860949874,79.17000335,0.131469961,13.89270019,0.99990356,4.45e-06,0.999973297,7.04e-06,0.984817088,0.993413031,0.999961734,0.999994516,0.058086544,0.210044786,0.03219153,1.99e-05,0.992336094,4.016673314,1.075149932,0.84362936,0.972015321,0.609730184,0.187351942,0.576278806,0.975710094,0.391967207,3.51e-09,0.007961607,0.433974802,0.72684145,0.841065049,0.587560654,0.571957886,0.900410354,0.934162259,0.284553319,0.061518509,0.787335753,0.861227274,0.147898719,0.000397022,0.002036222,0.043425165,3.25e-06,8.66e-08,0.289418817,0.000864197,0.001045957,0.007921991,0.00755437,0.199,0.002
"37","cid44493952","CC1CN(C(C)CO)C(=O)c2cccc(NC(=O)c3ccncc3)c2OC1CN(C)Cc1ccc2c(c1)OCO2",546.25,10,2,113.46,9,5,12,10,0,31,3,1,0.442,0.367,92.659,0,0,1,1,-3.322706317,2.757443625,2.565786743,9.224398302,8.052206275,-5.510596116,0.479641974,0.442088783,0.02576348,0.000848532,0.001212299,0.00067091,0.493665338,0.832865357,0.91276747,0.012042065,0.988192976,0.557935476,0.860949874,79.17000335,0.131469961,13.89270019,0.99990356,4.45e-06,0.999973297,7.04e-06,0.984817088,0.993413031,0.999961734,0.999994516,0.058086544,0.210044786,0.03219153,1.99e-05,0.992336094,4.016673314,1.075149932,0.84362936,0.972015321,0.609730184,0.187351942,0.576278806,0.975710094,0.391967207,3.51e-09,0.007961607,0.433974802,0.72684145,0.841065049,0.587560654,0.571957886,0.900410354,0.934162259,0.284553319,0.061518509,0.787335753,0.861227274,0.147898719,0.000397022,0.002036222,0.043425165,3.25e-06,8.66e-08,0.289418817,0.000864197,0.001045957,0.007921991,0.00755437,0.199,0.002
"38","cid54639701","CC(NC(=O)CC1CCC(NC(=O)CN2CCOCC2)C(CO)O1)c1ccccc1",419.24,8,3,100.13,10,3,6,8,0,20,4,0,0.571,0.636,59.5,0,0,1,0,-1.652273626,0.923213356,0.607157931,8.810626555,6.905435542,-5.476814206,0.967570603,0.003622284,0.230836615,0.269671202,0.02053839,0.144517064,0.674329132,0.138650715,0.70119673,7.06e-06,0.671926439,0.347787946,0.970564127,54.38522266,-0.1890098,45.99403265,3.72e-09,0.000842318,0.962351382,3.3e-05,3.25e-06,0.00010447,0.003528473,0.198277459,0.000410757,8.15e-05,3.74e-08,0.000179751,0.607146323,5.433070328,0.8636827,0.451614439,0.418845534,0.307201356,0.290173441,0.237741977,0.607751787,0.308453739,3.84e-06,0.024086703,0.250044107,0.596250534,0.867576301,0.439971894,0.06318374,0.576526165,0.517651439,0.059375577,0.022144854,0.178353488,0.000758342,0.005256332,0.001827525,0.002607828,0.112424642,0.00072185,0.000126308,0.581544816,0.00236497,0.002253671,0.000546187,0.029626301,0.009,0
"39","cid89183176","CC(=O)NC1CCN(C(=O)Nc2cc(-c3cccs3)ccc2N)CC1",358.15,6,4,87.46,6,3,6,7,0,19,0,0,0.737,0.333,41.083,0,0,0,0,-2.784090336,1.770343771,1.416741061,8.327705011,4.800553625,-5.263604273,0.468071759,0.040324066,0.990945339,0.118391037,0.890403412,0.849338934,0.993310277,0.827752829,0.90200299,0.008566593,0.860508621,0.017597504,0.505526364,86.92823025,0.073855304,11.8192621,0.000462034,0.193990499,0.120883279,0.011005056,0.022541169,0.000170952,0.130277798,0.024829898,0.554237008,0.005171934,4.39e-06,0.051180061,0.591344059,6.679734572,0.343653656,0.30409193,0.993364215,0.870041549,0.238073483,0.602017343,0.515282691,0.433693439,8.27e-08,0.031762369,0.970842242,0.908421338,0.744676232,0.798341393,0.760407567,0.894804239,0.999994636,0.160787225,0.041402437,0.502099156,0.958612382,0.022194497,0.218666807,0.008712932,0.928314805,0.002264037,0.034644503,0.994147658,0.821792126,0.066650696,0.915014446,0.766987324,0.139,0.178
"40","cid54618164","CC1CN(C(C)CO)S(=O)(=O)c2ccc(C#Cc3ccccc3F)cc2OC1CN(C)C(=O)Cc1ccncc1",565.2,8,1,100.04,7,4,12,10,0,29,3,0,0.461,0.333,85.05,0,0,1,1,-5.029063619,3.201024119,3.481530202,8.480400518,5.871085295,-5.554857313,0.297551215,0.603347898,0.002098268,8.54e-05,0.001649261,0.019196451,0.235771418,0.363520861,0.621434629,1.19e-05,0.999923229,0.005103076,0.897684336,96.18912495,-0.010734798,2.966833608,0.973266602,0.465351522,0.000313537,0.984760225,0.029029565,0.106107898,0.011042564,0.999964476,0.96733433,0.945486128,7.38e-08,0.999737442,0.192698941,5.576958247,0.534009444,0.266204476,0.897932351,0.320074916,0.487292111,0.641069055,0.817118645,0.448134482,1.4e-05,0.035050932,0.624064505,0.767561972,0.795801163,0.615775764,0.232210964,0.42988044,0.883704185,0.038608827,0.01005928,0.228533924,0.001023785,0.023037566,5.94e-07,0.021435985,0.00033873,5.34e-08,5.94e-07,0.022152027,7e-07,6.9e-06,2.55e-05,2.34e-06,0.585,0.124
"41","cid54618305","CC(C)CC#Cc1ccc2c(c1)OC(CN(C)C(=O)c1cnccn1)C(C)CN(C(C)CO)S2(=O)=O",514.22,9,1,112.93,7,3,12,10,0,23,3,1,0.589,0.5,72.538,0,0,1,1,-4.29200854,3.010114151,2.999419041,8.324581641,4.876685571,-5.187417121,0.981750786,0.00037304,0.002922488,6.84e-05,0.003714681,0.014012277,0.959530674,0.035273675,0.002524972,0.000264183,0.967921495,0.052803695,0.958606482,85.41054844,0.223901584,9.114583268,0.977630794,0.034901489,0.997324705,0.110522151,0.997911155,0.000317875,0.061699547,0.631201208,0.999995589,0.56943202,0.001657537,0.770287156,0.457208574,7.900737252,0.856065554,0.355063945,0.981215,0.29824397,0.26707688,0.813257635,0.6001333,0.501251459,2.09e-06,0.021324871,0.66719389,0.869738162,0.466817617,0.847513258,0.380201638,0.783589542,0.948774397,0.150603488,0.013856153,0.348029912,0.000106156,0.005881576,6.4e-08,0.001444944,0.000656129,7.12e-09,2.28e-07,0.003639611,7.26e-08,1.15e-06,8.65e-06,7.11e-07,0.459,0.003
"42","cid44498493","CC(C)NC(=O)Nc1ccc2c(c1)CC(=O)N(C(C)CO)CC(C)C(CN(C)S(C)(=O)=O)O2",484.24,10,3,128.28,9,2,13,11,0,18,3,1,0.535,0.636,64.444,0,0,1,0,-2.051896129,1.122959792,0.769431662,7.855067616,7.028811949,-5.507459657,0.014267771,0.311093599,0.042086039,0.000159383,0.000489235,0.002216041,0.358279645,0.384343803,0.99367106,4.39e-07,0.999968648,0.024987947,0.996072054,65.41644479,0.016134568,37.88556318,0.927095234,0.00715028,0.933160305,0.021122899,0.265586972,1.23e-05,0.016056245,0.923274815,0.983541191,0.011121374,8.81e-08,0.866075337,0.113477044,5.957686783,0.877107995,0.041172586,0.976230264,0.396751255,0.181310892,0.441988885,0.055712774,0.675849676,8.42e-08,0.003186418,0.079965591,0.901429653,0.24112764,0.773005605,0.721040368,0.471272767,0.99979049,0.077019677,0.007724972,0.166504845,5.77e-07,0.001781601,1.11e-07,1.86e-08,0.160236418,1.72e-09,2.56e-11,8.56e-06,9.01e-10,1.59e-10,5.88e-09,1.75e-09,0.066,0.002
"43","cid54639665","CN(C)CC(=O)NC1CCC(CCNC(=O)Nc2ccc(F)cc2)OC1CO",396.22,8,4,102.93,11,2,6,9,0,14,3,0,0.523,0.579,46.667,0,0,0,0,-1.837131005,1.091820398,0.791958501,9.02471502,7.307791265,-5.636314728,0.83336854,0.003484138,0.039289545,0.103081286,0.001159728,0.013825297,0.99523472,0.94060111,0.999908686,9.21e-08,0.936662078,0.84164995,0.084020242,32.12362117,0.04141058,68.79791995,1.14e-05,0.007974795,0.942147255,5.43e-05,0.000147715,2.1e-06,0.000362793,2.15e-05,0.003564622,0.023021858,6.5e-10,0.747877896,0.992040694,7.592026488,0.656222827,0.570495367,0.42272529,0.598912299,0.42032215,0.526745975,0.814185262,0.22621876,4.88e-06,0.01176315,0.344302267,0.757363617,0.849525034,0.710508287,0.388477743,0.862568378,0.996174335,0.065175638,0.071348876,0.315672159,0.023242926,8.82e-05,1.66e-08,0.00018014,0.002734604,2.09e-08,4.47e-11,0.028378861,3.26e-07,2.04e-06,2.27e-05,8.47e-05,0.083,0
"44","cid44491742","CC1CN(C(C)CO)C(=O)c2cc(N(C)C)ccc2OC1CN(C)Cc1ccc(Cl)c(Cl)c1",493.19,6,1,56.25,7,3,12,8,0,20,3,1,0.618,0.48,69.568,0,1,1,0,-3.935791703,3.276070901,3.64860174,9.930052993,7.666861659,-5.483582264,0.328649014,0.586932302,0.033795189,0.00029844,0.000156164,0.002087057,0.57850799,0.980100334,0.989248753,0.001858848,0.998453259,0.985751033,0.808095813,93.9184019,0.161788998,4.004310621,0.999999285,2.64e-05,0.735525608,1.23e-05,0.636456072,0.935775101,0.982629418,0.999064744,0.046700198,0.632421851,0.991031289,0.738422632,0.834469378,7.719737841,0.756804935,0.633624673,0.619445086,0.411106527,0.287381589,0.246338844,0.940972388,0.756278872,0.002981802,0.171144426,0.86868,0.706337333,0.850513697,0.88542968,0.847236335,0.966064095,0.956283867,0.198920116,0.453667521,0.915355325,0.020960752,0.291763455,0.000516714,0.013596614,0.016400509,4.9e-06,2.39e-06,0.166422173,3.06e-05,0.002525015,0.002768886,0.002081283,0.133,0.001
"45","cid71466380","CN(C)CC1CN(C(=O)Nc2cc(-c3ccc(F)cc3)ccc2N)C1",342.19,5,3,61.6,6,3,6,6,0,17,0,0,0.84,0.316,40.32,0,0,0,0,-2.511334024,1.962192656,1.882588067,9.776625005,8.552228636,-5.354377569,0.49144268,0.012828041,0.094160616,1.5e-05,3.81e-06,2.57e-05,0.02572906,0.889782131,0.473304003,0.017523769,0.947021782,0.998006284,0.526875854,79.4534312,0.70434746,18.77697616,7.36e-06,2.37e-06,0.999969959,3.27e-05,0.865595341,0.000490518,0.997961879,0.11134401,0.999312997,6.71e-07,0.003587984,0.00267697,0.012128943,8.463096653,1.149020546,0.880982876,0.949920893,0.895448685,0.681606889,0.853219807,0.767845154,0.87530762,7.08e-05,0.025532342,0.925907612,0.942450225,0.997153401,0.898011267,0.833499134,0.997112036,0.999699473,0.250692368,0.301168263,0.725631118,0.181099489,0.175264552,0.0002775,0.012244285,0.120742343,1.62e-05,1.14e-05,0.022963468,0.00119514,0.002229603,0.00269051,0.037821129,0.325,0.24
"46","cid613753","COc1cc(CCC(=O)N2CCC=CC2=O)cc(OC)c1OC",319.14,6,0,65.07,7,2,6,6,0,14,0,0,0.802,0.412,28.167,0,0,0,0,-2.480397544,2.066833529,1.736985248,8.067033096,4.989120771,-4.724359199,0.020323152,0.930928826,0.085455678,0.001985431,0.011199236,0.026345849,0.494426847,0.670212865,0.866936564,0.021235546,0.999577343,0.662774324,0.818275213,83.45452636,-0.141972516,15.4681979,0.783723652,0.224981889,0.999553978,0.973683774,0.881586432,0.000380295,0.000471014,0.95185709,0.994873822,0.010673296,0.00204338,0.999964118,0.620276988,6.556863061,1.251281492,0.178393871,0.399238199,0.364360303,0.461279571,0.56671381,0.722836077,0.528288126,0.234500855,0.890547633,0.719246864,0.493976563,0.775325716,0.253851235,0.452460676,0.308166981,0.696471453,0.061295789,0.04090374,0.34768334,0.003568011,0.003690698,9.87e-05,0.035185136,0.14971973,0.000781658,3.07e-05,0.051239297,0.000761112,0.000320928,0.010703549,0.004864028,0.024,0.005
"47","cid54618359","CC1CN(C(C)CO)C(=O)c2cc(C#CC3(O)CCCC3)cnc2OC1CN(C)C(=O)C1CCOCC1",513.28,9,2,112.43,6,4,12,9,0,27,3,0,0.578,0.679,92.383,0,0,1,1,-3.129376859,2.120101045,1.623707101,7.97091824,5.28291899,-5.408954598,0.792455077,0.03356478,0.000357529,0.001033545,0.00155586,0.001051486,0.938440584,0.157762736,0.769794941,0.024083201,0.99995327,0.010574339,0.925750971,73.59971895,0.052544576,13.99608029,8.78e-06,0.912157893,0.549346685,0.000147468,0.999977231,9.67e-09,2.96e-05,0.999789059,0.998383045,6.03e-09,0.000251468,0.999999404,0.992696583,7.524262701,1.462432861,0.096478023,0.557267904,0.39631772,0.159402937,0.301818669,0.629783332,0.72012043,1.17e-07,0.009342588,0.488535613,0.818852305,0.383596271,0.947255135,0.355561286,0.854754865,0.407916427,0.144386277,0.003192263,0.335398197,2.86e-07,0.001081401,1.73e-09,0.005949602,0.002825704,2.13e-08,1.45e-06,0.000745517,2.64e-05,2.26e-05,4.82e-08,4.03e-08,0.018,0.003
"48","cid44505237","CC1CN(C(C)CO)C(=O)CCCn2cc(nn2)COC1CN(C)Cc1ccc2c(c1)OCCO2",487.28,10,1,102.18,6,4,14,10,0,28,4,1,0.657,0.64,79.098,0,0,1,0,-1.71332254,1.050552126,0.760663173,8.828670162,8.265562547,-5.330508837,0.092749707,0.005982967,0.095876306,1.92e-05,1.51e-05,1.5e-05,0.010173082,0.004484513,0.312150925,5.2e-05,0.970379233,0.993350208,0.979472518,53.52377964,0.094220337,47.4319818,0.996666253,6.73e-08,0.999905467,1.72e-08,0.537853837,8.84e-08,0.995987952,0.07373254,0.993540585,1.33e-11,0.000910876,2.26e-06,0.9930529,8.771163065,0.949683367,0.466930389,0.615759075,0.568406761,0.162026718,0.388412833,0.794868469,0.784796476,0.000152612,0.021757085,0.591246665,0.787206173,0.869441152,0.849508941,0.447605312,0.780310571,0.576857507,0.147785783,0.03221548,0.428010732,0.000102474,0.004284317,2.14e-08,5.95e-06,0.000429245,5.28e-10,1.62e-09,0.000140763,1.92e-07,9.63e-07,1.63e-09,1.34e-07,0.024,0.001
"49","cid55508","Cc1c([N+](=O)[O-])oc2ccc3ccccc3c12",227.06,4,0,56.28,1,3,13,4,0,16,0,1,0.469,0.077,16,0,1,0,0,-5.084106712,3.550465342,3.70539312,8.934617487,1.663060952,-4.62144726,0.787258148,0.004718244,0.036777843,0.000137687,0.002790749,0.005263865,0.175688684,0.039004989,0.483690083,0.424079359,0.922849953,0.960915208,0.999918818,98.71301975,-0.384117219,0.843247547,0.987643838,0.981337667,0.992524803,0.442779392,0.946054757,0.448878437,0.806917727,0.377173662,0.962308168,0.984028876,0.865646303,0.918300807,0.143746004,4.752127692,1.302614219,0.020792929,0.999999285,0.999637604,0.508392632,0.185974017,0.999873042,0.998804092,0.040552035,0.956289291,0.875951111,0.101103269,3.1e-05,0.003346404,0.556170046,0.007126508,1,0.142037496,0.197429344,0.541043878,0.948233545,0.057806805,0.844881952,0.789349496,0.91569376,0.650150955,0.511553705,0.969640017,0.604157805,0.751733243,0.9964903,0.964806676,0.808,0.397
"50","cid44494015","CC1CN(C(C)CO)C(=O)Cc2cc(NC(=O)Nc3ccc(F)cc3)ccc2OC1CN(C)Cc1ccc(C(=O)O)cc1",592.27,10,4,131.44,11,4,13,11,0,29,3,1,0.289,0.344,86.023,0,0,1,1,-3.478894666,2.344801019,2.498626403,6.083692832,6.872054176,-5.720051708,0.925466299,0.642689586,0.004578252,0.000140548,3.55e-05,5.48e-06,0.554659843,0.288402349,0.999377072,5.91e-09,0.999999166,5.57e-05,0.96934849,90.31059122,-0.413300858,5.814096777,0.000656269,5.42e-06,0.000101403,1.6e-06,2.58e-06,0.012568215,1.52e-06,0.001322152,0.139157608,3.1e-07,9.5e-15,0.999981165,3.33e-05,1.012000326,1.494149794,0.591085613,0.953208983,0.465686798,0.178529575,0.489377171,0.539964199,0.178736657,7.45e-08,0.010764939,0.344989538,0.847144783,0.876672208,0.871701896,0.792756081,0.987612188,0.99781692,0.064969033,0.024752999,0.555041254,0.014240281,0.001714858,7.52e-09,2.55e-05,0.005289783,2.82e-09,2.13e-09,0.377364039,3.06e-08,8.68e-05,0.001096278,1.79e-05,0.237,0.529
"51","cid44486093","CC(C)NC(=O)N(C)CC1Oc2ccc(N(C)C)cc2C(=O)N(C(C)CO)CC1C",420.27,8,2,85.35,8,2,12,8,0,15,3,0,0.736,0.636,57,0,0,1,0,-2.468442563,1.894068462,1.678112174,9.945489493,6.652822019,-5.272846164,0.048097044,0.398110926,0.602656484,0.404145956,0.327970624,0.267045319,0.978492331,0.995509624,0.992632926,0.00387955,0.959877431,0.313651204,0.991110802,83.82828053,0.068483845,18.60114164,0.987960517,0.007315486,0.99964416,0.000235537,0.09132079,4.67e-05,0.056863621,0.097549215,0.505092919,0.44081533,0.003060759,0.883677185,0.976224005,7.769740842,0.958133428,0.083748087,0.472586334,0.465917349,0.212221101,0.135218188,0.262544096,0.77499783,3.45e-05,0.257374078,0.77541858,0.659145057,0.62232697,0.848661065,0.853008986,0.792435646,0.998717427,0.141483486,0.048661467,0.432402283,0.000818344,7.54e-05,7.61e-08,0.000193827,0.9001531,7.84e-08,1.61e-10,9.06e-05,7.31e-07,2.28e-11,2.25e-08,2.03e-08,0.018,0
"52","cid11257553","Cc1c(-c2ccnc(Nc3ccc(N4CCNCC4)cc3)n2)sc(=O)n1C",382.16,7,2,75.08,4,4,6,8,0,24,0,0,0.722,0.316,48.72,0,0,0,0,-3.015827574,2.405638022,1.945606202,8.610075177,5.902779177,-5.232605198,0.370051891,2.03e-05,0.037150521,0.002240777,0.081532896,0.170743227,0.97465964,0.997421861,0.999882936,1.74e-05,0.964128137,0.006061793,0.989922941,91.41450176,0.311339419,9.296037331,0.897510588,0.003770655,0.357959479,0.018441642,6.49e-06,0.003583962,0.099104203,0.008165207,0.998755813,0.148167208,6.87e-06,0.066031598,0.000868519,4.277447624,0.479458988,0.849792182,0.993984759,0.6630463,0.828685284,0.283224493,0.108039893,0.623090565,6.5e-05,0.252750367,0.983292758,0.961822808,0.951832592,0.804830551,0.523498297,0.990258336,0.999918222,0.141086891,0.175944105,0.418056667,0.983514428,0.062706202,0.027142098,0.026476657,0.491469383,0.00103619,0.009091165,0.995589137,0.421027869,0.042701483,0.097064666,0.026119096,0.461,0.666
"53","cid44495899","CNCC1Oc2ccc(N(C)C)cc2CC(=O)N(C(C)CO)CC1C",349.24,6,2,65.04,5,2,13,6,0,15,3,1,0.834,0.632,48.871,0,0,0,0,-1.535783941,0.943872453,0.99922743,10.27662775,8.935564651,-5.417651443,0.213805899,0.065569475,0.062337361,3.93e-06,9.98e-05,0.000257909,0.439779758,0.018161263,0.166369006,0.000921128,0.132998273,0.980837047,0.968979776,60.38760173,0.15340626,39.1918677,0.999996901,3.81e-11,0.999983549,4.54e-14,4.07e-05,0.250637144,0.167704105,0.999345005,0.277204096,0.000224746,1.44e-06,4.04e-06,0.00059728,9.756452181,1.032209752,0.254965395,0.055823442,0.176162973,0.32734865,0.259931237,0.497781694,0.636940002,0.014292336,0.289153278,0.896445036,0.657016695,0.569862485,0.851166129,0.767889619,0.806149185,0.647527754,0.110494509,0.099293821,0.451260746,0.000139541,0.001065776,1.41e-05,5.33e-05,0.104522906,4.25e-07,1.29e-07,0.00010459,3.21e-06,4.03e-05,7.07e-08,9.91e-06,0.043,0.001
"54","cid54618795","CC1CN(C(C)CO)S(=O)(=O)c2ccc(C#Cc3ccncc3)cc2OC1CN(C)C(=O)Nc1ccc2c(c1)OCO2",592.2,11,2,130.53,7,5,12,12,0,33,3,0,0.432,0.333,99.2,1,0,1,1,-4.985003631,3.282408218,3.519519812,9.2275388,5.710353444,-5.762486866,0.728667617,0.447954535,0.000928948,1.57e-05,0.000279486,1.69e-05,0.122621834,0.676414907,0.841791928,7.45e-07,0.999995232,0.00441664,0.831535816,96.26348655,-0.101190659,3.127334185,0.999337614,0.947056711,0.042477563,0.998793483,0.894152522,0.999991417,0.932613015,0.999999642,0.261757553,0.999999881,8.27e-06,0.999978781,0.013435218,3.961564091,1.057843374,0.466544896,0.978257716,0.478231013,0.293715388,0.820609152,0.83005029,0.758633733,1.57e-06,0.018207559,0.467950404,0.844658196,0.367386311,0.70207274,0.480762869,0.476315469,0.951617062,0.128948674,0.020043587,0.522986233,0.989999235,0.143450975,2.9e-06,0.160810664,0.001528736,6.5e-08,5.81e-08,0.63181895,5.86e-05,8.01e-05,0.236176699,0.000292305,0.555,0.071
"55","cid60168763","CC1CN(C(C)C)C(=O)c2cccc(NC(=O)c3ccncc3)c2OC1CN(C)Cc1ccc(Oc2ccccc2)cc1",578.29,8,1,84,10,5,12,8,0,33,2,0,0.244,0.286,90.867,0,0,1,1,-5.293708491,3.862745527,4.839472229,10.15998984,7.581157648,-5.203008802,0.014555736,0.978015602,0.056403153,0.000414789,0.004931331,0.033510625,0.58099848,0.983610034,0.901192427,0.064005844,0.999946237,0.253834993,0.977521777,98.73234358,0.057148148,1.167849077,0.697732747,0.059062831,0.99052763,0.10289786,0.035828795,0.008118098,0.820644379,0.27104795,0.653063178,0.945392966,0.093783319,0.016279712,0.998489499,5.594375483,0.579238196,0.968218267,0.991132081,0.701746583,0.150135517,0.725988567,0.94779259,0.40702042,1.18e-09,0.011208896,0.610427141,0.695007861,0.967992783,0.517488778,0.542065084,0.89283663,0.953460753,0.18080312,0.123616561,0.923435807,0.457849801,0.00138656,3.41e-08,0.014897313,0.21651201,7.82e-07,2.7e-09,0.015241198,1.2e-06,1.48e-06,0.031618651,4.57e-06,0.387,0.009
"56","cid139031980","COc1ccc(C#CC2=CCCN(C(=O)C=Cc3cc(OC)c(OC)c(OC)c3)C2=O)cc1",447.17,7,0,74.3,7,3,6,7,0,22,0,0,0.499,0.231,40.375,0,1,1,0,-4.843546167,3.798678118,3.636573938,9.641779053,4.38084384,-4.763717105,0.012805809,0.549874246,5.7e-05,0.013463318,0.032602012,0.004986584,0.617206454,0.554812551,0.999375165,0.069189414,0.999994755,0.384728998,0.119515233,96.87048084,-0.146628326,2.024102904,0.993059874,0.915549517,0.907277286,0.881861329,0.001043185,0.000117581,0.923555851,0.048093833,0.848822057,0.00254234,6.3e-05,0.999762595,0.947004139,5.35183225,0.942101343,0.59541887,0.771015465,0.720261037,0.360608131,0.901040256,0.823112428,0.693158031,0.000134191,0.060528688,0.856126487,0.708499074,0.788997591,0.525272727,0.340479046,0.710839033,0.922350287,0.29971385,0.222005367,0.826254904,0.702451229,0.133606717,0.003166938,0.010109304,0.942094982,0.011324384,9.03e-06,0.734543681,0.030412499,0.026935365,0.604400456,0.099999093,0.989,1
"57","cid89928392","COc1ccc(C#CC2=CCCN(C(=O)C=Cc3cc(OC)c(OC)c(OC)c3)C2=O)cc1",447.17,7,0,74.3,7,3,6,7,0,22,0,0,0.499,0.231,40.375,0,1,1,0,-4.843546167,3.798678118,3.636573938,9.641779053,4.38084384,-4.763717105,0.012805809,0.549874246,5.7e-05,0.013463318,0.032602012,0.004986584,0.617206454,0.554812551,0.999375165,0.069189414,0.999994755,0.384728998,0.119515233,96.87048084,-0.146628326,2.024102904,0.993059874,0.915549517,0.907277286,0.881861329,0.001043185,0.000117581,0.923555851,0.048093833,0.848822057,0.00254234,6.3e-05,0.999762595,0.947004139,5.35183225,0.942101343,0.59541887,0.771015465,0.720261037,0.360608131,0.901040256,0.823112428,0.693158031,0.000134191,0.060528688,0.856126487,0.708499074,0.788997591,0.525272727,0.340479046,0.710839033,0.922350287,0.29971385,0.222005367,0.826254904,0.702451229,0.133606717,0.003166938,0.010109304,0.942094982,0.011324384,9.03e-06,0.734543681,0.030412499,0.026935365,0.604400456,0.099999093,0.989,1
"58","cid44484440","CNCC1Oc2ccc(NC(=O)CCN3CCOCC3)cc2CC(=O)N(C(C)CO)CC1C",462.28,9,3,103.37,9,3,13,9,0,22,3,0,0.523,0.667,64.6,0,0,1,0,-1.546999183,0.474936358,0.629845341,9.515947549,8.439251886,-5.500266445,0.921140075,0.001035123,0.000739293,1.19e-07,7.75e-06,1.31e-06,0.307727277,0.00024023,0.134564847,1.54e-07,0.793472409,0.649606705,0.988064706,39.64971081,0.043099207,58.99573376,0.99844259,2.64e-10,0.999999523,1.57e-15,2.42e-08,0.024660289,0.000781501,0.992668629,0.625030279,1.4e-06,7.09e-11,9.23e-07,6.37e-05,7.278954047,1.029429452,0.652786374,0.067885213,0.14119406,0.250921011,0.34471488,0.702968299,0.238915548,2.01e-05,0.003141416,0.534644723,0.676299155,0.843823731,0.680153787,0.393242717,0.881971955,0.152791202,0.103688605,0.021609152,0.340037674,8.16e-06,0.013891512,1.59e-06,2.42e-06,0.066284984,2.78e-08,5.76e-10,3.46e-05,4.95e-07,2.28e-07,2.6e-10,8.26e-06,0.069,0
"59","cid44620216","CC1CN(C(C)CO)C(=O)Cc2cc(NC(=O)c3ccncc3)ccc2OC1CN(C)C(=O)Nc1cccc2ccccc12",595.28,10,3,124.1,10,5,13,10,0,34,3,0,0.282,0.294,95.455,0,0,1,1,-3.873878877,2.608084648,2.396368768,9.281044141,6.456500266,-5.695258773,0.036332823,0.545348108,0.042975601,3.04e-05,0.001116335,0.037351787,0.895793058,0.423700273,0.988430262,0.00147162,0.988115311,0.015429948,0.895243287,88.26665954,-0.150351101,7.661857263,0.780879676,0.232806504,0.963054061,0.473828793,0.060903583,0.019883683,0.033711381,0.987389326,0.10698811,0.122587651,1.61e-08,0.977916181,0.948304832,3.716852992,0.736793443,0.806219757,0.99155277,0.458119422,0.217068642,0.735058367,0.541429996,0.274605125,9.18e-13,0.002541123,0.286339879,0.821613252,0.886054754,0.69974196,0.704100668,0.933271348,0.999296665,0.17693378,0.040834162,0.794397771,0.928625047,0.038612135,1.92e-06,7.03e-05,0.051490359,2.84e-08,6.08e-08,0.125018254,1.04e-05,2.19e-06,0.00349543,9.09e-05,0.25,0.058
"60","cid44490293","CNCC1Oc2ccc(NS(C)(=O)=O)cc2CC(=O)N(C(C)CO)CC1C",399.18,8,3,107.97,6,2,13,9,0,17,3,1,0.64,0.611,55.69,0,0,0,0,-1.371305196,0.079412717,-0.070562285,8.922483296,7.66798779,-5.519392416,0.060581408,0.08507093,0.061725035,0,1.68e-05,4.67e-05,0.145279706,8.61e-05,0.050179172,0.000573406,0.185989574,0.66909796,0.997068942,26.57357439,-0.082056148,77.07523199,0.999949813,2.18e-11,0.99999094,6.38e-12,5.85e-05,0.559202611,0.013692202,0.999923229,0.996336818,4.5e-05,1.96e-08,3.37e-06,4.2e-05,7.708251691,1.101168112,0.621085703,0.270849794,0.082318224,0.437686294,0.482620925,0.489352465,0.316376954,4.81e-05,0.001504704,0.264649242,0.896585286,0.136815846,0.873916209,0.637620926,0.638011575,0.899523675,0.117970414,0.125455275,0.203048825,2.09e-07,0.137307867,1.37e-06,7.64e-09,0.000545583,2.05e-10,3.01e-11,9.56e-07,4.96e-09,7.22e-08,5.1e-08,4.05e-09,0.031,0
"61","cid54619267","CC1CN(C(C)CO)S(=O)(=O)c2ccc(C#CC3CCCC3)cc2OC1CN(C)C(=O)Nc1cc(F)ccc1F",575.23,8,2,99.18,7,4,12,11,0,28,3,0,0.514,0.483,94.419,0,0,1,1,-5.603782382,3.918565888,4.484047318,9.500765755,5.451081508,-5.547166534,0.001471126,0.991006792,6.73e-06,2.86e-06,1.55e-06,8.52e-05,0.005320787,0.373063266,0.558912158,1.71e-05,1,0.000490682,0.934597015,98.566882,0.07617873,1.201966719,0.998419404,0.759916842,0.998161614,0.984048486,0.9576267,0.04053022,0.30743888,0.701616406,0.998730004,0.999183357,0.499967098,0.999024987,0.089547396,6.800400496,0.587515076,0.30796349,0.986989677,0.536224127,0.648243189,0.963861704,0.202039286,0.351645887,0.000173125,0.085060105,0.97512871,0.912666082,0.772881091,0.868642807,0.233372986,0.803070903,0.88756305,0.096221104,0.00706107,0.755353451,0.000319744,0.045283202,1.09e-07,0.093297742,5.93e-05,7.21e-09,1.19e-06,0.450339168,4.77e-06,9.05e-05,0.104245648,1.16e-05,0.594,0.002
"62","cid54596558","Cc1cc(C)c(CNC(=O)c2cc(-c3ccc(N4CCNCC4)nc3)cc3c2cnn3C(C)C)c(=O)[nH]1",499.27,9,3,107.94,7,5,9,9,0,30,0,0,0.376,0.357,64.105,0,0,1,0,-4.150389521,2.572454548,2.583554032,9.307499083,6.901249314,-5.623661835,0.474412858,0.452379853,0.225743294,0.000216305,0.003013909,0.487782896,0.994865456,0.999999166,0.999996781,0.000590842,0.999979854,0.001708558,0.997480333,78.05016167,0.557379834,17.31225219,0.043530423,0.000525533,0.683790863,0.996256471,1.42e-05,4.17e-06,0.088349767,0.992117345,0.999998927,2.63e-05,1.76e-10,0.999964833,0.092492074,6.163500959,0.343193514,0.877084494,0.997053742,0.530709803,0.887537062,0.877983272,0.009188076,0.426955223,5.02e-11,0.001220959,0.986382723,0.982362449,0.995047212,0.984217644,0.835040927,0.996390283,0.999986053,0.144371957,0.198189944,0.293122619,0.009854285,1.33e-05,2.91e-07,0.003514762,0.002592709,2.06e-05,1.31e-07,0.045551602,0.356544316,0.011881487,7.52e-05,0.002759028,0.226,0.126
"63","cid44487330","CNCC1Oc2ccc(NC(=O)C3CCCCC3)cc2C(=O)N(C(C)CO)CC1C",417.26,7,3,90.9,7,3,12,7,0,21,3,1,0.662,0.652,66,0,0,1,0,-3.149244327,2.420852642,2.511674804,9.714255137,8.288531947,-5.709805459,0.960207522,0.089083403,8.43e-05,9.18e-06,2.38e-06,6.32e-06,0.003304839,0.136331275,0.790758312,6.8e-07,0.830211878,0.144206196,0.754738569,48.61608287,0.056602056,52.66159784,0.999990344,1.14e-11,0.999999762,7.94e-15,0.000731118,0.93030113,0.869143426,0.995731056,0.968403578,6.74e-05,3.24e-05,3.77e-06,0.002746384,6.916708943,0.70351184,0.565379024,0.291155159,0.163323238,0.100494482,0.676805258,0.310434997,0.129281834,1.26e-05,0.005150174,0.561926901,0.866252303,0.541227102,0.837602615,0.637920737,0.816064954,0.04992678,0.18256101,0.063159399,0.609553576,1.84e-05,0.001079868,1.92e-07,7.49e-05,0.010328465,4.69e-08,1.95e-07,0.00083165,2e-06,0.000161883,6.04e-07,6.5e-07,0.073,0.001
"64","cid1716436","C=CCNC1=C(Cl)C(=O)c2ccccc2C1=O",247.04,3,1,46.17,3,2,10,4,0,14,0,0,0.834,0.077,24,0,1,0,0,-4.842118316,2.629123633,3.039553471,8.358804908,1.898714592,-4.465891487,0.021550823,0.98813206,3.2e-08,0.05397886,5.96e-07,0.00241816,6.96e-05,0.765725255,0.961611271,7.07e-05,0.976782024,3.72e-06,0.002118962,97.8450658,-0.058843574,2.593921577,0.015608838,0.999999046,3.2e-05,0.999995351,0.002600426,0.999882221,5.87e-06,0.922264993,7.07e-07,0.182001248,1.57e-10,1,0.996664584,8.212806868,0.919408228,0.057608798,0.619838059,0.792301953,0.450338572,0.3384583,0.939985275,0.876068652,0.759620547,0.99594599,0.779009402,0.628121436,0.631446421,0.191110387,0.543090343,0.135124281,0.703502297,0.057495914,0.160680816,0.242438421,0.963386178,0.000708137,0.003285096,0.089916877,0.020356135,0.028987555,0.000620521,0.999462664,0.006299458,0.559813678,0.957620502,0.986690998,0.103,0.903
"65","cid44489367","CC1CN(C(C)CO)C(=O)c2cc(NC(=O)Cc3cn(C)c4ccccc34)ccc2OC1CN(C)C(=O)NC1CCCCC1",603.34,10,3,116.14,11,5,12,10,0,32,3,0,0.349,0.5,103.941,0,0,1,1,-5.271187297,3.548783052,4.002685128,9.869547878,6.304829746,-5.454180882,0.483000398,0.140317515,0.002967189,3.39e-05,0.001858473,8.75e-05,0.854370832,0.044203926,0.876993001,1.32e-06,0.999897242,0.886082709,0.990058362,83.94211155,0.078327133,10.97170197,0.021420607,0.197642237,0.997891963,0.0284405,0.851066351,4.6e-06,0.0112667,0.943944275,0.773653328,0.999787986,1.42e-08,0.781405628,0.999210835,5.651121086,0.537118627,0.32557404,0.847262919,0.436628759,0.196757093,0.653575003,0.223314703,0.405489445,3.83e-10,0.00050295,0.405028701,0.807669401,0.835246623,0.776453912,0.730288029,0.521310329,0.993397713,0.081368111,0.138973206,0.555590749,0.013797498,0.017076392,6.28e-06,0.002167758,0.045946285,2.83e-07,2.54e-06,0.289737761,0.00174302,0.000227961,0.001971131,4.05e-05,0.53,0.142
"66","cid1474550","Cc1[nH]nc2c1C(c1ccccc1)C1=C(CC(C)(C)CC1=O)N2",307.17,4,2,57.78,1,4,13,4,0,22,1,0,0.839,0.368,76.077,0,1,0,0,-4.393077726,3.031141786,3.056557469,9.259698427,4.602559149,-5.122995697,0.099480897,0.092649832,0.986239135,0.000624359,0.057364225,0.624452114,0.993725072,0.550875187,0.063603252,0.063594379,0.994927406,0.451246321,0.976425827,97.19195767,0.243294291,2.431012967,0.993169904,0.999586642,0.999996185,0.980464935,0.265523285,0.001611469,0.241413906,0.998152316,0.999915361,0.974236071,0.522188544,0.953811824,0.987507105,5.209163122,0.678821963,0.097109601,0.542081058,0.394294143,0.512699246,0.799763322,0.389856488,0.676567018,9.62e-05,0.18384169,0.818521142,0.858693242,0.827732027,0.707069993,0.51977843,0.81370616,0.944110215,0.046837859,0.055939894,0.260975838,0.860320449,0.078734741,0.01809711,0.944139659,0.103504047,0.054239307,0.085349999,0.871171951,0.673720896,0.724662483,0.964144528,0.919301629,0.017,0
"67","cid2763819","Cc1[nH]nc2c1C(c1ccccc1)C1=C(CC(C)(C)CC1=O)N2",307.17,4,2,57.78,1,4,13,4,0,22,1,0,0.839,0.368,76.077,0,1,0,0,-4.393077726,3.031141786,3.056557469,9.259698427,4.602559149,-5.122995697,0.099480897,0.092649832,0.986239135,0.000624359,0.057364225,0.624452114,0.993725072,0.550875187,0.063603252,0.063594379,0.994927406,0.451246321,0.976425827,97.19195767,0.243294291,2.431012967,0.993169904,0.999586642,0.999996185,0.980464935,0.265523285,0.001611469,0.241413906,0.998152316,0.999915361,0.974236071,0.522188544,0.953811824,0.987507105,5.209163122,0.678821963,0.097109601,0.542081058,0.394294143,0.512699246,0.799763322,0.389856488,0.676567018,9.62e-05,0.18384169,0.818521142,0.858693242,0.827732027,0.707069993,0.51977843,0.81370616,0.944110215,0.046837859,0.055939894,0.260975838,0.860320449,0.078734741,0.01809711,0.944139659,0.103504047,0.054239307,0.085349999,0.871171951,0.673720896,0.724662483,0.964144528,0.919301629,0.017,0
"68","cid54638372","O=C(CC1CCC(NC(=O)c2ccc(F)cc2)C(CO)O1)NCc1ccncn1",402.17,8,3,113.44,9,3,6,9,0,20,3,0,0.636,0.4,57.071,0,0,1,0,-2.00477647,1.02381347,0.640869597,8.102422892,3.625108297,-5.371252278,0.981768727,0.00940383,0.054661956,0.241648674,0.100813508,0.337169468,0.441531241,0.161867037,0.746481895,4.16e-05,0.914890766,0.107172295,0.760404885,69.84429536,0.03049242,23.8630504,6.69e-05,0.001395334,0.001484941,0.002520988,0.585282683,0.000167384,0.023806155,0.862929285,0.000407608,6.11e-05,1.4e-08,0.999358833,0.878685117,4.959562001,0.723990192,0.550052047,0.882090569,0.564142108,0.500987947,0.615110636,0.510640562,0.359170794,2.93e-08,0.037612461,0.340873063,0.732958794,0.928835809,0.548275113,0.167528465,0.749386668,0.997850895,0.101979993,0.092739463,0.34330228,0.005287972,0.002003772,2.09e-05,0.009275192,0.013896568,0.000136269,0.001312241,0.092351206,0.005262792,2.06e-05,0.000258813,0.000329479,0.012,0
"69","cid54649381","COc1ccccc1-c1cccc(-c2nc(C(=O)NCc3ccncc3)cc3c2C(CCO)N([S+]([O-])C(C)(C)C)C3)c1",584.25,8,2,110.64,11,5,9,9,0,29,2,1,0.252,0.303,95.884,0,0,1,1,-4.325392979,2.894006027,3.071972255,8.142192357,6.379713454,-5.237981369,0.007227123,0.90911907,0.008144619,0.000160336,0.011919498,0.018071651,0.895618401,0.972037315,0.943017364,0.002775026,0.998742044,0.077897988,0.241611183,94.29528964,0.116375177,4.126258105,0.502971053,0.999990702,0.000372208,0.999993443,0.568025827,0.032607261,0.842274427,1,0.604451299,0.681215703,2.75e-11,0.999999881,0.975329816,5.75468445,0.419836698,0.500402451,0.8116045,0.976300955,0.610318959,0.944556892,0.996964157,0.978967249,1.04e-11,0.000394414,0.742737591,0.786001265,0.368502766,0.272318691,0.143401593,0.266958773,0.999999762,0.212522149,0.044230327,0.948591173,0.230411649,0.001672427,7.36e-05,0.074326605,0.058568344,6.77e-05,1.86e-05,0.419843614,0.000110819,0.001759549,0.692209601,0.014011608,0.99,0.037
"70","cid71680916","O=C(NO)c1cccc(C(=O)Nc2ccccc2)c1",256.08,5,3,78.43,5,2,6,5,0,14,0,0,0.581,0,11,0,0,0,0,-2.619813845,1.443883089,1.27990195,8.089658485,4.678109753,-5.19300535,0.246243387,0.728389859,0.705599189,0.005960584,0.005655408,0.2507599,0.960809723,0.978163183,0.993032813,0.276789516,0.592274785,0.002306602,0.331974894,90.55980766,0.017413657,11.01483128,7.37e-05,0.012311618,4.86e-07,0.077584654,2.88e-08,0.000169325,4.1e-09,0.013762869,0.000464344,9.75e-07,1.32e-13,0.843192875,0.016241051,5.124377038,1.253356109,0.478020132,0.996939301,0.988042235,0.137224868,0.190613598,0.997912228,0.447009832,2.37e-07,0.642781258,0.219136521,0.883502603,0.05869491,0.100218005,0.812931538,0.950030506,0.99985075,0.285142869,0.01871304,0.907077074,0.988153398,0.012768519,0.073682144,0.24970147,0.94271487,0.008486563,0.016804924,0.951541722,0.89982897,0.007964549,0.977026165,0.715170979,0.266,0.619
"71","cid54596490","Cc1cc(C)c(CNC(=O)c2cc(Br)cc3c2cnn3C(C)C)c(=O)[nH]1",416.08,6,2,79.78,5,3,9,7,0,18,0,0,0.681,0.316,20,0,0,1,0,-4.223382568,2.458431282,2.460678275,8.609291514,4.717406891,-5.464478774,0.011255296,0.998178005,0.004647415,0.000343084,0.012591839,0.232596815,0.480350256,0.999899268,0.9899019,5.66e-05,0.999999523,0.184690997,0.993926466,96.92356334,0.05431828,3.013404604,0.000792737,0.950256944,0.020149641,0.999948621,0.000187891,0.006035218,1.21e-05,0.981388569,0.910027802,0.006331631,6.83e-11,1,0.837374449,7.008231573,0.546325351,0.249595374,0.994724214,0.388861895,0.603592038,0.780889511,0.033110969,0.564284563,2.31e-08,0.062714398,0.588603854,0.836672485,0.902534127,0.757641017,0.534980118,0.658557415,0.99988997,0.064165875,0.031530175,0.213577837,0.136229709,2.97e-05,1.88e-07,0.000678106,0.001521798,3.43e-05,1.7e-06,0.059273556,0.234035417,0.003554387,0.00071998,0.012426172,0.147,0.008
"72","cid44493528","CC1CN(C(C)CO)C(=O)Cc2cc(NC(=O)NC3CCCCC3)ccc2OC1CN(C)C(=O)Nc1cccc2ccccc12",615.34,10,4,123.24,11,5,13,10,0,34,3,0,0.275,0.457,101.765,0,0,1,1,-5.049981291,3.501844105,3.825814773,9.644582227,6.587678475,-5.514157363,0.032000411,0.497338295,0.042065483,7.27e-06,5.28e-05,0.000709414,0.782220468,0.632846475,0.999509811,8.61e-05,0.999965668,0.017556984,0.678155899,89.456524,0.04972774,7.707480177,0.122794129,0.992723405,0.998761773,0.907754242,0.888778508,2.52e-06,0.057192408,0.994819462,0.016309896,0.883994162,1.31e-07,0.999878764,0.996949375,4.693439096,0.527638844,0.437122464,0.927167475,0.217826694,0.091848619,0.645276368,0.254884332,0.187918872,1.62e-10,0.000856435,0.154027984,0.832286417,0.639410913,0.770584643,0.770849109,0.67040062,0.98639071,0.096867889,0.074500442,0.688906789,0.072755143,0.006939532,8.13e-08,5.71e-05,0.001824378,1.53e-09,1.1e-07,0.055526067,1.55e-06,1.92e-05,0.005155004,4.15e-06,0.808,0.044
"73","cid75036740","CC1CN(C(C)CO)C(=O)c2cccc(NC(=O)Nc3ccccc3)c2OC1CN(C)Cc1ccc(C(=O)Nc2ccccc2N)cc1",650.32,11,6,149.26,13,5,12,11,0,34,3,1,0.142,0.27,96.957,1,0,1,1,-3.695868489,2.867173031,2.799852476,9.263905706,7.943334457,-5.520827987,0.693424463,0.902557313,0.400867432,0.003717124,7.51e-05,0.008533835,0.982505923,0.99876368,0.999938369,0.000332952,0.80079037,0.008124624,0.813623846,92.00101547,0.081284832,6.665993149,6.87e-05,0.003465498,0.029030265,0.053134646,1.81e-08,0.961541891,3.21e-08,0.126544952,0.094555385,5.28e-05,1.23e-18,0.993925631,0.002725069,3.767634586,0.916349681,0.864264131,0.999559343,0.782750726,0.047016092,0.718931615,0.998719215,0.060850907,1.59e-12,0.005148694,0.540028751,0.803440571,0.976543486,0.482304931,0.850751758,0.963363349,0.999999166,0.344673783,0.029299499,0.98328042,0.993722141,0.06648127,1.62e-07,0.00073995,0.219329372,6.96e-08,6e-09,0.956392884,3.82e-05,0.000423567,0.898862302,0.003141045,0.774,0.152
"74","cid44507138","CC1CN(C(C)CO)C(=O)c2cccc(NC(=O)Nc3ccccc3)c2OC1CN(C)Cc1ccc(C(=O)Nc2ccccc2N)cc1",650.32,11,6,149.26,13,5,12,11,0,34,3,1,0.142,0.27,96.957,1,0,1,1,-3.695868489,2.867173031,2.799852476,9.263905706,7.943334457,-5.520827987,0.693424463,0.902557313,0.400867432,0.003717124,7.51e-05,0.008533835,0.982505923,0.99876368,0.999938369,0.000332952,0.80079037,0.008124624,0.813623846,92.00101547,0.081284832,6.665993149,6.87e-05,0.003465498,0.029030265,0.053134646,1.81e-08,0.961541891,3.21e-08,0.126544952,0.094555385,5.28e-05,1.23e-18,0.993925631,0.002725069,3.767634586,0.916349681,0.864264131,0.999559343,0.782750726,0.047016092,0.718931615,0.998719215,0.060850907,1.59e-12,0.005148694,0.540028751,0.803440571,0.976543486,0.482304931,0.850751758,0.963363349,0.999999166,0.344673783,0.029299499,0.98328042,0.993722141,0.06648127,1.62e-07,0.00073995,0.219329372,6.96e-08,6e-09,0.956392884,3.82e-05,0.000423567,0.898862302,0.003141045,0.774,0.152
"75","cid67291369","Nc1ccc(-c2cccs2)cc1NC(=O)c1ccc(C(=O)NCCc2ccncc2)cc1",442.15,6,4,97.11,9,4,6,7,0,25,0,0,0.364,0.08,21,0,0,1,0,-3.919379394,2.6131196,2.43720186,8.877475133,4.554712154,-5.383887279,0.257115811,0.282576382,0.874897003,0.004041255,0.04067868,0.169620872,0.71312961,0.727928698,0.454110056,0.068155378,0.828230143,0.046366904,0.416983336,81.5413154,-0.075394321,15.14933267,0.351780117,0.324750602,5.07e-05,0.998811483,2.57e-05,0.276322335,8.54e-06,0.97541827,0.010691921,0.99591583,1.35e-10,0.999997497,0.355168849,4.177615234,0.652199805,0.961565256,0.998788536,0.806453884,0.341478884,0.784878731,0.076139018,0.563903809,1.62e-11,0.015589119,0.922948539,0.879670501,0.818629205,0.802844703,0.560467184,0.928716719,0.999935389,0.113051884,0.378986686,0.757952094,0.999448955,0.021147111,0.001135565,0.781775355,0.784445822,0.000691121,0.188412115,0.993196487,0.758785665,0.616268933,0.989622593,0.989104748,0.994,0.629
"76","cid73758006","CC1CN(C(C)CO)C(=O)Cc2cc(NC(=O)CCC(F)(F)F)ccc2OC1CN(C)S(=O)(=O)c1ccc(Cl)cc1",619.17,9,2,116.25,11,3,13,14,0,24,3,0,0.437,0.481,86.4,0,0,1,1,-4.562039352,3.389020925,3.346577727,8.650451886,6.0800691,-5.508376931,0.513926327,0.907682359,7.52e-06,0,0,2.38e-07,0.001289368,0.000196345,0.212123945,9.38e-10,0.999999404,0.938407302,0.992829621,94.66938462,-0.062063198,4.123934788,0.998464942,0.930627227,0.999944329,0.997238159,0.942253411,0.002855332,0.000113685,0.999663949,0.999980092,0.95219332,1.62e-08,0.999957323,0.229585752,8.044631508,0.575352113,0.580031335,0.860816717,0.087593794,0.189707264,0.400964797,0.145082533,0.369652033,3.3e-06,0.015128134,0.108143233,0.91034323,0.712896824,0.699834943,0.398444116,0.851389349,0.91987884,0.077713214,0.074868582,0.737007856,3.35e-06,0.004115814,6.63e-07,1.82e-07,0.00016352,2.05e-09,5.53e-11,0.000347633,2.65e-09,1.37e-09,1.09e-06,2.51e-07,0.567,0.007
"77","cid44202524","CC1CN(C(C)CO)C(=O)Cc2cc(NC(=O)CCC(F)(F)F)ccc2OC1CN(C)S(=O)(=O)c1ccc(Cl)cc1",619.17,9,2,116.25,11,3,13,14,0,24,3,0,0.437,0.481,86.4,0,0,1,1,-4.562039352,3.389020925,3.346577727,8.650451886,6.0800691,-5.508376931,0.513926327,0.907682359,7.52e-06,0,0,2.38e-07,0.001289368,0.000196345,0.212123945,9.38e-10,0.999999404,0.938407302,0.992829621,94.66938462,-0.062063198,4.123934788,0.998464942,0.930627227,0.999944329,0.997238159,0.942253411,0.002855332,0.000113685,0.999663949,0.999980092,0.95219332,1.62e-08,0.999957323,0.229585752,8.044631508,0.575352113,0.580031335,0.860816717,0.087593794,0.189707264,0.400964797,0.145082533,0.369652033,3.3e-06,0.015128134,0.108143233,0.91034323,0.712896824,0.699834943,0.398444116,0.851389349,0.91987884,0.077713214,0.074868582,0.737007856,3.35e-06,0.004115814,6.63e-07,1.82e-07,0.00016352,2.05e-09,5.53e-11,0.000347633,2.65e-09,1.37e-09,1.09e-06,2.51e-07,0.567,0.007
"78","cid71466445","Nc1ccc(-c2cccs2)cc1NC(=O)C1=CCCC1",284.1,3,3,55.12,4,3,6,4,0,17,0,0,0.835,0.188,34.737,0,1,0,0,-4.111043767,3.125502694,3.19211922,8.913894633,4.345915375,-4.764677437,0.740892231,0.038046449,0.137043729,0.057642341,0.096457779,0.306259632,0.748154432,0.916264057,0.980687737,0.003957899,0.444821656,0.112682544,0.514204443,91.73158628,0.09413965,6.501969879,0.100702167,0.330807775,0.043907218,0.02566093,0.633831263,0.000383317,0.020446949,0.984110117,0.431092501,0.062978208,0.000818693,0.881282687,0.303146988,3.808882435,0.777533514,0.402342975,0.994294465,0.863609672,0.269775212,0.529673815,0.483322322,0.60881418,0.001281912,0.860631883,0.973460972,0.749513805,0.866896749,0.395509273,0.496130198,0.768507779,0.996317148,0.106477484,0.126906276,0.661392868,0.999821961,0.300106645,0.135614276,0.312906682,0.913481057,0.005892985,0.47729525,0.999003828,0.925180495,0.60799855,0.995858729,0.981225193,0.841,0.98
"79","cid246676","O=C(O)c1ccc(NCc2nc3cc4ccccc4cc3[nH]2)cc1",317.12,5,3,78.01,4,4,13,5,0,22,0,0,0.531,0.053,20,0,0,0,0,-4.119235609,2.321039998,3.437978729,6.646931831,1.260217678,-5.659659696,0.963093638,0.056704611,0.02330626,0.006322324,0.127504051,0.368395686,0.95802455,0.818441451,0.986336112,0.065110207,0.988887489,0.008544016,0.227679223,98.99590198,-0.789192985,0.564201331,0.028393,0.000613355,0.001376535,0.000385678,0.880646765,0.000166104,0.000279948,5.71e-05,5.81e-06,0.006152255,0.0007027,0.947908044,0.032380752,1.314146976,0.991375621,0.392158478,0.955733776,0.679551482,0.569289863,0.71152705,0.076260746,0.472358972,2.12e-05,0.856278539,0.872736573,0.747334957,0.776399255,0.762259126,0.535749912,0.801989496,0.990038931,0.050703585,0.248727039,0.384059727,0.798572481,0.035361055,0.005891873,0.022950292,0.663831115,0.005608688,0.061991908,0.871263802,0.011829391,0.173914269,0.914465845,0.028413869,0.886,0.973
"80","cid44489127","CC1CN(C(C)CO)C(=O)c2cccc(NC(=O)c3ccncc3)c2OC1CN(C)C(=O)Nc1cccc2ccccc12",581.26,10,3,124.1,10,5,12,10,0,33,3,0,0.286,0.273,94.286,0,0,1,1,-4.135183252,2.763019658,2.658082585,9.347388144,6.336776589,-5.640661629,0.374270767,0.791132569,0.349614322,0.016921937,0.026409209,0.844480664,0.997215884,0.990096211,0.997299731,0.132672399,0.893768668,0.111174278,0.764374375,91.82764326,-0.074360746,7.213319825,0.543945909,0.063598633,0.981376708,0.490547538,0.803667724,0.000444985,0.796578646,0.975641429,0.001418998,0.991195679,2.4e-06,0.492119908,0.997246265,3.83605345,0.717795587,0.734996676,0.995445371,0.610246837,0.158568099,0.575968802,0.914477289,0.312976003,2.07e-12,0.003192029,0.28096503,0.811324477,0.817032814,0.605564415,0.69257164,0.924551666,0.998417139,0.233337238,0.041428089,0.760935247,0.986359417,0.035269968,7.54e-07,0.000184435,0.020832144,8.2e-08,3.05e-08,0.279903293,1.35e-05,5.79e-06,0.049502928,5.82e-05,0.109,0.002
"81","cid44492757","CC1CN(C(C)CO)C(=O)c2cc(NS(=O)(=O)c3cn(C)cn3)ccc2OC1CN(C)CC1CC1",505.24,10,2,117,9,4,12,11,0,24,3,1,0.534,0.583,89.526,0,0,1,1,-2.351125728,1.310157684,1.161950577,7.800130865,7.613235946,-5.542324414,0.850061119,0.058330186,0.070974387,0.004649162,0.014350712,0.117728174,0.87021248,0.929765999,0.98225832,0.012865092,0.742791235,0.234256417,0.994931757,52.33821628,0.13881702,52.69584714,0.212504014,2.06e-10,0.131327152,0.001128647,0.002259854,0.8857705,0.001316125,0.959543526,0.977334678,0.181701988,2.08e-06,0.001682623,0.601295114,7.222908592,1.116524405,0.462249488,0.790530384,0.212506086,0.109339923,0.221819773,0.868940234,0.456209272,4.72e-06,0.001682151,0.194972262,0.940329492,0.557255447,0.930376053,0.584425271,0.894662678,0.978033602,0.146135956,0.091379397,0.311169714,3.09e-05,0.050046884,3.87e-06,4.65e-07,0.001406398,1.2e-08,6.76e-09,0.000532859,2.39e-06,1.84e-05,1.09e-06,8.16e-07,0.225,0
"82","cid71466578","CC(=O)N1CCC(C(=O)Nc2cc(-c3cccs3)ccc2N)CC1",343.14,5,3,75.43,5,3,6,6,0,19,0,0,0.841,0.333,41.083,0,0,0,0,-2.926032318,1.894917827,1.660999797,8.361019881,5.152175492,-4.99807375,0.96505487,0.0102089,0.029610459,0.009990394,0.005446076,0.013690233,0.169588566,0.681759834,0.976671278,3.81e-07,0.333757788,0.040268008,0.845547974,83.72843491,-0.011937385,16.13973082,0.001054807,0.003665972,0.441646874,0.000418643,0.627176106,0.000653347,0.87944746,2.11e-05,0.036741484,0.017177949,0.008860763,0.048089337,0.02010723,3.099817986,1.214691687,0.472315043,0.99266398,0.843318582,0.209704295,0.538660169,0.104762144,0.523177028,3.71e-05,0.232125193,0.932449937,0.864580989,0.907165289,0.653670669,0.566992104,0.734781086,0.99973911,0.104075857,0.018021673,0.658933699,0.919740975,0.148559242,0.240354568,0.002410676,0.28796646,0.000118338,0.188171461,0.995951772,0.07797987,0.212799221,0.139253974,0.191267595,0.148,0.235
"83","cid44494148","Cc1cc(C(=O)Nc2cccc3c2OC(CN(C)C)C(C)CN(C(C)CO)C3=O)n(C)n1",443.25,9,2,99.93,7,3,12,9,0,20,3,1,0.706,0.522,69.771,0,0,1,0,-2.211717237,1.754778561,1.60997157,9.445318081,7.901312451,-5.38812874,0.801638305,0.645909071,0.285211295,1.11e-05,0.000229776,0.013198614,0.978117142,0.988539517,0.978652954,0.002707878,0.856051147,0.922078669,0.995845377,62.89242146,0.380057525,38.81137311,0.973408759,3.66e-09,0.9998734,6.38e-08,0.698702574,0.156102434,0.989558458,0.755405784,0.996152818,1.1e-06,0.001069789,0.000172451,0.048551053,6.338541311,1.22252542,0.415541142,0.756512344,0.667443812,0.206964001,0.363487184,0.94948858,0.710054994,1.02e-05,0.013802432,0.47810781,0.905130148,0.731107771,0.837092757,0.716430128,0.881710052,0.906752646,0.218570858,0.042017575,0.370866805,4.36e-05,0.044186786,4.11e-08,2.31e-05,0.000285914,3.93e-10,8.84e-12,0.001412864,4.42e-08,1.42e-06,2.85e-08,8.34e-06,0.217,0.001
"84","cid54649500","COC1CCC2CCN(C)C(=O)C(C)C(OC)CN(C)C(=O)c3cccc(C#N)c3OCC1O2",473.25,9,0,101.33,2,3,22,9,0,28,5,1,0.648,0.64,74.268,0,0,1,0,-1.968996356,1.047682551,0.823685919,7.783133486,3.786921304,-5.137775739,0.995174229,0.007458338,0.235219851,0.014145434,0.02567488,0.004666865,0.956129678,0.033595279,0.859862089,1.27e-05,0.982870817,0.152766243,0.995541394,57.21510969,-0.010552666,39.72528323,0.999996662,2.59e-06,0.999999762,2.84e-07,0.96647805,2.61e-11,0.04660989,0.002792796,0.99973315,4.81e-09,0.999759614,2.73e-09,0.002023061,7.3566423,0.990424065,0.485130668,0.957278967,0.610836625,0.373166621,0.86138922,0.913955271,0.742511332,0.002007263,0.291548878,0.374240786,0.957818151,0.838504612,0.854720891,0.597136199,0.888017476,0.551341712,0.151755109,0.044742279,0.405044287,1.94e-06,0.000429001,1.77e-10,4.48e-08,0.00140876,2.5e-11,1.33e-12,3.41e-08,1.65e-07,3.33e-12,5.05e-11,2.02e-07,0.017,0.01
"85","cid70680404","CC(=O)NC1CC=CCCC(=O)NC(c2ccccc2)COC1=O",330.16,6,2,84.5,3,2,12,6,0,21,2,1,0.638,0.389,41.76,0,0,0,0,-1.927588426,0.990750468,0.764358729,7.63866695,3.615512542,-4.999601443,0.655060709,0.004722603,0.534608483,0.000545442,0.000727952,0.004595995,0.239771307,0.394564241,0.994022429,8.7e-05,0.185813487,0.573251665,0.852467,48.77412636,-0.156320834,48.73102678,0.002480346,5.58e-06,0.992028534,3.44e-06,0.000288726,3.3e-07,0.001975776,0.003114333,0.026477775,0.000119192,0.000109493,3.51e-05,0.618901551,1.424352523,1.280109558,0.010698128,0.844591439,0.272724956,0.069108762,0.345692813,0.7079404,0.66197747,0.00065532,0.21068655,0.011499788,0.81219238,0.487946242,0.378674775,0.559728682,0.877755284,0.99916482,0.036553342,0.004099569,0.068416908,0.000100467,0.000261199,9.41e-05,1.54e-06,0.180687144,2.68e-06,1.84e-06,0.033166174,0.00041087,7.48e-07,1.55e-07,0.001311993,0.023,0
"86","cid2945648","COc1ccc(S(=O)(=O)N(C(C)=O)c2ccc(OC(C)=O)c3ccccc23)cc1[N+](=O)[O-]",458.08,10,0,133.12,8,3,10,11,0,22,0,0,0.237,0.143,23,0,0,1,0,-4.252606974,2.413061157,2.181882208,7.224164939,3.933621635,-4.718883966,0.692227304,0.001406693,0.000579994,1.67e-06,4.49e-05,0.000451505,0.072034955,0.301089346,0.994585752,0.001954449,0.615322232,0.656775534,0.999837399,95.41919319,-0.311275598,3.917734882,0.157480389,0.999991298,0.982187748,0.998344421,0.06058792,0.010649416,8.31e-05,0.158571914,0.149471492,0.893695652,6.56e-07,0.981742501,0.99936372,2.116698309,0.56507511,0.040893652,0.99839133,0.822949946,0.510700941,0.327662587,0.872608423,0.505020618,0.01811306,0.759312987,0.359910429,0.666036963,0.050463505,0.221750021,0.811792314,0.329325914,0.999988198,0.046162374,0.174436063,0.435770988,0.069616295,0.093447715,0.057926141,0.014276215,0.014182082,0.001253037,0.001654387,0.32389769,0.000118198,0.000884103,0.917924702,0.099500589,0.958,0.003
"87","cid54639024","CN1CCN(C(=O)CC2CCC(NC(=O)c3ccc4c(c3)OCO4)C(CO)O2)CC1",419.21,9,2,100.57,7,4,9,9,0,24,3,0,0.704,0.619,78.941,0,0,1,0,-1.800456131,0.915002807,0.283277895,7.565292141,7.077316355,-5.459572789,0.567075789,0.002188414,0.979989469,0.000618458,0.016782641,0.00137949,0.754404739,0.013934414,0.033141579,0.007570503,0.882093251,0.981230021,0.982311606,54.9504299,0.161741415,40.31124762,0.007394561,2.17e-05,0.995563626,0.000156512,0.596743226,0.00108616,0.265686572,0.035839152,6.42e-05,3.95e-05,4.23e-10,0.000601347,0.901658535,3.221658173,1.329715077,0.669180214,0.885482907,0.541422009,0.418053538,0.590800822,0.356928259,0.58540386,4.93e-07,0.005486654,0.733463407,0.826176047,0.914339602,0.673897862,0.385813624,0.685339808,0.997393966,0.12656191,0.055857215,0.269950777,0.199768081,0.095546238,0.005888805,0.000988107,0.428366512,0.012120713,8.28e-06,0.268225431,0.715220869,0.030378925,0.005097482,0.029796492,0.066,0.001
"88","cid54619238","CC=Cc1ccc2c(c1)OC(CN(C)C(=O)c1ccccc1)C(C)CN(C(C)CO)S2(=O)=O",472.2,7,1,87.15,7,3,12,8,0,23,3,1,0.697,0.4,69.771,0,0,1,0,-3.668251787,2.798171419,2.749457299,9.469332966,4.941243053,-5.29852726,0.48415482,0.464918941,0.009387427,6.54e-05,0.003283441,0.020883024,0.784342438,0.628274381,0.142544195,7.74e-05,0.985944927,0.064293139,0.996364951,80.50355648,0.075934879,12.99088035,0.027706843,0.253450632,0.954671323,0.354804963,0.993303955,0.013036162,0.868252635,0.445946038,0.814911067,0.99860698,0.301615,0.943939567,0.761532009,7.329634398,0.573696278,0.366715938,0.829544663,0.355173349,0.182297304,0.469064981,0.972419083,0.419880182,2.35e-05,0.081676491,0.477598608,0.802097261,0.617263615,0.767934918,0.225099966,0.661983192,0.653745711,0.09993156,0.057464059,0.295782238,0.000106573,0.000928542,4.07e-06,0.003349043,0.004832072,7.57e-06,1.12e-06,0.07457073,6.86e-06,2.86e-05,0.000358527,1.59e-05,0.38,0.338
"89","cid71576739","CCN(CC)c1ccc(C2=NNC(=O)CC2C)cc1",259.17,4,1,44.7,4,2,6,4,0,13,1,0,0.902,0.467,38.182,0,0,0,0,-3.227981159,2.678813682,2.579453876,8.670369717,4.508498877,-4.909888795,9.04e-05,0.028974995,0.816370904,5.96e-07,9.54e-06,5.72e-06,0.048259735,7.92e-05,0.000311818,0.273671389,0.998709202,0.999854207,0.974668801,92.86099079,0.286234002,5.724050972,0.997653544,0.021117749,0.729166925,0.000194891,0.015662046,0.000653116,1.19e-06,0.584795475,0.178193703,0.007809727,0.002424305,0.815881014,0.570582032,5.60415251,0.601634736,0.080020197,0.729067981,0.761378467,0.398280382,0.47204119,0.276793897,0.763570487,0.087261118,0.968012214,0.99001503,0.315483272,0.977152288,0.399472654,0.833320141,0.284613639,0.999745548,0.172442436,0.282269448,0.818665624,0.9917503,0.001848994,0.000640682,0.975917459,0.000755728,7.87e-07,0.126700521,0.004993653,0.036658872,0.000351646,0.166477934,0.954064369,0.962,0.568
"90","cid71576742","CCN(CC)c1ccc(C2=NNC(=O)CC2C)cc1",259.17,4,1,44.7,4,2,6,4,0,13,1,0,0.902,0.467,38.182,0,0,0,0,-3.227981159,2.678813682,2.579453876,8.670369717,4.508498877,-4.909888795,9.04e-05,0.028974995,0.816370904,5.96e-07,9.54e-06,5.72e-06,0.048259735,7.92e-05,0.000311818,0.273671389,0.998709202,0.999854207,0.974668801,92.86099079,0.286234002,5.724050972,0.997653544,0.021117749,0.729166925,0.000194891,0.015662046,0.000653116,1.19e-06,0.584795475,0.178193703,0.007809727,0.002424305,0.815881014,0.570582032,5.60415251,0.601634736,0.080020197,0.729067981,0.761378467,0.398280382,0.47204119,0.276793897,0.763570487,0.087261118,0.968012214,0.99001503,0.315483272,0.977152288,0.399472654,0.833320141,0.284613639,0.999745548,0.172442436,0.282269448,0.818665624,0.9917503,0.001848994,0.000640682,0.975917459,0.000755728,7.87e-07,0.126700521,0.004993653,0.036658872,0.000351646,0.166477934,0.954064369,0.962,0.568
"91","cid54626689","CC1CN(C(C)CO)S(=O)(=O)c2ccc(C#CCC3CCCC3)cc2OC1CN(C)Cc1ccc(C(=O)O)cc1",568.26,8,2,107.38,8,4,12,9,0,28,3,1,0.459,0.516,90.191,0,0,1,1,-3.848567074,3.354793412,4.191991766,6.676925653,5.065630747,-5.590455004,0.920784056,0.020556547,0.009508958,0.000213206,2.47e-05,0.000414312,0.010980785,0.002740052,0.003706135,7.86e-06,0.999313951,0.000237508,0.994797468,98.39635397,-0.270284516,1.248924363,0.062310793,9.69e-06,0.020396499,0.00019057,0.115530364,0.511422992,0.018735671,0.320917517,0.275840342,0.008696697,0.047442935,0.149069563,0.004558935,3.420374874,1.591779541,0.491060972,0.808993936,0.37296471,0.125146374,0.709030151,0.666055918,0.241195008,0.000647792,0.029374454,0.614623666,0.846171916,0.437185377,0.908784807,0.332679063,0.601277769,0.071253672,0.044464882,0.019894948,0.23863478,5.74e-07,0.007733515,2.06e-08,0.009866216,5.31e-05,7.63e-09,1.22e-05,0.607838511,1.4e-07,0.000412747,0.001142651,5.66e-07,0.541,0.003
"92","cid7326481","CC(C)N1C(=O)SC(=Cc2ccc(Sc3nc4ccccc4[nH]3)o2)C1=O",385.06,6,1,79.2,4,4,9,8,0,23,0,0,0.653,0.167,44,0,0,0,0,-4.817585924,3.116727989,2.885672322,8.843961374,2.036897086,-4.825748873,0.264418602,0.196404368,2.21e-08,0.122214615,0.134117782,0.918338895,0.390002251,0.999982238,0.999967337,4.21e-11,0.999999762,0.405375361,0.905952692,98.02914141,0.409232411,1.664463272,0.986874163,0.99998641,0.085467361,0.989140391,0.00024023,0.003819828,3.4e-05,0.980952442,0.996240258,0.20799832,1.13e-07,0.999999881,0.994984388,5.273206885,0.401922667,0.089398198,0.999967098,0.6402632,0.307379246,0.531013012,0.998888075,0.623759627,0.004524974,0.766539752,0.980319321,0.793846667,0.271786451,0.408944875,0.255200237,0.712202668,0.994980514,0.13846752,0.085017234,0.933859408,0.693435967,0.001194514,0.001277622,0.359887809,0.041676357,6.01e-05,0.006957787,0.91989249,0.000454835,0.043466985,0.843559086,0.062640637,0.983,0.992
"93","cid1641662","c1ccc2[nH]c(CCn3c4ccccc4c4ccccc43)nc2c1",311.14,3,1,33.61,3,5,13,3,0,25,0,0,0.504,0.095,23,0,1,1,0,-4.524852888,3.657915422,4.146645365,12.98386883,6.838615111,-4.820768936,0.062283367,0.981614769,0.718304694,4.12e-05,0.023542464,0.464993358,0.75585629,0.167612478,0.142832756,0.990577936,0.999998808,0.392025858,0.639424443,96.77021315,0.010832991,3.833697505,0.999978185,0.999998569,0.999999523,0.998470247,0.998526037,0.999673963,0.91871345,0.999497056,0.90566963,0.190088123,0.999437273,0.99943012,0.9997316,5.526310218,0.328474314,0.568458796,0.659714401,0.771703124,0.433377832,0.783037364,0.473612249,0.744708896,0.000245231,0.553383589,0.905595601,0.802647889,0.946650922,0.615797043,0.494506598,0.736400247,0.975133359,0.068195865,0.309807092,0.762466133,0.982744634,0.064357616,0.043494176,0.212642774,0.596441627,0.008905893,0.34283784,0.780432045,0.074031398,0.084884688,0.854854643,0.342524648,0.888,0.352
"94","cid75988935","CC(=O)NCC1CC(NS(=O)(=O)c2cccc3cncc(C)c23)CN1",362.14,7,3,100.19,6,3,10,8,0,19,2,0,0.727,0.412,63.333,0,0,0,0,-2.223881383,0.910538874,0.197345736,8.712391132,5.569961628,-5.817513168,0.843431711,0.000983644,0.814465523,0.000204504,0.002191961,0.001215637,0.015637279,0.042491984,0.032779966,1.34e-06,0.502592087,0.000828396,0.947403491,62.38972647,-0.202561126,39.18082365,0.000128117,0.003374435,0.999851465,1.6e-05,0.105005026,3.44e-06,0.005271158,0.887689114,0.572645307,0.000112406,4.22e-09,0.001206656,0.938122809,3.401022705,0.695186073,0.407279015,0.362748981,0.294974416,0.643745244,0.977137268,0.01914659,0.391400844,2.52e-08,0.000776635,0.560974419,0.870249033,0.647865415,0.925488651,0.194958329,0.516473711,0.997582316,0.032977104,0.011196456,0.209757671,0.00047278,0.000596637,3.46e-05,5.55e-06,0.172078967,3.01e-05,3.01e-06,0.009303932,9.76e-06,2.75e-07,0.000291231,2.49e-06,0.062,0.001
"95","cid53245473","CC(=O)NCC1CC(NS(=O)(=O)c2cccc3cncc(C)c23)CN1",362.14,7,3,100.19,6,3,10,8,0,19,2,0,0.727,0.412,63.333,0,0,0,0,-2.223881383,0.910538874,0.197345736,8.712391132,5.569961628,-5.817513168,0.843431711,0.000983644,0.814465523,0.000204504,0.002191961,0.001215637,0.015637279,0.042491984,0.032779966,1.34e-06,0.502592087,0.000828396,0.947403491,62.38972647,-0.202561126,39.18082365,0.000128117,0.003374435,0.999851465,1.6e-05,0.105005026,3.44e-06,0.005271158,0.887689114,0.572645307,0.000112406,4.22e-09,0.001206656,0.938122809,3.401022705,0.695186073,0.407279015,0.362748981,0.294974416,0.643745244,0.977137268,0.01914659,0.391400844,2.52e-08,0.000776635,0.560974419,0.870249033,0.647865415,0.925488651,0.194958329,0.516473711,0.997582316,0.032977104,0.011196456,0.209757671,0.00047278,0.000596637,3.46e-05,5.55e-06,0.172078967,3.01e-05,3.01e-06,0.009303932,9.76e-06,2.75e-07,0.000291231,2.49e-06,0.062,0.001
"96","cid1242560","COc1ccc(N(C(=O)c2ccccc2)S(=O)(=O)c2cc(OC)ccc2OC)cc1",427.11,7,0,82.14,8,3,6,8,0,21,0,0,0.571,0.136,20,0,0,1,0,-3.551749293,2.331377847,2.143727886,7.469544129,4.281239811,-4.76904174,0.029864883,0.84510076,7.19e-05,0.000808537,0.000211418,0.001305282,0.018909276,0.93319267,0.996191263,0.000820766,0.962356091,0.002212693,0.391557008,94.62458258,-0.058225582,3.56883184,0.001913271,0.999995708,0.999925613,0.999078989,0.999964952,2.8e-06,0.007939978,0.993753731,0.998817265,0.44234091,1.57e-06,0.999993324,0.98640871,4.080154768,0.516437843,0.453758001,0.969729602,0.435057849,0.123908043,0.280344635,0.143763676,0.696823359,0.003508145,0.685016572,0.626673222,0.587009907,0.809601068,0.276706904,0.4775922,0.830190361,0.905552208,0.054731406,0.049300477,0.306141317,0.396423936,0.038341451,0.018261936,0.013939094,0.916057408,0.307701319,0.437416673,0.730532646,0.115020134,0.037882935,0.942424893,0.89885354,0.876,0.183
"97","cid613000","CC(C)(C)c1ccc2cc(C#N)c(C#N)cc2c1",234.12,2,0,47.58,1,2,10,2,0,13,0,0,0.694,0.25,14,0,1,1,0,-5.884097012,3.448923635,4.282616142,7.638283581,1.749620411,-4.816813157,0.040744707,0.997968018,5.62e-05,0.010584712,0.020647347,0.043015301,0.983269868,0.6816625,0.951587677,5.03e-06,0.999996424,1.44e-06,0.450341195,97.777978,0.028856391,1.542106429,0.283222377,0.996362746,0.12609753,0.939665616,0.013484364,0.002859241,0.20190604,0.026467359,0.99877423,0.004908884,8.38e-05,0.497660547,0.996438622,5.853159216,0.929958645,0.304736108,0.72772485,0.313671291,0.698590517,0.882845402,0.27577734,0.525767684,0.468788534,0.973278344,0.879965305,0.548482835,0.703832269,0.627113521,0.389328092,0.463339061,0.260154933,0.063108206,0.461846471,0.443255097,0.943136513,0.994399488,0.283062845,0.124519177,0.034145638,0.008397374,0.009955821,0.649961352,0.068229631,0.01201499,0.996403217,0.437039793,0.61,0.096
"98","cid56649450","Cc1nc(NC(=O)N2CCCC2C(N)=O)sc1-c1ccnc(C(C)(C)C(F)(F)F)c1",441.14,7,3,101.21,7,3,6,11,0,18,1,0,0.753,0.474,78.857,0,0,1,0,-4.021140415,2.959929776,2.939592974,7.709431932,5.339629833,-5.563983162,0.968633831,0.054293279,0.023999134,0.014837801,0.270201206,0.179645896,0.170902312,0.976674199,0.979117632,4.14e-05,0.192701012,0.002748521,0.931880236,97.27532612,0.185279686,2.298399743,1.31e-05,0.410063952,0.080087416,0.310408056,0.159371242,0.000170699,0.000584203,0.010881091,0.341508508,0.442815542,2.74e-07,0.99994874,0.356937617,4.132828772,0.886523705,0.360824883,0.995135844,0.367096633,0.515131414,0.453195274,0.017839996,0.842539668,1.06e-09,0.010445136,0.4243007,0.908505857,0.916179955,0.811274529,0.542135954,0.850799203,0.999999285,0.197945744,0.084467158,0.655470073,0.203753024,0.035595015,0.003472548,0.005000491,0.379181921,0.00445399,0.008187058,0.478651524,0.005710795,0.000984936,0.286679983,0.061255738,0.22,0.119
"99","cid11625818","CCC(Nc1ncnc2nc[nH]c12)c1nc2cccc(F)c2c(=O)n1-c1ccccc1",415.16,8,2,101.38,5,5,10,9,0,28,1,0,0.453,0.136,52,0,0,1,0,-4.3184724,2.749640753,2.840510595,7.728737985,4.631936269,-4.741936709,0.001272037,0.62279135,3.12e-05,1.19e-07,4.28e-05,0.000271976,0.007532775,0.632787883,0.859825253,0.004582202,0.99985981,0.017297583,0.953611791,82.39898635,-0.345401532,16.85015889,0.725879669,6.81e-05,2.07e-06,0.859319031,0.70391953,4.92e-06,0.000228265,0.35348323,0.001078456,1.49e-07,5e-08,0.999437153,0.994943798,2.852211802,0.739870126,0.363573372,0.973645031,0.696392417,0.841215014,0.488516718,0.080172211,0.581870377,8.02e-06,0.323083907,0.777308404,0.880474508,0.982352316,0.811054766,0.571708143,0.922190964,0.994362712,0.103326447,0.272860289,0.55307436,0.905350745,0.037893642,0.001026294,0.428543031,0.219944417,0.002806452,0.035495523,0.725901127,0.055721339,0.00164109,0.380708456,0.631161749,0.299,0.006
"100","cid11626927","COc1cc2ncn(-c3cc(OCc4ccccc4S(C)(=O)=O)c(C#N)s3)c2cc1OC",469.08,8,0,103.44,7,4,9,10,0,24,0,0,0.404,0.182,25,0,0,1,0,-4.460136775,2.95892182,2.559899419,8.050664925,4.353959218,-5.338415773,0.213504389,0.801816583,9.78e-05,0.043008208,0.011404932,0.030747294,0.046577036,0.997931838,0.999884248,0.128396571,0.999844432,5.58e-05,0.82656008,98.63840606,-0.070458917,1.303039546,0.935700357,0.870747507,0.010217408,0.520130098,0.79293257,5.05e-08,0.990404606,0.819599867,0.999788225,0.000797761,4.9e-07,0.944306195,0.031066775,3.762635906,1.070935307,0.48892206,0.996186078,0.411177725,0.496274769,0.804013789,0.575977027,0.839932978,0.000402584,0.08016444,0.641470671,0.896264076,0.773171544,0.720104873,0.411013335,0.305972815,0.999357164,0.107327327,0.041628979,0.637999654,0.788677573,0.488826334,0.081251763,0.00068719,0.118849397,0.000647082,0.001627146,0.565753996,0.005140547,0.001900897,0.491928458,0.323889852,0.426,0.134
"101","cid25105715","O=C(NCCN1CCC2(CC1)C(=O)NCN2c1ccccc1)c1ccc2ccccc2c1",428.22,6,2,64.68,6,5,10,6,0,30,0,0,0.656,0.308,87.176,0,1,1,0,-4.391968802,3.379250254,3.361186375,9.166560343,5.909016575,-5.231212445,0.647549868,0.114451446,0.989347816,0.000197232,0.022142887,0.089872003,0.8590312,0.783967793,0.813665092,0.01937387,0.953023612,0.902436078,0.963635087,97.23964369,-0.095649796,3.120975168,0.00012707,0.000292469,0.999892235,8.8e-06,3.45e-07,0.005242473,0.031941652,0.072939277,0.00015659,0.000708482,2.93e-12,0.546021223,0.007591698,5.615917715,0.566042589,0.937257051,0.718276501,0.838630497,0.768994153,0.748173296,0.02826209,0.662804723,5.63e-09,0.000426374,0.85786581,0.79704088,0.972000599,0.412505388,0.442369461,0.800924242,0.999980211,0.066538617,0.480147988,0.746214271,0.003969147,0.000106047,0.014635648,0.010133578,0.113219686,0.00096966,0.036292218,0.992830694,0.014641432,0.021723203,0.947011292,0.108304396,0.517,0.011
"102","cid44819697","O=C(CCCCCCCn1cc(-c2cccnc2)nn1)Nc1ccccc1-c1ccccc1",439.24,6,1,72.7,12,4,6,6,0,24,0,0,0.292,0.259,19,0,1,1,0,-4.599023872,3.275430202,3.594685133,9.347890301,6.045902524,-5.091645203,0.135725096,0.069861345,0.011025549,0.00177449,0.002210498,0.138277471,0.543095678,0.207207561,0.792335272,0.058520444,0.994391501,0.743734479,0.17860347,97.56939269,-0.449533515,2.203273068,5.36e-05,0.999976158,0.000347487,0.999683619,0.025849108,0.04368148,0.300643325,0.999991059,0.021470271,0.907669127,5.65e-08,0.999563158,0.776879251,4.412336696,0.37614667,0.603269458,0.945517778,0.376302481,0.366957992,0.388285488,0.799856663,0.452234507,1.69e-05,0.66975683,0.65798229,0.772941649,0.781779528,0.305696696,0.429589629,0.736381114,0.95844084,0.05212,0.06876301,0.459316939,0.055365514,0.001482297,2.12e-06,0.035083812,0.008850153,2.08e-05,0.004368652,0.143785432,0.00074217,0.000389038,0.052363649,0.001880973,0.764,0.027
"103","cid72199289","COC(=O)c1cc(CN2CCN(C(=N)N)CC2)cc(C(=O)N2CCN(C(=O)c3ccc(C(=N)N)cc3)CC2)c1",534.27,12,6,173.14,10,4,6,12,0,29,0,0,0.234,0.37,63.243,1,0,1,1,-2.701218388,0.665577558,0.323997554,8.606911708,8.996651292,-6.384558591,0.054125007,0.01222851,1,0.004164457,0.985794565,0.98928796,0.998708051,0.01668453,0.332332969,0.00150818,0.0001073,0.064543866,0.999999166,69.63935691,0.42720208,26.7659152,0.133980036,0.00083412,5.08e-05,7.8e-07,1.96e-05,1.38e-09,0.925685167,2.75e-06,0.941520929,0.00781823,4.53e-16,5.12e-05,0.914760113,4.758618443,0.612456709,0.996068358,0.925230086,0.008450076,0.936448872,0.978313863,0.966539741,0.359685242,4.31e-18,3.88e-07,0.997916162,0.644482076,0.996626735,0.306844443,0.039154015,0.807619989,0.999999881,0.15868488,0.012664216,0.509373486,0.000176543,1.06e-05,7.69e-05,1.67e-06,0.02003355,0.001159734,4.32e-08,0.499314666,9.15e-06,4.79e-05,0.001096672,0.000155634,0.313,0.006
"104","cid3634881","Cc1[nH]c2ccccc2c1C(Nc1ccccn1)c1ccc(Cl)cc1",347.12,3,2,40.71,4,4,9,4,0,22,1,0,0.495,0.095,40,0,1,1,0,-5.251270062,3.917679798,4.571736804,11.93983994,6.867250238,-4.941039628,0.101225622,0.11479044,0.00018292,1.07e-06,0.0005427,0.016570449,0.67857787,0.996543586,0.997935534,0.004985152,0.999975562,0.981978834,0.828265488,98.83676062,-0.195744715,0.607447815,0.218921363,0.99960047,0.131502464,0.003348752,2.67e-05,0.737789929,0.025058445,0.994469643,0.999994636,0.989441156,0.001246874,0.999318123,0.761398911,3.009945084,0.676051714,0.454433113,0.919965923,0.261385351,0.640580416,0.460784376,0.258329481,0.568892002,1.44e-05,0.158957943,0.668281615,0.776329935,0.950551212,0.655349672,0.246648431,0.925356328,0.997713685,0.037971273,0.059986293,0.42084825,0.897161603,0.01169668,0.005322013,0.60945493,0.290690362,0.008833175,0.030501941,0.574079871,0.033484727,0.087697543,0.953865051,0.1611294,0.993,0.07
"105","cid9952709","O=C(O)c1ccc(-c2ccc3cc(O)c(C45CC6CC(CC(C6)C4)C5)cc3c2)cc1",398.19,3,2,57.53,3,7,10,3,0,30,0,0,0.538,0.37,81.297,0,1,1,0,-4.574095828,3.156690352,5.107837262,5.446826332,2.864513244,-5.055610375,0.10193947,0.002798419,0.00078699,0.008462191,0.08096379,0.121460557,0.867269859,0.013128065,0.434109151,0.282132357,0.994339764,0.003483618,0.99972862,99.1540201,-0.449474925,0.365124197,4.09e-05,0.984976888,0.044944927,0.020744542,0.998291194,0.053632256,0.99779886,7.85e-06,3.83e-07,0.246850148,0.992536843,0.999628901,0.719701529,1.215469875,1.142212486,0.383111298,0.792932391,0.356625885,0.50184828,0.985840082,0.000530425,0.598757386,2.48e-09,0.009603536,0.863618672,0.878643513,0.153212503,0.995615363,0.315221846,0.739698589,0.109241381,0.051566806,0.908722579,0.818351865,0.336644828,0.016820885,0.006387029,0.123111486,0.193626598,0.010159382,0.142796487,0.99374336,0.006635661,0.96361959,0.457712561,0.010979235,1,0.965
"106","cid135411","O=C(O)c1ccc2cc(-c3ccc(O)c(C45CC6CC(CC(C6)C4)C5)c3)ccc2c1",398.19,3,2,57.53,3,7,10,3,0,30,0,0,0.538,0.37,81.297,0,1,1,0,-4.702792563,3.123303305,4.948496234,5.246221958,2.713504207,-5.0512057,0.787389755,0.000132662,0.000474611,0.015399158,0.117335916,0.121699989,0.946153343,0.001866517,0.11430268,0.157459512,0.981362164,0.000154976,0.999861598,99.11025291,-0.479724385,0.374467598,6.34e-07,0.161527336,9.88e-05,0.01426775,0.991129756,0.8983953,0.836295366,2.12e-06,1.38e-08,0.927315295,0.43996802,0.999956846,0.002735209,2.04504441,1.158996317,0.420468777,0.793792605,0.370833158,0.500588536,0.989602268,0.00045933,0.571783841,8.27e-10,0.007557659,0.874320328,0.891446054,0.192298502,0.995972097,0.299221814,0.783140659,0.114305452,0.053999409,0.922193408,0.828075469,0.583700478,0.036167495,0.025165193,0.284009278,0.370645463,0.017278124,0.338969916,0.992586434,0.014805586,0.946972251,0.790796459,0.026207365,0.999,0.944
"107","cid9956119","Cc1cnc(-c2cnc(NCCNc3ccc(C#N)cn3)nc2-c2ccc(Cl)cc2Cl)[nH]1",464.1,8,3,115.2,7,4,6,10,0,24,0,0,0.331,0.136,22,0,0,1,0,-5.728897335,3.631227292,4.356411192,10.50287056,6.036625666,-5.043243983,0.003627585,0.275887787,4.7e-05,8.34e-07,5.25e-05,0.001355112,0.03897649,0.997482598,0.995171368,0.004132626,1,0.014648003,0.900553763,97.69577044,0.579315332,1.995980427,0.994369209,0.578995109,0.047813009,0.517430186,0.864811897,0.289920211,0.245676547,0.117560454,0.964520872,0.005208239,4.16e-05,0.996133208,0.031834155,4.209650089,0.789265558,0.941593766,0.984780192,0.209687352,0.722511828,0.904267967,0.339791656,0.82373786,2.64e-09,0.023743859,0.678035855,0.939247072,0.95525074,0.929967821,0.370243162,0.992616057,0.99789232,0.098832414,0.577400684,0.793360472,0.887892425,0.153834879,0.18877627,0.695165038,0.100051247,0.033291962,0.183544233,0.645281017,0.315484583,0.180990875,0.933675766,0.187466636,0.933,0.065
"108","cid375860","O=c1cc(-c2ccccc2F)[nH]c2cc3c(cc12)OCO3",283.06,4,1,51.32,1,4,13,5,0,22,0,1,0.746,0.062,42.353,0,0,0,0,-4.72794451,2.72368163,2.892442135,10.08921508,4.043675572,-5.032434396,0.861767173,0.621694565,0.030674256,0.005462348,0.005949199,0.003844917,0.462685883,0.983021855,0.998742282,0.709259689,0.998036802,0.299324811,0.669326782,97.53563402,0.372204867,2.256888792,0.580384433,0.802663207,6.56e-05,0.139969945,0.696234941,0.316317976,0.471751243,0.827285886,0.138913304,0.349368662,7.86e-06,0.995749831,0.029712437,4.554627796,0.527032914,0.351904988,0.929197669,0.897032082,0.596380949,0.90860939,0.151658416,0.87156707,5.83e-05,0.856730163,0.915337741,0.766490221,0.964266002,0.541941106,0.81956923,0.980658412,0.999181449,0.356227875,0.324067265,0.813940167,0.995997548,0.218569219,0.225291878,0.486085236,0.577094197,0.159829035,0.011635242,0.766291201,0.453499168,0.425173163,0.915970981,0.784409463,0.678,0.873
"109","cid122327","CCCCCCCCCCC(C)(C)C(=O)Nc1c(OC)cc(OC)cc1OC",393.29,5,1,56.79,15,1,6,5,0,7,0,0,0.382,0.696,11,0,1,1,0,-5.834893416,4.160098525,5.925530635,10.19218675,4.237065211,-4.974849429,0.000593517,0.228140369,0.021456391,0.620525807,0.313842356,0.534341633,0.849168122,0.991231859,0.999997616,0.932795346,0.938741148,0.005530613,0.910689533,98.99057681,1.005758395,0.937362999,0.05060479,0.999971747,0.999837756,0.717777133,0.995173156,0.252858818,0.79546243,0.999998927,0.86012429,0.96762532,0.313498586,0.888546169,0.537187099,6.230059435,0.305694868,0.483691573,0.401008248,0.20872198,0.316532046,0.462336332,0.757344067,0.510668397,0.163740471,0.905128241,0.886308551,0.611956894,0.392897487,0.318702012,0.521263778,0.510308862,0.003433181,0.152069747,0.469439507,0.374375433,0.95521909,0.033369541,0.000301521,0.138979852,0.833200455,0.006086132,0.002082316,0.925636113,0.053893805,0.234019056,0.887056649,0.6612131,0.2,0
"110","cid5951923","CN(C(=O)COC(=O)C=Cc1cccc([N+](=O)[O-])c1)C1CCS(=O)(=O)C1",382.08,9,0,123.89,8,2,6,10,0,17,1,0,0.308,0.375,53.818,0,0,0,0,-2.96102701,1.537773653,1.120737234,5.652963705,3.774577268,-5.242763285,0.951492608,0.040640548,0.003428372,0.040395081,0.296154022,0.644188851,0.812956408,0.201690912,0.86162442,2.53e-05,0.97001946,0.113137595,0.983597338,62.73945106,0.03310337,35.0441132,2.83e-06,0.934129775,0.115835518,0.03466114,0.045398105,7e-05,6.84e-06,0.013920754,0.008071927,0.004731141,2.27e-08,0.99132818,0.84911567,5.224668469,0.815919124,0.266094506,0.981802285,0.74762392,0.315827489,0.676803708,0.989688993,0.094548605,0.000190409,0.12594457,0.533504665,0.44026655,0.026918268,0.135166302,0.222344711,0.440147907,0.999992609,0.024121003,0.024085442,0.208476469,0.012522453,0.009887746,0.006925626,0.002367962,0.271089405,0.014587156,0.001329067,0.149216935,0.008184805,0.101009727,0.132033125,0.007399532,0.87,0.656
"111","cid2841722","NC(=NOC(=O)C12CC3CC(CC(C3)C1)C2)c1ccccc1",298.17,4,2,64.68,4,5,6,4,0,20,0,0,0.404,0.556,57,0,1,0,0,-4.330406403,3.612135104,3.669969489,9.530071226,5.241308421,-5.06514472,0.000140005,0.027310448,4.2e-05,0.000223219,0.001945257,0.080481291,0.389016867,0.045281183,0.369005591,7.93e-05,0.364529788,0.999765933,0.755964756,91.37099245,0.12363181,8.212628936,0.000524269,0.94684881,0.289752305,0.963387191,0.397622854,0.01534156,0.855375946,0.036280595,9.31e-05,0.545661986,0.027703097,0.970320702,0.999729574,3.179505591,0.588124884,0.138595551,0.202083483,0.402043223,0.208716765,0.82425493,0.132452726,0.474189311,3.3e-05,0.16915302,0.520333827,0.667434752,0.287443459,0.892373979,0.347512245,0.163033009,0.054912504,0.027396701,0.461520821,0.555394471,0.594897509,0.011417064,0.002222111,0.370345563,0.635151684,0.052190416,0.036055252,0.996667325,0.019057535,0.38140887,0.550194085,0.060869712,0.839,0.991
"112","cid6623618","CN(C)CCNC(=O)c1cc2c(s1)-c1ccc(Cl)cc1SC2",352.05,3,1,32.34,5,3,13,6,0,16,0,0,0.903,0.312,35.619,0,1,1,0,-4.071881657,3.523397739,4.074514621,9.120556531,7.145853235,-4.851881368,0.055470325,0.701738954,0.95013833,0.003166974,0.029513896,0.421813309,0.987950143,0.341959596,0.246852189,0.185446575,0.867546916,0.922522545,0.295345515,97.46167541,0.992402689,2.43674222,0.97597003,0.030900462,0.999973178,0.003361131,0.197726399,0.004317873,0.936733305,0.000842601,0.99924767,0.00046135,6.33e-09,0.007977743,6.59e-05,8.402243755,0.384729765,0.806187451,0.988551617,0.890084922,0.723158717,0.123699069,0.964015663,0.876046002,1.16e-07,0.000998292,0.602691174,0.906010211,0.853015065,0.839093566,0.630765855,0.82784909,0.999704421,0.235139102,0.251126021,0.617778897,0.003166894,0.06345915,0.001827383,0.17512323,0.035710622,6.86e-05,1.53e-05,0.061547361,0.003392823,0.003850126,0.003597939,0.455001116,0.98,0.373
"113","cid654092","O=S(=O)(c1ccc2c(c1)C(=NO)c1cc(S(=O)(=O)N3CCCCC3)ccc1-2)N1CCCCC1",489.14,8,1,107.35,4,5,13,10,0,32,0,1,0.447,0.435,78.182,0,0,1,0,-5.487660378,3.420469056,4.036342469,11.09244148,5.922175387,-5.076495663,0.065007977,0.940639198,0.00071557,2.38e-07,2.38e-07,9.89e-06,0.000317454,0.182839736,0.000846454,1.06e-07,0.999746621,0.014916682,0.552955329,96.26051633,-0.571594791,4.947574894,0.000446754,0.999126732,0.00459741,0.996679902,0.938748419,0.007958997,0.999863982,0.12525928,0.933351874,0.882733464,1.85e-06,0.994376183,0.993602693,6.853937686,0.334021366,0.545030594,0.999998689,0.164382026,0.477530748,0.938768268,0.004850073,0.658575058,3.43e-08,0.003296033,0.985677123,0.988823056,0.18316789,0.933431625,0.613779962,0.992424607,0.883684814,0.449934036,0.149214208,0.530552685,8.98e-08,0.101816759,0.000224105,0.431513965,3.29e-06,1.78e-07,7.83e-06,0.993882537,0.000341623,0.000109703,0.855061114,0.055431467,0.915,0.014
"114","cid3815108","NC(Cc1ccc(Cl)cc1)=NOC(=O)c1cccc2ccccc12",338.08,4,2,64.68,5,3,10,5,0,19,0,0,0.336,0.053,16,0,1,1,0,-4.851611484,4.182527389,4.213593649,9.718862813,4.886552933,-4.966042061,0.358392328,0.176177174,0.010701589,8.64e-05,0.001122653,0.003507316,0.080890059,0.892938614,0.986978889,0.000303866,0.989037335,0.892492056,0.627242267,98.50597843,0.016965453,0.982379495,0.060221374,0.995538294,0.005019692,0.931330562,0.010758015,0.874684572,0.151333913,0.583890498,0.082268655,0.191278577,2.27e-08,0.960385799,0.998104095,1.3205746,1.084354075,0.187251642,0.828533947,0.688291728,0.666336,0.289172113,0.944590926,0.4723759,0.000226392,0.211083487,0.410552531,0.396243423,0.818177998,0.45892036,0.431289345,0.725803852,0.970409274,0.016665978,0.061892059,0.215878084,0.533742309,0.003670032,0.000185881,0.003554886,0.052111618,0.0021106,0.000963644,0.120114923,5.63e-05,0.047145318,0.712494612,0.013899732,0.998,0.223
"115","cid54678924","NC(=O)C1=C(O)C2(O)C(=O)C3=C(O)c4c(O)cccc4CC3CC2CC1=O",371.1,8,6,158.15,1,4,18,8,0,24,3,1,0.448,0.316,93.96,0,0,0,0,-2.440869224,1.082969149,0.158265571,3.785713053,5.85481609,-5.265552409,0.990602374,3.05e-05,0.069557942,0.014157951,0.003837705,0.289435983,0.942875061,0.92113018,0.998827159,0.000133623,0.000120998,0.004072597,0.845766485,72.32336822,0.086399692,28.53135462,3.23e-05,0.004415525,4.4e-09,0.030687962,0.475025386,5.14e-06,0.000103682,5.37e-06,0.001234784,7.38e-07,3.7e-13,0.01068942,0.801767826,0.33763281,1.61575498,0.009611604,0.89857918,0.39011851,0.445390463,0.200495347,0.423725247,0.322745651,1.61e-05,0.272176027,0.894763947,0.729122818,0.048349518,0.890360892,0.559619069,0.621426105,0.997016907,0.129220322,0.196032062,0.133744135,0.002302234,1.29e-05,5.29e-05,3.72e-05,0.005364568,1.71e-05,1.38e-06,0.833314776,2.99e-06,0.000165608,0.162849605,0.008967566,0.023,0.073
"116","cid70684233","CONC(=O)C1C(O)C2(O)c3c(OC)cc(OC)cc3OC2(c2ccc(OC)cc2)C1c1ccccc1",507.19,9,3,115.71,8,5,12,9,0,27,5,1,0.418,0.321,104.649,0,0,1,1,-4.268903868,2.818154864,2.601971204,7.911414417,5.292914059,-5.569803785,0.122072354,0.040950011,0.358948529,0.10657382,0.015628994,0.026117146,0.469812274,0.965660751,0.997115254,0.01936,0.33770448,0.02343433,0.521432459,91.81645145,0.042950466,6.222724303,0.982371509,3.44e-05,0.001829591,0.000160477,0.749657691,6.9e-05,0.983409643,0.015338917,0.002297523,2.52e-08,8.07e-05,0.380758315,0.475453526,3.589603605,1.458202477,0.147557095,0.723349512,0.690453112,0.363798589,0.338625312,0.095575429,0.580368042,1.88e-06,0.036326222,0.381870598,0.570508599,0.618375182,0.843170047,0.323978335,0.740758836,0.427958816,0.088944286,0.04307244,0.537124515,0.666471779,0.006110951,0.001530927,0.013483642,0.287580252,9.47e-05,1.09e-05,0.072297961,0.075500906,0.00041859,0.022660449,0.094881803,0.109,0.018
"117","cid56946209","CONC(=O)C1C(O)C2(O)c3c(OC)cc(OC)cc3OC2(c2ccc(OC)cc2)C1c1ccccc1",507.19,9,3,115.71,8,5,12,9,0,27,5,1,0.418,0.321,104.649,0,0,1,1,-4.268903868,2.818154864,2.601971204,7.911414417,5.292914059,-5.569803785,0.122072354,0.040950011,0.358948529,0.10657382,0.015628994,0.026117146,0.469812274,0.965660751,0.997115254,0.01936,0.33770448,0.02343433,0.521432459,91.81645145,0.042950466,6.222724303,0.982371509,3.44e-05,0.001829591,0.000160477,0.749657691,6.9e-05,0.983409643,0.015338917,0.002297523,2.52e-08,8.07e-05,0.380758315,0.475453526,3.589603605,1.458202477,0.147557095,0.723349512,0.690453112,0.363798589,0.338625312,0.095575429,0.580368042,1.88e-06,0.036326222,0.381870598,0.570508599,0.618375182,0.843170047,0.323978335,0.740758836,0.427958816,0.088944286,0.04307244,0.537124515,0.666471779,0.006110951,0.001530927,0.013483642,0.287580252,9.47e-05,1.09e-05,0.072297961,0.075500906,0.00041859,0.022660449,0.094881803,0.109,0.018
"118","cid6184667","CC(C)(C)c1cc(C(=O)C=Cc2ccc(C(=O)O)cc2)cc(C(C)(C)C)c1",364.2,3,1,54.37,6,2,6,3,0,15,0,0,0.545,0.333,19,0,1,1,0,-5.07598689,3.870960752,5.538520842,4.934626117,2.069331573,-4.909003223,0.92121172,0.799399495,0.002302022,0.067063749,0.29819876,0.088780522,0.738618255,0.999059021,0.999757707,0.000911815,0.98506999,1.02e-05,0.02814145,98.48328635,-0.441878638,0.808994573,1.34e-06,0.855633378,0.062096123,0.943673909,0.017037233,0.427960426,5.15e-09,4.39e-08,0.001675875,0.894571483,0.254672319,0.999765575,0.00026136,1.334483971,1.386907456,0.240395263,0.562488556,0.111235559,0.281143516,0.47494936,0.60233295,0.084236056,0.110176273,0.97326839,0.574012816,0.428480119,0.641908705,0.784354091,0.313361257,0.735057473,0.00812602,0.047139071,0.487582028,0.231401175,0.012124109,0.002262952,5.14e-05,0.001562718,0.408942908,0.005050403,0.009406199,0.550468028,0.000217364,0.204781979,0.993048906,0.002597115,0.998,1
"119","cid44197249","O=C(Nc1cccc(-c2cn3ccccc3n2)c1)c1cc2cccc(O)c2oc1=O",397.11,7,2,96.84,4,5,10,7,0,29,0,0,0.448,0,26,0,0,0,0,-4.639149167,2.978210381,2.955173141,8.353714218,2.539736022,-4.861777338,0.804525912,0.063006125,0.001860221,7.88e-05,0.016303241,0.010699987,0.050814867,0.664926231,0.989887655,0.007872356,0.998183429,0.001395354,0.98623383,97.70083357,-0.521410253,2.289266016,0.327055246,0.006555076,2.65e-05,7.57e-06,0.355160356,1.45e-05,0.659694076,0.439406246,0.000880496,0.017533518,9.46e-09,0.991561472,0.062086444,3.891776953,0.657360783,0.216811568,0.988220096,0.786753118,0.437237769,0.875022233,0.533902884,0.768611431,2.94e-05,0.651075125,0.630277693,0.730648398,0.442483097,0.403230876,0.33401069,0.412809193,0.995099366,0.129378051,0.201364487,0.62231499,0.991523862,0.27442044,0.097093664,0.54017061,0.888637841,0.021747416,0.428637564,0.953291833,0.629577398,0.125716388,0.988693535,0.904316008,0.971,0.998
"120","cid44185566","CN(C)C1CCC2C(CCC3C2CCC2(C)C(c4ccc5cnccc5c4)=CCC32)C1",414.3,2,0,16.13,2,6,17,2,0,31,7,1,0.536,0.621,116.426,0,1,1,0,-5.847286072,4.366409569,5.57098805,12.52950476,8.174942947,-4.996263706,0.009966529,0.033772472,0.046307757,4.72e-05,0.000327826,0.001453221,0.788520813,0.000271524,0.060895778,0.141310498,0.790532708,0.996043324,0.994868755,91.35628066,0.638005652,6.04647322,0.424565554,0.000161766,0.990333974,0.000340261,0.989313185,0.00722941,0.999285877,0.341100216,0.025349911,0.831752479,0.999939561,0.158800825,0.6650756,12.56420729,0.432450463,0.904255748,0.431302428,0.27146858,0.536886632,0.99080348,0.053146884,0.704017639,4.68e-07,0.001502401,0.982621133,0.867317319,0.933970153,0.951953113,0.180956706,0.395980656,0.00265146,0.171147987,0.643527389,0.757683039,0.001581304,0.001502149,6.72e-05,0.005480369,0.814749122,0.020062,1.95e-05,0.057105612,0.000559658,0.001291646,0.000853887,0.000885889,0.98,0.067
"121","cid44589607","CCOC(=O)C=Cn1nnc(-c2cccc(Cl)c2)n1",278.06,6,0,69.9,5,2,6,7,0,13,0,0,0.632,0.167,11,0,0,0,0,-3.800417243,2.692361548,2.634723593,6.396251375,2.429142202,-4.560320467,0.19836086,0.386366189,0.001028318,0.004109025,0.004061937,0.080016136,0.174765229,0.736275673,0.814105272,0.008762303,0.999905586,0.095477499,0.232268572,98.53186626,-0.327259149,1.205683255,0.011117069,0.929492533,0.000262345,0.855650902,0.340040296,1.36e-05,0.000961028,0.093641497,0.021779342,0.202605769,2.53e-06,0.980197072,0.031870086,4.318362498,0.750501084,0.178597078,0.57498318,0.335968167,0.294966042,0.354000419,0.777345657,0.484842539,0.352945685,0.915945292,0.378496051,0.458547086,0.435941339,0.309639722,0.232488468,0.636915445,0.458498895,0.052108068,0.170848444,0.331739694,0.052527148,0.002239788,0.001318061,0.001765732,0.023370188,2.01e-05,0.004916143,0.420646191,0.000530333,6.13e-06,0.008916464,0.000275648,0.612,0.67
"122","cid75053879","CCOC(=O)C=Cn1nnc(-c2cccc(Cl)c2)n1",278.06,6,0,69.9,5,2,6,7,0,13,0,0,0.632,0.167,11,0,0,0,0,-3.800417243,2.692361548,2.634723593,6.396251375,2.429142202,-4.560320467,0.19836086,0.386366189,0.001028318,0.004109025,0.004061937,0.080016136,0.174765229,0.736275673,0.814105272,0.008762303,0.999905586,0.095477499,0.232268572,98.53186626,-0.327259149,1.205683255,0.011117069,0.929492533,0.000262345,0.855650902,0.340040296,1.36e-05,0.000961028,0.093641497,0.021779342,0.202605769,2.53e-06,0.980197072,0.031870086,4.318362498,0.750501084,0.178597078,0.57498318,0.335968167,0.294966042,0.354000419,0.777345657,0.484842539,0.352945685,0.915945292,0.378496051,0.458547086,0.435941339,0.309639722,0.232488468,0.636915445,0.458498895,0.052108068,0.170848444,0.331739694,0.052527148,0.002239788,0.001318061,0.001765732,0.023370188,2.01e-05,0.004916143,0.420646191,0.000530333,6.13e-06,0.008916464,0.000275648,0.612,0.67
"123","cid676352","c1ccc(CNc2nc(NCc3ccccc3)c3ccccc3n2)cc1",340.17,4,2,49.84,6,4,10,4,0,23,0,0,0.526,0.091,18,0,1,1,0,-3.15999206,4.256405136,5.128318313,10.10655765,6.281297974,-5.032628361,0.009858515,0.996708393,6.26e-07,0.00036943,0.026150286,0.915052153,0.635401696,0.977554917,0.998150229,7.33e-06,0.999615431,0.879621208,0.120356716,99.48108413,0.235610491,0.187094003,0.001764453,0.998070896,0.500272095,0.866161883,0.017847719,1,0.112467431,0.999872804,0.050188784,0.965589821,8.74e-06,0.999689102,0.998236299,4.321076697,0.415807613,0.953532219,0.849818885,0.356134623,0.07583186,0.756680727,0.08423771,0.636040568,2.01e-12,0.00615098,0.226153731,0.829986989,0.976964295,0.618617296,0.110897146,0.790593207,0.981448829,0.077526331,0.978492022,0.949018478,0.921240211,0.019976726,0.025156666,0.016473234,0.832695842,0.00409224,0.035479967,0.872352064,0.222569481,0.002886227,0.734900177,0.24878718,0.991,0.386
"124","cid20959075","O=S(=O)(c1ccc(-c2cnc(C3CC3)o2)cc1)N1CCCc2ccccc21",380.12,5,0,63.41,4,5,10,6,0,27,0,0,0.675,0.286,63.556,0,1,0,0,-4.802099286,3.531149481,3.81064549,9.523956071,5.073182272,-4.678447851,0.005909074,0.985592246,0.002247436,4.41e-06,0.000731409,0.007039368,0.000832438,0.631608844,0.858100712,0.004015874,0.99999404,0.949206531,0.988296092,97.55485172,-0.152875363,2.363286248,2.15e-07,0.999998927,0.999972105,0.999999642,0.99990046,0.02005841,7.11e-06,0.999999523,0.999981523,0.962933838,6.26e-11,0.998698473,0.999822915,3.256567041,0.525781287,0.364165276,0.990516961,0.456544846,0.448108882,0.549853384,0.03869145,0.679587483,2.62e-05,0.132945687,0.506144464,0.843525052,0.304644704,0.463411272,0.223098829,0.497281969,0.948246658,0.081802398,0.226286128,0.588916659,0.017837239,0.544031501,0.04158695,0.030613706,0.054273523,0.002447552,0.002367082,0.52790314,0.001300028,0.001181032,0.972137988,0.001385238,0.336,0.041
"125","cid72199292","CC(C)(C#N)c1ccc(N2C(=O)OCc3cnc4ccc(-c5cnc6ccccc6c5)cc4c32)cc1",470.17,6,0,79.11,3,6,14,6,0,35,0,1,0.283,0.133,67.941,0,0,1,0,-5.626072746,3.376583537,3.989182229,9.283764495,4.150559981,-4.582154604,0.110273309,0.822330892,0.009096914,6.44e-06,3.17e-05,5.91e-05,0.003613234,0.78574729,0.957041204,0.361315101,0.999986887,0.008244512,0.585248291,98.59854444,-0.021667759,1.010545934,0.815521538,0.16783236,6.19e-05,0.000268197,0.775210381,0.001113454,0.479550868,0.763253033,0.434171289,0.000958928,5.27e-05,0.999915242,0.994688153,2.773931392,0.691256456,0.80395776,0.999806702,0.945076644,0.936950862,0.989961863,0.008758957,0.962300718,6.44e-11,0.003161726,0.967212856,0.948360264,0.989133656,0.955924451,0.845901072,0.994122446,0.999999642,0.452081829,0.403916925,0.939840674,0.929798126,0.048703671,0.07858216,0.713906944,0.390455902,0.012082182,0.244952276,0.453500003,0.058473349,0.027952747,0.98315376,0.934203327,1,0.418
"126","cid5113032","NC(=O)C1CCCc2c1[nH]c1ccc(Cl)cc21",248.07,3,3,58.88,1,3,13,4,0,16,1,1,0.801,0.308,55.529,0,1,0,0,-4.161313415,2.923402727,3.011994033,10.17331313,5.516005821,-5.01416628,0.460713953,0.011189522,0.028956994,2.86e-06,6.79e-06,4.7e-05,0.001747549,0.809382975,0.926527441,0.000994679,0.942054987,0.990276814,0.674418449,95.56573061,-0.340384557,4.372430014,0.470052719,0.001641874,0.549218178,0.001078296,0.935980976,0.072195381,0.214569584,0.001110081,0.929788053,0.000747332,0.001439944,0.067666925,0.035404086,4.83612866,0.666401727,0.333986044,0.782087088,0.542769253,0.437798053,0.524923682,0.163088307,0.548701942,0.000158457,0.537268043,0.769044042,0.640503764,0.849528134,0.545605063,0.516509891,0.59870708,0.963512003,0.052336425,0.062510729,0.583491564,0.048544563,0.001787478,0.001713263,0.00973587,0.043484326,0.008496447,0.023117024,0.040408526,0.000295384,0.002346564,0.117654823,0.008236036,0.377,0.025
"127","cid132496","CCCCCCN(CCCCCC)C(=O)Cc1c(-c2ccc(F)cc2)[nH]c2ccccc12",436.29,3,1,36.1,14,3,9,4,0,17,0,0,0.277,0.464,17,0,1,1,1,-6.377002444,5.096888857,6.995937169,11.4733181,4.65459251,-4.913133698,0.001659765,0.885296941,0.004579312,0.000932395,0.01859045,0.036915243,0.089839578,0.436607093,0.996055365,0.006901079,0.999983668,0.953672707,0.975221515,99.16607843,0.566868526,0.535195841,0.247101575,0.997162879,0.987411976,1.29e-07,0.991990864,5.74e-05,0.999382615,0.991692185,0.991879404,0.99663192,0.08402428,0.999994993,0.715766907,4.794416164,0.292317969,0.891379356,0.447774768,0.23781842,0.818678021,0.624754846,0.988108695,0.332699776,7.72e-05,0.249835953,0.987654746,0.56557399,0.701649368,0.451331884,0.232871965,0.971064448,0.11589054,0.021348489,0.530827045,0.626616776,0.214381188,0.229694635,0.01671702,0.268494278,0.422258079,0.028882893,0.012451476,0.723205268,0.034320787,0.202113882,0.470577151,0.56079936,0.978,0.134
"128","cid656346","CCOc1ccccc1C1CC(=O)Nc2cc3c(cc21)OCO3",311.12,5,1,56.79,3,4,13,5,0,22,1,0,0.945,0.278,65.217,0,0,0,0,-4.027529145,3.112268655,2.901646759,9.636916268,4.928160263,-4.64854413,0.136249185,0.629629493,0.004088639,1.37e-05,0.000252903,3.58e-06,0.007363558,0.597355127,0.538746178,0.005009633,0.999941349,0.073005714,0.684630871,98.49362656,-0.05414979,1.362126563,0.000552458,0.998912334,0.997162879,0.989875853,0.041588426,0.706231415,0.330483794,0.999591529,0.934984922,0.08817067,0.979904532,0.100283593,0.739976823,4.098721295,0.681490722,0.174789026,0.81933248,0.519251525,0.39697668,0.499647617,0.23258397,0.815825462,0.018132865,0.855336785,0.491533428,0.593115389,0.792277992,0.443570495,0.462661475,0.528353631,0.769803345,0.066302009,0.033409167,0.436508209,0.866774857,0.015369873,0.259401292,0.201757446,0.006610694,0.001612962,0.003921058,0.522226989,0.002856626,0.020940531,0.734496415,0.105140477,0.175,0.001
"129","cid56963564","CCOc1ccccc1-c1cc(=O)[nH]c2cc3c(cc12)OCO3",309.1,5,1,60.55,3,4,13,5,0,22,0,1,0.806,0.167,41.905,0,0,0,0,-4.177230473,3.012441137,2.912546514,9.996631551,5.139738823,-4.96128677,0.317555189,0.736041844,0.070613138,0.001336098,0.02556026,0.003262818,0.416137934,0.876852274,0.982334852,0.55332458,0.999973178,0.137762427,0.657310963,98.17563737,0.04943165,1.537324195,0.999970317,4.34e-06,0.978646338,8.08e-07,0.000665737,0.062550716,0.000858028,5.03e-05,0.999996185,0.000149998,0.383195937,7.14e-05,0.001090408,3.939830848,0.584943599,0.216224015,0.903917432,0.70512259,0.516586185,0.737831712,0.064212039,0.891960859,8.48e-05,0.650726855,0.56896472,0.555072486,0.872236609,0.356229872,0.581456125,0.636728525,0.986683547,0.174245238,0.226385996,0.626523793,0.978182554,0.045247767,0.137624398,0.052077122,0.100874297,0.007618427,0.001209552,0.635166287,0.084359512,0.12797004,0.727108598,0.404465258,0.507,0.055
"130","cid45100309","CCOC(=O)NC(=O)C(C#N)=Cc1ccc(Cl)c(Cl)c1",312.01,5,1,79.19,6,1,6,7,0,10,0,0,0.686,0.154,9,0,0,0,0,-4.629806314,3.502415124,3.758154463,7.953930735,2.87047103,-4.700226169,0.862503409,0.409479231,8.62e-07,0.0007025,0.00033617,0.023241282,0.782629579,0.99594444,0.999748766,1.46e-08,0.999964118,0.463317901,0.487221748,98.35136785,-0.155967081,1.129667949,0.077275366,0.494990736,0.844035506,0.123247772,0.062006455,0.196097463,1.99e-05,0.966731966,0.990853786,0.703149557,0.000641648,0.909554541,0.614788055,4.061321411,0.734384361,0.308628768,0.950671971,0.385054916,0.507219434,0.552688777,0.862403572,0.371946186,0.018940767,0.76103282,0.536872923,0.591277301,0.414242089,0.408531666,0.356899261,0.687762439,0.874406815,0.056180071,0.378991604,0.580066323,0.382872432,0.008374195,0.014066934,0.012127663,0.030607786,0.000720527,0.010949611,0.800784767,0.001974308,0.003248729,0.173131242,0.602651894,0.985,0.994
"131","cid4684074","CCOC(=O)NC(=O)C(C#N)=Cc1ccc(Cl)c(Cl)c1",312.01,5,1,79.19,6,1,6,7,0,10,0,0,0.686,0.154,9,0,0,0,0,-4.629806314,3.502415124,3.758154463,7.953930735,2.87047103,-4.700226169,0.862503409,0.409479231,8.62e-07,0.0007025,0.00033617,0.023241282,0.782629579,0.99594444,0.999748766,1.46e-08,0.999964118,0.463317901,0.487221748,98.35136785,-0.155967081,1.129667949,0.077275366,0.494990736,0.844035506,0.123247772,0.062006455,0.196097463,1.99e-05,0.966731966,0.990853786,0.703149557,0.000641648,0.909554541,0.614788055,4.061321411,0.734384361,0.308628768,0.950671971,0.385054916,0.507219434,0.552688777,0.862403572,0.371946186,0.018940767,0.76103282,0.536872923,0.591277301,0.414242089,0.408531666,0.356899261,0.687762439,0.874406815,0.056180071,0.378991604,0.580066323,0.382872432,0.008374195,0.014066934,0.012127663,0.030607786,0.000720527,0.010949611,0.800784767,0.001974308,0.003248729,0.173131242,0.602651894,0.985,0.994
"132","cid421610","CN(C)c1ccccc1CN1CCCN(Cc2ccccc2N(C)C)C1c1ccncc1",429.29,5,0,25.85,7,4,6,5,0,24,0,0,0.546,0.37,48.757,0,1,1,0,-3.797765446,3.172496617,3.598754628,9.823259939,7.757159679,-5.076327318,0.010885418,0.444158584,0.442788124,1.85e-05,0.000207126,0.001296759,0.02171731,0.670806468,0.433083296,5.04e-05,0.95462352,0.926269293,0.996458828,96.39068687,0.123116816,3.122200428,0.999984503,0.000890868,0.989373147,3.2e-06,4.55e-05,0.999999762,0.920211673,0.177891508,0.999891758,0.991566062,0.492500186,4.77e-07,0.998647392,8.638468481,0.361928689,0.694053948,0.02294785,0.758930564,0.539185643,0.442649573,0.990184426,0.709924102,0.000127792,0.297266155,0.995791793,0.31598115,0.814297676,0.882412791,0.219449863,0.150710061,0.995924115,0.03066902,0.032971516,0.866478562,0.006214135,0.045886736,1.47e-06,0.867506266,0.187575176,3.31e-07,5.32e-05,0.145115361,0.00148855,0.000181804,0.055238031,0.860171616,0.039,0.037
"133","cid11717001","OCCn1cc(-c2ccc3c(c2)CCC3=NO)c(-c2ccncc2)n1",334.14,6,2,83.53,4,4,9,6,0,22,0,0,0.568,0.211,43.478,0,0,0,0,-3.431389747,2.309717286,2.051964936,9.700700317,5.894197625,-5.232645975,0.23134841,0.796002865,0.005293372,0.000186861,0.009889424,0.036209166,0.56764406,0.129171848,0.264411986,0.929189265,0.998926699,0.107611924,0.202390239,79.30482449,-0.127222025,12.00856448,0.056344923,0.175812051,1.98e-07,0.056123808,0.916218102,0.951805472,0.896970034,0.752966046,0.056555782,0.002403185,6.99e-08,0.997214496,0.011940142,4.154454097,0.733698408,0.167423204,0.995185673,0.852563918,0.56689471,0.617507875,0.665291011,0.951819301,3.96e-08,0.065118551,0.951453745,0.875886917,0.5825122,0.904050052,0.640126586,0.927388549,0.997344792,0.080773905,0.022893835,0.333481401,0.931684315,0.03005857,0.000402651,0.339163333,0.053290594,0.002634543,0.016705204,0.330515623,0.026700854,0.016733928,0.137060598,0.022114918,0.238,0.709
"134","cid25093303","OCCn1cc(-c2ccc3c(c2)CCC3=NO)c(-c2ccncc2)n1",334.14,6,2,83.53,4,4,9,6,0,22,0,0,0.568,0.211,43.478,0,0,0,0,-3.431389747,2.309717286,2.051964936,9.700700317,5.894197625,-5.232645975,0.23134841,0.796002865,0.005293372,0.000186861,0.009889424,0.036209166,0.56764406,0.129171848,0.264411986,0.929189265,0.998926699,0.107611924,0.202390239,79.30482449,-0.127222025,12.00856448,0.056344923,0.175812051,1.98e-07,0.056123808,0.916218102,0.951805472,0.896970034,0.752966046,0.056555782,0.002403185,6.99e-08,0.997214496,0.011940142,4.154454097,0.733698408,0.167423204,0.995185673,0.852563918,0.56689471,0.617507875,0.665291011,0.951819301,3.96e-08,0.065118551,0.951453745,0.875886917,0.5825122,0.904050052,0.640126586,0.927388549,0.997344792,0.080773905,0.022893835,0.333481401,0.931684315,0.03005857,0.000402651,0.339163333,0.053290594,0.002634543,0.016705204,0.330515623,0.026700854,0.016733928,0.137060598,0.022114918,0.238,0.709
"135","cid57519545","OCCn1cc(-c2ccc3c(c2)CCC3=NO)c(-c2ccncc2)n1",334.14,6,2,83.53,4,4,9,6,0,22,0,0,0.568,0.211,43.478,0,0,0,0,-3.431389747,2.309717286,2.051964936,9.700700317,5.894197625,-5.232645975,0.23134841,0.796002865,0.005293372,0.000186861,0.009889424,0.036209166,0.56764406,0.129171848,0.264411986,0.929189265,0.998926699,0.107611924,0.202390239,79.30482449,-0.127222025,12.00856448,0.056344923,0.175812051,1.98e-07,0.056123808,0.916218102,0.951805472,0.896970034,0.752966046,0.056555782,0.002403185,6.99e-08,0.997214496,0.011940142,4.154454097,0.733698408,0.167423204,0.995185673,0.852563918,0.56689471,0.617507875,0.665291011,0.951819301,3.96e-08,0.065118551,0.951453745,0.875886917,0.5825122,0.904050052,0.640126586,0.927388549,0.997344792,0.080773905,0.022893835,0.333481401,0.931684315,0.03005857,0.000402651,0.339163333,0.053290594,0.002634543,0.016705204,0.330515623,0.026700854,0.016733928,0.137060598,0.022114918,0.238,0.709
"136","cid17755052","CS(=O)(=O)N1CCN(Cc2cc3nc(-c4cccc5[nH]ncc45)nc(N4CCOCC4)c3s2)CC1",513.16,10,1,107.55,5,6,9,12,0,34,0,0,0.433,0.435,79.515,0,0,1,1,-3.304706302,2.902198779,2.820908262,7.274969975,6.046687549,-5.219780063,0.00362743,0.283856452,0.186312243,0.009478211,0.029713273,0.094596565,0.057385504,0.014025969,0.039483495,6.48e-05,0.999445379,0.013160253,0.99428314,91.82218873,-0.064679255,7.693812042,0.065171398,0.050296977,0.644009948,0.230673343,0.226839736,0.227248907,0.823296845,0.377649784,0.010934955,0.052956741,2.45e-07,0.993842363,0.05190105,4.920441361,0.581187355,0.670199394,0.999875903,0.729381084,0.755301356,0.655219316,0.543680549,0.988755405,5.3e-09,0.001250948,0.970752895,0.969855249,0.813689888,0.798570395,0.282282889,0.936971903,0.999985337,0.268214762,0.00860634,0.651566863,0.058848612,0.024479266,0.005512023,0.055507276,0.434257567,0.008463239,0.002824624,0.971425951,0.014737695,0.029574482,0.052526258,0.028464623,0.214,0.042
"137","cid148198","N#CNC(=NCCCCCCOc1ccc(Cl)cc1)Nc1ccncc1",371.15,6,2,82.33,11,2,6,7,0,14,0,0,0.227,0.316,10,0,0,0,0,-4.502422145,3.220453701,3.900880406,8.991511382,6.488199423,-4.982092514,0.821475267,0.937672317,0.957339644,0.014030159,0.015199542,0.070560396,0.705555111,0.996238947,0.994629323,0.000641,0.991140664,0.479974687,0.03208274,77.51339747,-0.041139839,12.94344,0.999999166,0.115018144,3.72e-07,0.005741707,2.73e-05,0.126292467,1.3e-05,1,0.999997735,0.003971527,1.72e-10,0.997199059,0.021740489,5.490877814,0.606959965,0.6583395,0.795945048,0.172899604,0.77121079,0.334040612,0.97282207,0.266759127,0.000247657,0.389220655,0.81758672,0.367939293,0.418831468,0.432522863,0.064848378,0.660717666,0.284911215,0.021321718,0.048850741,0.363550782,0.974726915,0.001026799,3.7e-06,0.090894371,0.002820168,0.001131773,2.76e-05,0.524980485,3.75e-05,0.365422338,0.967886209,0.034674484,0.565,0.033
"138","cid448949","O=Nc1c(-c2c(O)[nH]c3cc(Br)ccc23)[nH]c2ccccc12",355,5,3,81.24,2,4,9,6,0,21,0,1,0.433,0,21,0,0,0,0,-5.067083867,2.834223147,3.635502731,9.68668767,3.209306701,-5.283828225,0.840269506,0.277941346,6.71e-05,0.006948471,0.011667907,0.153445721,0.411226869,0.958354235,0.995871365,0.001038431,0.997752249,0.041432504,0.660367072,98.39288126,0.058950051,1.122974791,0.140051156,0.828177333,0.000105458,0.119137406,9.73e-06,0.010067195,0.032124918,0.028872777,0.330088407,7.86e-05,5.18e-13,0.999966621,0.005301447,1.610074485,0.871619116,0.090557985,0.98584336,0.778008282,0.700841427,0.786141813,0.954106152,0.721751034,0.000192377,0.959717095,0.873061061,0.741603315,0.483006299,0.54345423,0.635481775,0.799800694,0.990284026,0.095517121,0.288276434,0.506692946,0.999694347,0.026461476,0.128646478,0.604133606,0.930882335,0.200983822,0.168920189,0.958057106,0.204224974,0.495558083,0.999548972,0.911139667,0.988,0.518
"139","cid71729975","CCOC(=O)CCNc1cc(N2CCc3ccccc3CC2)nc(-c2ccccn2)n1",417.22,7,1,80.24,8,4,11,7,0,25,0,0,0.589,0.333,45,0,0,1,0,-4.616807958,3.600357269,4.117205302,10.15990883,6.203488446,-4.698651935,0.028242527,0.948487639,0.80518353,8.34e-06,0.028429151,0.004793942,0.762974754,0.096771628,0.340227246,0.010810966,0.999999046,0.549489915,0.987628341,98.71053213,-0.180725133,0.98868244,0.700986207,0.998575449,2.21e-07,0.958705723,0.065847486,0.004374051,0.132007539,0.007627033,0.428104669,0.482726961,0.000154805,0.089494497,0.908850968,5.845932525,0.3571587,0.72584033,0.57893914,0.230122462,0.261803448,0.75785476,0.619611263,0.601289332,2.02e-08,0.146041647,0.87514025,0.756527424,0.901622951,0.623249292,0.308754504,0.78980267,0.972960114,0.057676971,0.176958397,0.31432572,0.833783209,0.02401763,0.442472428,0.079147689,0.399799258,0.002727888,0.082856908,0.184884906,0.114303805,0.012947673,0.114060581,0.233429357,0.335,0.21
"140","cid23582824","O=C1NC(=O)C(=Cc2ccc3nccc(-c4ccncc4)c3c2)S1",333.06,5,1,71.95,2,4,10,6,0,25,0,0,0.725,0,40,0,0,0,0,-3.645331739,1.831743144,1.507994279,7.476027338,4.465944483,-4.752730339,0.872831225,0.032486651,0.000719253,0.014786303,0.001178563,0.003317297,0.002726138,0.607572854,0.327706963,2.07e-05,0.991063356,0.074970506,0.181794092,96.47743351,-0.324238051,2.059051434,4.11e-05,0.942257762,5.13e-08,0.999879003,0.006888082,0.000669111,0.00112176,0.995777607,0.000255977,0.992899179,9.84e-14,0.999999881,0.473483086,1.962608408,1.00694852,0.19956252,0.99982053,0.68387723,0.755362868,0.836680412,0.848274946,0.642338216,2.43e-06,0.566265523,0.978569746,0.705620348,0.918386042,0.282535225,0.542257071,0.699788809,0.979230821,0.084999934,0.349477351,0.513119638,0.134410948,0.001344484,8.36e-05,0.522698581,0.000423082,3.23e-05,0.286837399,0.741608202,0.00070146,0.070901059,0.797146738,0.064919025,0.936,0.988
"141","cid56949517","Cc1c(Cn2c(C)nc3c(C(=O)O)cc(N4CCOCC4)cc32)cccc1C(F)(F)F",433.16,6,1,67.59,5,4,9,9,0,23,0,0,0.666,0.364,58.933,0,1,1,0,-4.73703353,2.647551517,3.174078445,5.568020941,3.100327905,-5.212021886,0.988391042,0.018267293,0.823908508,2.28e-05,0.007456183,0.001681805,0.02631861,0.244825333,0.579473436,5.97e-06,0.887498438,0.820157409,0.999981165,98.07234143,-0.280552656,1.668194602,0.8442927,0.945318103,0.039224397,0.273449063,0.69487375,0.000414655,0.016090769,0.959374547,0.010960704,0.019931626,1.15e-07,0.996958017,0.90791738,2.790505166,1.077065252,0.288160354,0.98665446,0.395982444,0.391806155,0.478233784,0.340551645,0.63072747,0.00018872,0.339183718,0.761401594,0.940717578,0.947592378,0.908957422,0.515885949,0.957930505,0.995097935,0.12207602,0.057121392,0.279362768,0.049247704,0.571975589,0.004738359,0.48703742,0.100075811,0.001917142,0.073179334,0.65758729,0.026886087,0.01717394,0.280388832,0.083559766,0.057,0.002
"142","cid50905018","CC(C)(C)OC(=O)CN(Cc1ccc(Cl)cc1)Cc1ccc([N+](=O)[O-])s1",396.09,6,0,72.68,9,2,6,8,0,13,0,0,0.387,0.389,16,0,1,1,0,-4.738702274,3.849855819,4.064429093,9.009595089,5.973921178,-4.917726015,0.283891082,0.29968816,0.000576369,0.004429758,2.4e-05,0.001777112,0.007538855,0.010677638,0.205056921,0.000663583,0.999985695,0.987873733,0.973423243,98.78417896,0.019422913,1.075929506,0.03300349,1,0.294549823,0.999998927,0.00081004,0.998588026,0.002437047,0.996987283,0.931752086,0.999993801,2.52e-07,0.999991775,0.9593063,5.455385565,0.511877715,0.396878034,0.994593322,0.871093333,0.32064876,0.248762533,0.997913182,0.936147988,0.085168272,0.749715388,0.897922456,0.260852545,0.228818029,0.119904324,0.2473488,0.665368676,0.999984026,0.047322921,0.024247291,0.824068427,0.152705148,0.000709661,0.002927661,0.025145898,0.025231276,0.000108202,0.001834457,0.859143257,0.000383841,0.193911821,0.879153669,0.25614509,0.979,0.001
"143","cid15983966","CC(Oc1cc(-n2cnc3ccc(CN4CCN(C)CC4)cc32)sc1C(N)=O)c1ccccc1C(F)(F)F",543.19,7,2,76.62,8,5,9,11,0,28,1,0,0.351,0.333,99.889,0,0,1,1,-4.165925958,3.554362404,4.163974879,8.418627114,8.00836982,-5.170809736,0.001416237,0.983463585,0.730189621,5.66e-05,0.003130734,0.00088352,0.000399888,0.013856342,0.018471215,0.004097374,0.997627199,0.808466911,0.999818861,95.05679169,0.963171747,4.190865974,0.999607027,0.746293545,0.071315296,0.000133699,5.43e-05,0.217404261,0.004413839,0.012445198,0.996398926,0.487095356,1.35e-08,0.891746342,0.024131708,5.307315055,0.712790229,0.978617311,0.984858274,0.77841413,0.7271173,0.835246086,0.402968735,0.718437254,5.04e-08,0.000322688,0.852731168,0.984020233,0.999061882,0.964208126,0.784421802,0.98324585,0.999998569,0.368908018,0.300239444,0.899791121,0.079698771,0.010405161,0.011399225,0.130740851,0.444445252,0.005847568,0.002354073,0.648613036,0.036368843,0.032329753,0.766349435,0.084575117,0.568,0.024
"144","cid46943432","CCNC(=O)CC1N=C(c2ccc(Cl)cc2)c2cc(OC)ccc2-n2c(C)nnc21",423.15,7,1,81.4,6,4,14,8,0,23,1,0,0.679,0.273,70.643,0,0,1,0,-4.142488504,2.427630411,2.276540651,7.620169245,3.670282524,-4.590930328,0.002715695,0.306100368,0.671485007,1.05e-05,5.85e-05,6.08e-05,0.111765802,0.035995811,0.012737234,0.00014292,0.999161482,0.996140301,0.788079917,92.55710972,-0.061407485,5.949658419,0.99653095,0.342701614,1,0.002532761,0.101915985,0.006126511,5.31e-07,0.985159457,0.999952078,0.015819617,5.62e-05,0.876501381,0.988887608,2.212785101,1.076921785,0.579291821,0.925763845,0.067610905,0.362942845,0.993786097,0.391942471,0.090963252,4.17e-10,0.00203393,0.799204111,0.693453014,0.999694228,0.885126829,0.717292249,0.919625938,0.999858141,0.046818968,0.040876236,0.777936697,0.161751702,0.002915052,7.58e-05,0.084703311,0.059299327,0.000532953,0.000654993,0.109743252,0.014534993,0.000125314,0.045592904,0.002066022,0.166,0.001
"145","cid9911463","COc1ccc2c(c1)c(CCN1CCOCC1)c(C)n2C(=O)c1cccc(Cl)c1Cl",446.12,5,0,43.7,6,4,9,7,0,23,0,0,0.562,0.348,51.935,0,1,1,0,-4.323028085,3.380198182,3.638756578,9.240305524,6.637531434,-5.018251791,0.015854867,0.86866945,0.030510562,2.38e-06,0.000131965,0.001079917,0.363945246,0.650162399,0.880931973,0.027304405,0.999949455,0.996677279,0.991203427,92.30617185,0.100683056,6.844116053,0.99948585,0.013217696,0.999766529,0.004694173,0.283153653,0.642222404,0.934046268,0.973097563,0.889843225,0.584331155,0.884836912,0.471111208,0.917827964,6.584532864,0.375323232,0.84175688,0.958751082,0.52519685,0.78957361,0.897706926,0.814638674,0.842356503,3.59e-06,0.004734144,0.980743289,0.831354558,0.981008887,0.771885216,0.585391521,0.95838207,0.694464743,0.17628099,0.203614578,0.78307122,0.683947146,0.208082661,0.015341797,0.28658402,0.193755269,0.244990408,0.000426475,0.123727083,0.002682014,0.0726519,0.323257655,0.972736001,0.475,0.002
"146","cid9826308","COc1cc2ncn(-c3cc(OCc4ccccc4C(F)(F)F)c(C(N)=O)s3)c2cc1OC",477.1,7,2,88.6,8,4,9,11,0,22,0,0,0.413,0.182,26,0,0,1,0,-5.022958264,3.538453579,3.857930559,9.077522136,5.559919364,-5.301064464,0.063978568,0.970366955,0.002388518,0.002614319,0.006734133,0.004589736,0.015723825,0.989128649,0.999596298,0.588849962,0.996518612,0.022345262,0.867152691,98.51026708,0.43303994,1.41242616,0.853887856,0.969556451,3.22e-05,0.907480776,0.293415487,2.97e-06,0.996604681,0.980477095,0.999915361,0.483349621,1.97e-07,0.996747017,0.030447051,6.640389783,1.031335678,0.579863906,0.984701931,0.710594714,0.439545214,0.413922578,0.150099993,0.803562343,2.8e-07,0.012988927,0.224945351,0.945892751,0.980936706,0.894864678,0.788603425,0.812533319,0.999995589,0.340193361,0.264998913,0.780480325,0.94857347,0.157374561,0.205105469,0.311385125,0.637128711,0.020892316,0.009333558,0.766732156,0.099774383,0.120767765,0.968647659,0.873966992,0.873,0.114
"147","cid16065773","N#Cc1nc2c(nc1C#N)-c1ccc(Cl)cc1C2=O",266,5,0,90.43,0,3,13,6,0,18,0,1,0.621,0,34,0,0,0,0,-4.721674463,2.39118328,2.515419166,5.792461917,0.402690809,-4.7147379,0.1982636,0.99782455,3.35e-05,0.004748106,0.001436412,0.016938627,0.879804574,0.258997768,0.456134051,4.45e-06,0.999992132,0.053440407,0.652078927,97.6496201,0.300559953,1.850414613,0.998001635,0.9892748,0.08652509,0.996111214,0.007390372,0.530064702,0.000594261,0.803104818,0.903089523,0.001258847,7.54e-05,0.775155663,0.340799958,1.899346387,1.721972383,0.163365945,0.996004164,0.57534641,0.697341263,0.752753735,0.186533794,0.558974385,0.005841685,0.869396508,0.97018832,0.583114743,0.669297695,0.571399212,0.498663187,0.243805528,0.99770087,0.041273262,0.176298425,0.701663971,0.987248838,0.920026124,0.685748041,0.652701855,0.674930871,0.457443208,0.243026763,0.957104445,0.547039509,0.614622295,0.998774707,0.966273308,0.689,0.021
"148","cid2742550","Cc1c(C(=O)Nc2cccc(C(F)(F)F)c2)cc(-c2ccccc2)n1CCCN1CCOCC1",471.21,5,1,46.5,9,4,6,8,0,24,0,0,0.498,0.346,53.486,0,1,1,0,-5.178718415,3.895108706,4.582794289,9.518284232,7.176383693,-5.176187384,0.022198709,0.995736122,0.83906287,3.1e-06,0.002394795,0.001119912,0.011472225,0.001310751,0.01902535,0.202625945,0.999996901,0.901378214,0.999836922,95.62412999,0.236408153,3.800599439,0.047453046,0.547242939,0.002542743,0.1567709,4.16e-07,0.197512835,0.011277574,0.965560138,0.754695117,0.810125887,8.63e-08,0.999269664,0.951444805,5.765277866,0.684994337,0.93302381,0.871421993,0.410084814,0.225148693,0.734437943,0.651180744,0.183803409,6.14e-06,0.040850628,0.517122269,0.858387291,0.968741417,0.660036504,0.346432537,0.97156477,0.968723834,0.240824282,0.687804043,0.916953802,0.904542923,0.060305938,0.00866932,0.574819505,0.797925293,0.036688775,0.002775899,0.942153394,0.142984882,0.01278828,0.932615399,0.909123898,0.668,0.021
"149","cid52912189","COc1cc2c(cc1-c1c(C)noc1C)ncc1[nH]c(=O)n(C(C)c3ccccn3)c12",415.16,8,1,98.83,4,5,13,8,0,27,1,1,0.473,0.217,56,0,0,1,0,-4.675382772,2.804983266,2.635003091,10.64622397,6.392211616,-4.881683228,0.018522711,0.057520881,0.041065805,8.2e-05,0.001418114,0.224221766,0.939804114,0.907096326,0.962520182,0.277019411,0.979696035,0.949123502,0.97702992,95.54789437,-0.142023842,4.090634229,0.977355838,0.86215502,0.998748422,0.369463533,3.58e-05,4.17e-07,1.02e-07,0.075323798,0.999890804,0.001355064,0.557887554,0.985856295,0.027205149,3.02270599,0.613639293,0.312153101,0.99855417,0.660281181,0.715933144,0.930756629,0.016817786,0.658327818,5.47e-09,0.023285683,0.985866189,0.936593831,0.935927749,0.962856054,0.838983297,0.972447217,0.999860168,0.448708534,0.198043913,0.554748356,0.093891151,0.004076355,1.22e-05,0.131169841,0.000614313,4.18e-06,0.000586258,0.045316599,0.019987337,0.000729243,0.001543801,0.000800432,0.028,0.002
"150","cid9908783","Cc1ccccc1-n1c(Cn2cnc3c(N)ncnc32)nc2cccc(C)c2c1=O",397.17,8,2,104.51,3,5,10,8,0,28,0,0,0.502,0.136,27,0,0,0,0,-3.701017587,2.462694902,2.214015101,8.036643413,4.850857396,-4.972042442,0.412635684,0.350044906,0.165890291,2.66e-05,0.009141147,0.221722484,0.964396276,0.97257185,0.963170588,0.000684228,0.78489691,0.953693807,0.968294561,88.24105529,0.102955784,11.74208143,0.329483658,0.047698289,0.010160868,0.056115054,0.049258634,0.000383989,0.022160325,0.969800651,0.85667038,0.001441965,2.54e-06,0.978182197,0.993710756,4.647673488,0.693527944,0.256057501,0.98888284,0.881561339,0.464866847,0.769733131,0.468935132,0.69861567,1.24e-06,0.108448617,0.80987674,0.848330796,0.995858252,0.709964991,0.841027856,0.774469852,0.999836087,0.15669927,0.329857767,0.729380012,0.23592557,0.204962656,8.77e-05,0.267107755,0.195042998,0.002874363,0.001604977,0.369785786,0.01029173,0.001960774,0.150567397,0.191224843,0.111,0.01
"151","cid3676137","CC1CC(C)CN(c2cc(Nc3ccccc3C(=O)O)c3c4c(onc24)-c2ccccc2C3=O)C1",467.18,7,2,95.67,4,6,15,7,0,33,2,0,0.336,0.25,108.429,0,0,1,0,-7.048841453,4.395143625,6.535144787,9.010031554,2.113724569,-4.913941546,0.037268538,0.356210202,0.001128945,4.91e-05,5.25e-05,0.006794453,0.761079431,0.985826194,0.991864622,0.002162017,0.998476088,0.041687101,0.997674406,98.52473674,-0.247523011,0.870170638,0.000231448,0.99992919,0.249939755,0.999970555,0.606503665,0.505548716,3.57e-05,0.031750001,3.85e-05,0.053698149,3.75e-09,0.999999881,0.999930859,1.968486773,0.78466124,0.477248907,0.999984741,0.647822261,0.222307384,0.264030993,0.057610154,0.47812444,6.57e-09,0.039687045,0.926416636,0.990974486,0.931931674,0.946215808,0.969920754,0.993739009,0.995271385,0.191119254,0.312366217,0.385893136,0.934954464,0.264137208,0.008110549,0.366175056,0.106275208,0.003309909,0.705817163,0.996488333,0.021403756,0.978104651,0.963819385,0.438414633,0.831,0.291
"152","cid675434","Cc1cc(C(=O)CN2CCCC2)c(C)n1-c1ccc(F)cc1",300.16,3,0,25.24,4,3,6,4,0,17,0,0,0.807,0.389,39.44,0,1,0,0,-4.236606394,3.500651616,3.786013948,8.874187937,7.072431813,-5.100988172,0.015046728,0.626762569,0.036111958,1.19e-07,0.000273526,0.000310779,0.055745244,0.140473694,0.043305829,0.000424601,0.998091519,0.999990463,0.999768794,89.48350058,0.478496613,7.728992307,0.625834703,0.994721889,0.83271867,0.629266381,0.167012051,0.930326819,0.999017835,0.519098997,0.793061972,0.962200165,4.55e-06,0.995837092,0.994127035,6.969523036,0.349690784,0.859429419,0.182209283,0.424956888,0.831947565,0.90344131,0.621003807,0.84707427,0.01436557,0.105711609,0.980018914,0.791597962,0.985396445,0.423378229,0.315443069,0.963307381,0.949706137,0.073528059,0.055187736,0.566101789,0.001588971,0.009834842,0.014939968,0.032454327,0.048195664,0.000304486,5.49e-05,0.146289721,0.013343316,0.510221958,0.002040476,0.095044568,0.193,0.583
"153","cid46907787","Cc1sc2c(c1C)C(c1ccc(Cl)cc1)=NC(CC(=O)OC(C)(C)C)c1nnc(C)n1-2",456.14,6,0,69.37,5,4,13,8,0,22,1,1,0.486,0.391,82.688,0,1,1,0,-5.318654834,3.4477411,3.849574703,9.331147628,4.776021023,-4.768684031,0.006429702,0.889203489,0.080904528,1.31e-06,0.000176489,0.003431559,0.428759933,0.053538594,0.020332661,0.004150146,0.999603212,0.999227047,0.965135813,92.94938423,0.047264959,5.566113599,0.000590868,0.951832592,0.999927521,0.956134081,2.09e-05,0.998443902,1.39e-09,0.935922325,1,0.478804022,0.003048842,1,0.972225189,2.957439968,0.833060024,0.339474142,0.968707085,0.086240448,0.518954635,0.976536214,0.890075922,0.182828113,5.59e-07,0.006722094,0.865967155,0.784889877,0.997320473,0.851395786,0.692894399,0.907146156,0.999759376,0.028847571,0.015732694,0.596987367,0.245990053,0.002805203,0.000310171,0.353156418,0.08459159,0.002185556,0.002662865,0.213875175,0.006884316,0.001332566,0.537462711,0.014957783,0.696,0.001
"154","cid57330099","CC(C)c1ccccc1OC(=O)NCCc1ccc2ccccc2c1",333.17,3,1,38.33,7,3,10,3,0,18,0,0,0.688,0.227,16,0,1,1,0,-5.459260999,4.210719083,4.865237175,10.10162836,4.803260817,-4.594018397,7.6e-05,0.997325659,0.271122694,0.008390009,0.156183958,0.754377723,0.95873687,0.907797515,0.289283603,0.949274004,0.999999046,0.227280036,0.873919725,99.0650031,0.293177016,0.368226128,0.314255863,0.999998927,0.958589137,0.999998212,0.787379265,0.964057326,0.05246453,0.999141335,0.934007704,0.065529205,7.42e-06,0.999999881,0.99997282,5.558038496,0.464915346,0.255059332,0.238846257,0.717688441,0.744869113,0.596161544,0.39425087,0.546745181,0.000169752,0.264625907,0.632325768,0.655247629,0.782877803,0.622011781,0.372206718,0.681670427,0.970841229,0.026294058,0.272293985,0.169120088,0.05461305,0.008018959,8.2e-05,0.049626164,0.980537713,0.379561752,0.00028167,0.65559119,0.000639637,0.008721215,0.970557928,0.074872762,0.998,0.676
"155","cid2946601","COc1ccc(C2(CNC(=O)c3ccc(NC(=O)c4ccco4)cc3)CCOCC2)cc1",434.18,7,2,89.8,9,4,6,7,0,25,0,0,0.586,0.28,50.875,0,0,1,0,-4.522724052,3.247754025,3.002586426,9.466469138,6.219721838,-5.122286285,0.065316834,0.842068851,0.064888395,0.024500132,0.055072308,0.24793601,0.852563977,0.7251513,0.984193146,0.035871625,0.955375671,0.001771917,0.196171388,96.79119706,0.041477243,2.483535347,0.369585395,0.992233038,0.927853048,0.999999404,0.00031954,0.996531785,0.987982213,0.264874965,0.001499487,0.04735437,5.33e-08,0.999999762,0.846118271,5.472000548,0.489473965,0.878886163,0.995135367,0.731775403,0.368941158,0.25607878,0.043670367,0.744342804,6.54e-09,0.039828744,0.266963482,0.528258145,0.430639952,0.303616107,0.285995245,0.633571982,0.992714345,0.131037936,0.112559721,0.696721196,0.101781905,0.014506681,0.0008125,0.070220292,0.654012024,0.00206474,0.016219556,0.911552191,0.102926344,0.040251892,0.697691858,0.599193752,0.411,0.245
"156","cid16013152","COc1ccc(-n2c(SCc3nc(-c4ccc(C)cc4)no3)nnc2-c2ccncc2)cc1",456.14,8,0,91.75,7,5,6,9,0,28,0,0,0.316,0.125,25,0,0,1,0,-4.776358109,3.225837056,3.426001426,8.698683568,4.109453483,-4.670544726,0.002275794,0.74243027,1.14e-06,0.000137448,5.17e-05,0.006874204,0.178926766,0.963595629,0.651675463,4.3e-06,0.999983788,0.020389115,0.15604566,97.40468237,-0.137111457,2.087838831,0.927023292,0.984643936,0.32910341,0.999188364,0.000791486,0.004234747,0.109724313,0.982038021,0.997750342,0.621796846,1.14e-05,0.999890089,0.999924898,3.637812289,0.528205665,0.660299718,0.980424047,0.648295999,0.46273616,0.566435099,0.419465721,0.737487257,8.96e-07,0.083432533,0.71600908,0.817154467,0.90733248,0.690697253,0.527503073,0.84095782,0.834545195,0.114227936,0.173654646,0.596417606,0.923015356,0.070871994,0.001538491,0.097259991,0.123155706,0.000130159,0.081947707,0.146740526,0.066654056,0.023191392,0.062854901,0.009308373,0.287,0.029
"157","cid44237094","CCOC(=O)c1c(C(C#N)=CN)c2ccc(Cl)c(Cl)c2n1C",337.04,5,2,81.04,4,2,9,7,0,13,0,1,0.686,0.2,15,0,0,0,0,-5.019444841,3.360925382,3.684245625,8.677946005,5.331961151,-4.824149076,0.248825878,0.74695164,0.001017833,5.72e-05,0.000638425,0.013569236,0.33837229,0.833621144,0.979757369,0.000255212,0.99993968,0.904935658,0.921925783,97.92272267,0.231014053,1.894029601,0.098497391,0.812627554,0.08534953,0.993334532,0.933053076,0.285600424,0.076073401,0.540162146,0.871680737,0.951680958,0.138757333,0.892660916,0.920180857,6.295486246,0.624700514,0.201068252,0.989947379,0.623258352,0.509978533,0.587624609,0.572536409,0.786253273,0.000357301,0.512829304,0.961757541,0.541680872,0.928476214,0.596878827,0.290312588,0.380421519,0.865627289,0.073674724,0.126384512,0.594503403,0.945178866,0.02408682,0.138177305,0.71946007,0.05016391,0.05939246,0.003121891,0.415205687,0.010063373,0.437318295,0.902743936,0.643399715,0.868,0.006
"158","cid71304818","CC(C)CNc1ccnc(NCc2csc(-c3ccccc3)n2)n1",339.15,5,2,62.73,7,3,6,6,0,17,0,0,0.673,0.278,15,0,1,1,0,-4.957578547,4.055966569,4.718104416,10.33830484,4.846124113,-4.864390823,0.000528314,0.263471097,0.006039966,4.26e-05,0.000928521,0.028446913,0.91272939,0.788345277,0.783240378,0.455960304,0.997541308,0.857937634,0.637937427,98.8520147,0.171786902,1.082953392,0.548319757,0.999919176,0.993999004,0.999380231,0.574160337,0.99992919,0.963642716,0.925301433,0.977351725,0.99996829,0.003635318,1,0.984184265,5.312957038,0.498073119,0.692961395,0.900294781,0.28980273,0.212278083,0.240896896,0.186870292,0.766927183,1.17e-06,0.333955944,0.501938999,0.689816773,0.623969436,0.637320161,0.13862434,0.638147771,0.989941776,0.032459192,0.285331219,0.452897638,0.73486954,0.001538128,0.001196254,0.002812811,0.772874236,0.000991666,0.020750908,0.837466896,0.006328472,0.000699203,0.756619811,0.000261167,0.537,0.618
"159","cid53495165","COc1cc(-c2ncn(C=CC(=O)OC(C)C)n2)cc(C(F)(F)F)c1",355.11,6,0,66.24,7,2,6,9,0,13,0,0,0.608,0.312,16,0,1,0,0,-4.574064197,3.455396844,3.703073518,8.825369465,4.261356836,-4.601855578,0.055502512,0.979736626,0.001049357,0.000222862,0.024007142,0.013152421,0.079038799,0.856364787,0.997602761,0.374512166,0.999888539,0.342518598,0.992950439,97.40256458,0.297240283,2.158852313,0.289122194,0.997445822,0.430167466,0.056538876,0.033062555,0.06386102,0.000136827,0.425121844,0.992056191,0.229622483,0.001201744,0.974047601,0.136700153,6.080395856,0.656026458,0.151784405,0.531612039,0.12618266,0.292418659,0.682286978,0.357078731,0.225983948,0.026818391,0.734744668,0.561321914,0.806089222,0.796724379,0.678195775,0.350233227,0.86415869,0.970023036,0.142002523,0.222018212,0.520520926,0.309464753,0.005273484,0.009814538,0.032036964,0.613659084,7.43e-05,0.000323859,0.377751499,0.004078988,2.71e-06,0.025481651,0.001126364,0.428,0.426
"160","cid11964036","CCN1CCN(CC(=O)Nc2ccc(-c3cccc4c(=O)cc(N5CCOCC5)oc34)c3sc4ccccc4c23)CC1",582.23,8,1,78.26,7,7,13,9,0,40,0,0,0.293,0.333,85.091,0,0,1,1,-3.69446776,2.852017873,2.992610752,7.972739165,6.628931975,-4.912114775,0.015903629,0.443767548,0.978090644,0.046104908,0.004116476,0.172783434,0.98984594,0.644792736,0.97662133,0.000723561,0.999872565,0.04760015,0.982187927,96.75869713,0.531136281,2.783472623,0.998730361,0.000408418,0.933100104,0.00041945,0.138338894,0.146982715,0.964558184,0.106115706,0.017056851,0.042715333,2.4e-10,0.005029702,0.938482702,4.40647663,0.465197691,0.918148816,0.998850822,0.886177421,0.616609454,0.298777461,0.970077991,0.945430696,6.88e-08,0.001093361,0.83430779,0.920213699,0.967256129,0.583693504,0.292106777,0.963040531,0.999997735,0.341786891,0.066131525,0.85322994,0.124940306,0.02560094,0.18311891,0.551110685,0.207060516,0.004713982,0.017878061,0.927095115,0.198743895,0.36424455,0.177090898,0.197564453,0.963,0.198
"161","cid16736978","COc1ccc(-c2ccc3c(N4CCOCC4)nc(N4CC(C)OC(C)C4)nc3n2)cc1CO",465.24,9,1,93.07,5,5,10,9,0,29,2,0,0.61,0.48,92.676,0,0,1,0,-4.146586059,2.930255334,3.045236336,8.671373225,6.187471183,-4.673577359,3.39e-06,0.779833853,0.000239084,3.58e-07,4.16e-05,0.000186384,0.037351906,0.598988473,0.963670254,0.003018743,0.999910355,0.022401327,0.999204695,90.36075077,0.389011426,10.26462728,0.355599254,0.002218933,0.922292411,0.001358858,0.974767685,0.000433754,0.341218323,0.003343349,0.859716833,0.002919962,0.000751337,0.997433245,0.287160069,5.429231099,0.400930662,0.712214887,0.997066557,0.871529043,0.20879288,0.427199274,0.365964741,0.968403697,7.94e-08,0.043659441,0.636031032,0.955202341,0.988629937,0.895674884,0.6101951,0.974006295,0.988868594,0.324819058,0.134607747,0.620491445,0.026451612,0.370717853,0.012337646,0.834514976,0.618109107,0.013004874,0.036311667,0.85172379,0.24493207,0.034702264,0.218892708,0.486983418,0.054,0.43
"162","cid5278396","O=c1cc(-c2cccc3c2Sc2ccccc2S3)oc(N2CCOCC2)c1",395.06,4,0,42.68,2,5,14,6,0,29,0,1,0.488,0.19,55.68,0,1,1,0,-6.035155347,3.700337346,4.152794533,8.521430515,1.182429989,-4.893988459,0.007349531,0.743616819,0.803343177,0.000208795,0.351847053,0.919111393,0.998868037,0.460802048,0.852472484,0.016182726,0.999751508,0.889945745,0.950668097,97.70060305,0.257063065,1.952880588,0.999964118,0.396315873,0.130321622,0.008070003,0.99999547,0.165364757,0.999999523,0.041851528,0.995487034,0.386540025,0.524285853,0.041718714,0.789765656,7.236800265,0.298446316,0.200709,0.999956727,0.335250705,0.395969212,0.785756469,0.999821484,0.707117558,0.000940252,0.55639714,0.995557606,0.491718531,0.895406604,0.050355535,0.249663442,0.107072219,0.501792669,0.090640798,0.528918266,0.935103118,0.006698629,0.394544959,8.39e-05,0.374053776,0.104482301,0.000981781,0.002805412,0.135770947,0.001472055,0.006061526,0.014650377,0.043201238,0.92,0.3
"163","cid15953870","CC1CN(CC(=O)Nc2ccc3c(c2)Cc2cccc(-c4cc(=O)cc(N5CCOCC5)o4)c2S3)CC(C)O1",547.21,8,1,84.25,6,6,14,9,0,36,2,0,0.397,0.4,109.714,0,0,1,1,-5.012468712,3.146399641,3.506636792,8.938434648,5.470013902,-5.475697559,0.197601035,0.061789792,0.217406094,4.01e-05,0.003996432,0.017187774,0.998065314,0.024248267,0.606578112,5.56e-06,0.999989271,0.954043865,0.999597251,98.40088476,0.35060921,1.47218624,0.994158506,0.0010798,0.984817922,0.000851054,0.999498487,0.003600172,0.999826729,0.004125169,0.874019563,0.287968248,0.001142362,0.156923383,0.077850871,4.722895024,0.491808979,0.68822664,0.998698711,0.60329169,0.478510022,0.825419188,0.999257743,0.630114257,5.8e-06,0.044850878,0.967395306,0.56911546,0.959520638,0.127713442,0.155408099,0.415995359,0.98836875,0.193959251,0.231385469,0.916162491,0.004996494,0.185904711,6.91e-05,0.107730679,0.009475495,2.85e-06,2.22e-06,0.163030714,0.00053597,0.006317309,0.000137607,0.054082446,0.798,0.059
"164","cid11427553","O=C(c1ccc(C=Cc2n[nH]c3ccccc23)cc1)N1CCNCC1",332.16,5,2,61.02,4,4,9,5,0,24,0,0,0.775,0.2,44.333,0,0,0,0,-3.263401174,2.659728055,2.523114426,9.863370457,8.157539884,-5.38584055,0.881574512,0.069800958,0.220351711,0.000456393,0.00544852,0.370097518,0.655285269,0.996980011,0.999642849,0.148452148,0.948099732,0.181185201,0.075094134,72.51079839,0.588974243,28.31177498,0.000137671,0.075083993,0.701862454,0.539173543,0.260817528,0.002102095,0.209499747,0.036663923,0.974922001,0.000121808,8.43e-10,0.998864174,0.008746968,6.444088203,0.456852751,0.700992405,0.929278791,0.80073595,0.765664756,0.658795834,0.970532238,0.438274801,0.001496083,0.727229118,0.984963477,0.911256015,0.944071114,0.72895813,0.347970784,0.984207451,0.859250903,0.124876529,0.252459466,0.353549242,0.358582884,0.007466617,0.002522823,0.119784281,0.319037795,0.003582297,0.001055563,0.052372538,0.078322209,0.025216531,0.244546011,0.01428284,0.763,0.999
"165","cid23635314","O=C(Cc1ccc(-c2ccc(OCCN3CCOCC3)cc2)cn1)NCc1ccccc1",431.22,6,1,63.69,10,4,6,6,0,25,0,0,0.563,0.308,42.471,0,1,1,0,-3.643156306,3.209168984,3.210781841,8.805944523,7.396082535,-5.276591713,0.990567744,0.021414172,0.000118046,0.008072257,0.133649528,0.09949398,0.045274675,0.019093299,0.297243685,1.49e-08,0.998305202,0.141265959,0.842044234,71.88445415,-0.175799022,24.48226426,0.32641229,0.611806929,0.01534749,9.53e-06,0.000118832,0.737498462,0.95066005,0.009732648,0.999718249,0.999999523,5.11e-08,0.999996424,0.502943277,7.62092605,0.219907831,0.950686514,0.921409488,0.788248003,0.383365244,0.597529411,0.092777766,0.622358441,2.91e-09,0.003140284,0.399724185,0.605853558,0.950751305,0.471307665,0.122491054,0.885150909,0.957269788,0.163106278,0.350995779,0.867128313,0.022164997,0.018142732,0.009115527,0.001137083,0.035948124,8.47e-05,0.007044821,0.9307338,0.000655791,0.002650724,0.02491344,0.002980797,0.118,0.189
"166","cid11317348","COc1cc2nccc(Oc3ccc(NC(=O)Nc4ccc(F)cc4F)c(F)c3)c2cc1OC",469.12,7,2,81.71,8,4,10,10,0,24,0,0,0.356,0.083,24,0,0,1,0,-6.298769197,3.695387307,4.336869524,11.29918963,4.849518329,-5.137279068,0.004839598,0.998637497,0.003745896,6.13e-05,6.02e-05,1e-05,0.001995981,0.999444783,0.999976873,0.002580069,1,1.71e-05,0.996122539,97.34006395,0.453860489,1.933655738,0.047834959,0.998412728,0.010488809,0.679717898,0.18333666,0.000109057,0.297734082,0.001776623,0.997397304,0.989833236,9.86e-14,0.999999762,0.840186954,2.321458963,1.602166308,0.561530769,0.999324441,0.805455267,0.565556884,0.549198687,0.04818571,0.351018339,4.37e-07,0.363540173,0.535298884,0.966723502,0.980748892,0.888557076,0.826378465,0.996411145,0.999774873,0.135364875,0.327952027,0.684336185,0.9959777,0.071684308,6.59e-05,0.012562429,0.055551354,4.59e-05,1.71e-06,0.854770303,0.001054196,0.035925731,0.983994842,0.616437674,0.996,0.086
"167","cid10322450","COc1ccc2c3c([nH]c2c1)C(CC(C)C)N1C(=O)C(CCC(=O)OC(C)(C)C)NC(=O)C1C3",469.26,8,2,100.73,8,4,17,8,0,23,3,0,0.629,0.577,89.463,0,0,1,0,-4.39298257,3.510343557,3.986697684,9.983421913,6.498658584,-4.884706276,0.035107579,0.922437906,0.300547689,0.006416261,0.16856575,0.582444012,0.998513199,0.316354036,0.955272853,0.986392796,0.999767959,0.091358446,0.98808378,91.6894659,0.142729633,6.09379778,0.007989828,0.712456346,0.999884963,0.945245862,0.001434272,4.67e-05,1.21e-09,0.999026299,0.999785841,3.98e-07,8.49e-05,0.993258834,0.890877604,4.750922494,0.725348333,0.084420823,0.738602936,0.123297766,0.359529108,0.856253088,0.256203204,0.737173498,8.2e-08,0.003409028,0.87932688,0.815969169,0.838776231,0.982441247,0.507676303,0.918155849,0.997345865,0.060133148,0.004854913,0.088987224,0.065262504,0.003568274,0.001628467,0.129238516,0.408127844,0.024099141,0.002778131,0.787113786,0.012624355,0.103810742,0.079284675,0.214549214,0.26,0
"168","cid6918837","Cc1[nH]c2ccccc2c1CCNCc1ccc(C=CC(=O)NO)cc1",349.18,5,4,77.15,8,3,9,5,0,18,0,0,0.229,0.19,16,0,0,0,0,-3.037380191,2.17387615,1.921165345,8.938396966,7.942213601,-5.531890437,0.168115333,0.688177824,0.060469963,0.000615716,0.022114158,0.27316159,0.91759108,0.985857606,0.972495019,0.128392771,0.998347759,0.703504562,0.848641157,73.25093799,0.190905294,27.35997527,0.999836445,0.001928114,0.005959266,5.97e-09,7.66e-05,0.542435825,0.06639722,1.3e-07,0.999989986,2.57e-08,1.11e-08,0.999994993,1.03e-07,7.737753908,0.921849184,0.853655159,0.775923252,0.981610775,0.442600667,0.725490272,0.999689102,0.311419904,3.72e-07,0.000742981,0.971060574,0.986736,0.115407281,0.556527436,0.482795537,0.946543157,0.999963403,0.349410146,0.02111146,0.86030221,0.515857816,0.015236705,0.015376261,0.003941163,0.10935162,0.002393652,8.9e-05,0.040217616,0.017239781,0.011335557,0.021692237,0.044346217,1,0.67
"169","cid10410894","CN1c2cc3c(cc2N=C(c2ccc(C(=O)O)cc2)c2ccccc21)C(C)(C)CCC3(C)C",438.23,4,1,52.9,2,5,19,4,0,29,0,1,0.469,0.31,70.737,0,1,1,0,-4.742045907,3.783938254,5.493739558,5.649487294,2.361422226,-4.974827563,0.053583946,0.948096514,0.047739219,2.17e-05,0.015140474,0.072342932,0.995373595,0.968865693,0.906984806,0.013123414,0.99978286,0.039544404,0.972856164,98.96926786,-0.232334347,0.432779092,0.006469768,0.985005379,4.33e-06,0.004106404,0.016329095,0.157730252,4.07e-06,4.77e-05,1.66e-05,0.045180015,0.004344684,0.999983668,0.782388449,0.499135764,1.294722296,0.548707485,0.986950099,0.712964177,0.670620322,0.869627357,0.161717355,0.337105036,2.19e-09,0.042184137,0.829377949,0.852558851,0.970942378,0.901915908,0.929114699,0.973261297,0.996666253,0.119636431,0.32912761,0.51078105,0.878835857,0.035043765,0.000196513,0.300279349,0.70986861,0.004930086,0.125913203,0.765455186,0.048535712,0.350734264,0.965341389,0.047393788,0.994,0.619
"170","cid46843906","COc1cc(C(=O)N2CCC(N3CCN(C)CC3)CC2)ccc1Nc1ncc2c(n1)N(C)c1ccccc1C(=O)N2C",570.31,11,1,97.38,6,6,15,11,0,37,0,0,0.495,0.419,81.909,1,0,1,1,-2.987939197,2.479942779,2.28762978,8.298488002,8.075933216,-5.285378419,0.008874882,0.622821212,0.584863484,0.00123322,0.201411664,0.066259682,0.999894512,0.996501088,0.997030377,0.912947476,0.999939561,0.038512241,0.997181654,80.70011456,0.494317841,16.64614593,0.999442041,5.3e-08,0.998991907,8.4e-08,0.002737723,0.001285613,0.006308539,0.999099255,0.999197662,0.00644966,4.65e-06,0.000422766,0.995087683,5.752084317,0.547877238,0.982743382,0.973858297,0.479552418,0.749199569,0.903935075,0.818588853,0.629294038,4.57e-10,0.000647276,0.961780012,0.93980968,0.988033414,0.877991498,0.675384641,0.990480483,0.999338686,0.391255766,0.420446545,0.878903806,0.323765785,0.004354666,0.035953529,0.021513939,0.701896667,0.000538789,0.004436595,0.908604145,0.955663443,0.000403374,0.160226822,0.504269004,0.091,0.223
"171","cid10090485","Cc1cccc(-c2nn3c(c2-c2ccnc4ccc(C(N)=O)cc24)CCC3)n1",369.16,6,2,86.69,3,5,10,6,0,27,0,0,0.599,0.182,58,0,0,0,0,-2.803460936,1.660186742,1.303575964,10.1820372,4.883076541,-4.73894619,0.057435222,0.224689469,0.109518021,1.08e-05,0.000236571,0.002997339,0.092437029,0.654686689,0.963011801,0.005758999,0.61244446,0.97525543,0.896839857,86.80116427,0.041680732,11.6233326,0.185037851,0.024183534,2.31e-06,0.016048698,0.018815864,4.17e-05,0.007478574,0.003074874,0.000200961,0.066475175,8.73e-10,0.997002423,0.002717362,4.21815746,0.548499228,0.697111428,0.964872003,0.891366959,0.620027423,0.831069171,0.076251492,0.937929511,3.94e-08,0.069782525,0.930402339,0.890289247,0.988163173,0.710666001,0.634143233,0.891816676,0.996436119,0.191202849,0.125029191,0.632840693,0.027227694,0.003584335,0.000467449,0.000314323,0.003444838,4.25e-05,0.000463318,0.084864058,0.000127527,0.000887138,0.044759817,0.007022803,0.085,0.258
"172","cid11507802","CN(C)C(=O)n1nnnc1Cc1ccc(-c2ccccc2)cc1",307.14,6,0,63.91,5,3,6,6,0,18,0,0,0.697,0.176,16,0,0,0,0,-4.265707934,2.994506371,2.961213549,8.494895775,3.609525514,-4.619828446,0.792476594,0.05483197,0.239987925,0.163901269,0.166042387,0.842483312,0.990055547,0.983569324,0.658696711,0.060679108,0.924380302,0.534766972,0.440603971,97.03202856,-0.240220546,3.251183379,0.179120719,0.624978304,0.398613691,0.050263759,0.953385115,0.001146678,0.47373867,0.008364257,0.999129951,0.001855721,0.475125134,0.783650279,0.537276328,7.300016389,0.75672311,0.1439697,0.899940789,0.66037935,0.768252671,0.453840494,0.411699831,0.655150533,0.000136225,0.491455913,0.480978578,0.749099553,0.862017989,0.663034439,0.501131475,0.846858382,0.995324194,0.048336979,0.171681538,0.232035488,0.001214622,0.021666024,0.000348975,0.000760452,0.075979412,2.51e-06,0.033066329,0.009140559,0.001787554,8.63e-07,0.005638314,6.41e-05,0.099,0.005
"173","cid24901704","Cn1cnc(-c2cc3nccc(Oc4ccc(NC(=S)NC(=O)Cc5ccccc5)cc4F)c3s2)c1",517.1,7,2,81.07,9,5,9,10,0,29,0,0,0.282,0.077,27,0,0,1,1,-5.201030999,3.45737422,3.862298353,10.05374126,4.695327364,-5.390711292,0.090509064,0.977435231,0.000770829,0.001497626,0.085990608,0.85415642,0.98838514,0.989258587,0.999413371,2.8e-05,0.997741938,0.071815148,0.492122382,98.26737252,0.06118131,1.271115035,0.119189955,0.999935031,6.94e-06,0.999998569,1.66e-05,1.94e-07,0.000168522,0.890320122,0.085356116,0.629161358,1.51e-15,1,0.040150646,2.277789093,0.788756746,0.202947438,0.999751031,0.814942539,0.79114151,0.190535858,0.1383228,0.798951447,1.6e-08,0.046499196,0.166257441,0.808652163,0.839090109,0.556189954,0.143146813,0.483871877,0.999937057,0.070184372,0.078927763,0.616205871,0.967245162,0.021596132,0.00334264,0.058767129,0.220276579,6.3e-05,0.011930616,0.974696219,0.189527005,0.362984061,0.956562877,0.9127841,1,0.47
"174","cid1323703","CC1(C)CN=C(N2CCN(c3ncnc4sc5c(c34)CCCC5)CC2)S1",387.16,5,0,44.62,2,5,13,7,0,26,0,0,0.748,0.632,68.774,0,1,1,0,-4.629172643,3.792155891,4.250690222,9.528549238,5.565566952,-4.716272599,0.008119342,0.249046162,0.075549066,0.007861555,0.013491392,0.07771349,0.84905301,0.851235807,0.73506999,0.002149028,0.925029516,0.97424525,0.992798448,68.6123694,0.446157563,28.89997457,8.15e-05,0.249979198,1,0.880462646,0.999999881,0.497435689,0.999996185,0.071990959,0.963777304,0.007456676,0.001073471,0.999306798,0.999999404,5.866501629,0.257709633,0.305819422,0.98435533,0.846642315,0.871425986,0.702713847,0.995626569,0.822046638,4.52e-07,0.016856164,0.920891106,0.910495579,0.891455531,0.550110936,0.563492179,0.469678581,0.999411464,0.104059994,0.104463384,0.730103433,0.090896659,0.025584852,0.007458511,0.431204885,0.61402756,0.105986871,0.072350621,0.925869346,0.18252939,0.613105536,0.014934931,0.292471677,0.161,0.007
"175","cid54765302","CCCc1cc2c(N3CCN(C4=NCC(C)(C)S4)CC3)ncnc2s1",375.16,5,0,44.62,4,4,9,7,0,21,0,0,0.819,0.611,53.103,0,1,1,0,-4.593670086,3.804275644,4.272294073,9.252780263,5.534186043,-4.603697016,0.049524654,0.136466295,0.155388206,0.011441827,0.018176436,0.030471683,0.863711536,0.927312732,0.763216317,0.001183675,0.843025506,0.973782539,0.971964002,84.86384951,0.502183499,12.98671102,0.000310813,0.318971843,1,0.924246192,0.999999881,0.766623139,0.999906778,0.000919768,0.991002262,0.021104781,0.0011508,0.999986649,1,6.487634782,0.287479811,0.333257735,0.996336341,0.654760063,0.862508833,0.680197656,0.992446661,0.682173848,1.9e-06,0.015027729,0.968566895,0.919451058,0.737335742,0.662471533,0.659371257,0.593699813,0.999483705,0.095388509,0.116625823,0.674292147,0.027597943,0.025007604,0.004629573,0.061549954,0.405865163,0.049797561,0.013562187,0.809206128,0.027863178,0.206132278,0.002734046,0.156162396,0.174,0.019
"176","cid9803433","O=C(O)CCC1CCC(c2cc(F)ccc2F)(S(=O)(=O)c2ccc(Cl)cc2)CC1",442.08,4,1,71.44,6,3,6,8,0,21,0,0,0.655,0.381,53.103,0,1,1,0,-4.233723636,3.157801849,3.818996646,5.973149065,2.102902092,-4.799883388,0.274309754,0.236053213,5.92e-05,9.54e-07,5.96e-07,9.66e-06,2.8e-05,0.045352872,0.314985812,0.000130793,0.999999404,0.999045074,0.991490662,98.51653091,-0.463215168,0.851583494,0.000152569,0.142223135,0.972436428,0.016530145,0.99998045,0.021062974,0.034256522,0.000463674,0.114336796,0.012437449,0.023843674,0.691693008,0.002937783,1.051865277,0.967377104,0.196383789,0.338703185,0.113243997,0.348093867,0.500386357,0.294559121,0.305435121,0.368008226,0.91435647,0.523743868,0.646066308,0.455048412,0.715015531,0.366835237,0.960518539,0.104711682,0.031856317,0.071672283,0.149293765,0.027560888,0.014816891,0.010371714,0.005790919,0.108033963,0.1023257,0.408344209,0.315797776,0.000319208,0.020643877,0.342001706,0.018281395,0.744,0.002
"177","cid24856436","C=CCn1c(=O)c2cnc(Nc3ccc(N4CCN(C)CC4)cc3)nc2n1-c1cccc(C(C)(C)O)n1",500.26,10,2,104.34,7,5,9,10,0,30,0,0,0.374,0.333,66.667,0,0,1,1,-4.003283656,2.660980911,2.556455268,8.422488203,6.929899155,-5.487634571,0.000287906,0.85021174,0.245069772,0.000183284,0.023130178,0.039234579,0.768218815,0.956231773,0.731278718,0.96661514,0.999968767,2.07e-05,0.973605692,86.97223626,0.200201476,11.42629715,0.985197842,0.000904706,0.001535991,5.89e-07,0.618734837,0.000278378,0.156411603,0.001487168,0.954377949,0.543091536,0.000327664,0.982659936,0.011925389,3.587905431,0.68290802,0.868420899,0.953519285,0.593141079,0.668348014,0.694222152,0.080729961,0.888091266,2.32e-08,0.002898327,0.947160125,0.904699206,0.973008394,0.863629341,0.538954973,0.980674028,0.999986529,0.163487822,0.099291414,0.714861512,0.942876935,0.729392648,0.020631531,0.016821941,0.687829196,0.01726358,0.000150487,0.467735827,0.8764956,0.017159458,0.112358324,0.003334108,0.097,0.456
"178","cid24964624","NC1(c2ccc(-c3nc4ccn5c(=O)[nH]nc5c4cc3-c3ccccc3)cc2)CCC1",407.17,6,3,89.07,3,6,13,6,0,32,0,1,0.468,0.16,70.552,0,0,1,0,-4.184494421,3.286598105,3.916286338,9.205450933,6.410522633,-5.139393571,0.30886665,0.470175296,0.00177828,4.85e-05,0.00017637,0.001381874,0.033872604,0.704208076,0.956269026,0.072063945,0.999377072,0.758383572,0.87960434,96.02201159,0.229207484,3.806406643,0.003532768,0.02771423,0.000189415,8.49e-05,0.302784413,8.1e-07,0.001472282,0.00023141,0.911135018,0.003610376,1.5e-05,0.713024259,0.000317955,4.215980671,0.738018195,0.571993232,0.963208735,0.617878437,0.636430621,0.947914124,0.021779962,0.437227041,5.85e-08,0.012216065,0.884565532,0.884813309,0.994459867,0.864015818,0.67029506,0.905527353,0.999558747,0.074253507,0.275996953,0.726751506,0.068087347,0.002138071,0.003117679,0.05327696,0.653014183,0.919092,0.14417921,0.397867262,0.292202204,0.150033578,0.990474284,0.211199909,0.994,0.696
"179","cid2842253","c1ccc(-c2nnc(N3CCOCC3)nc2-c2ccccc2)cc1",318.15,5,0,51.14,3,4,6,5,0,24,0,0,0.743,0.211,42.261,0,1,0,0,-4.157129462,3.193345978,3.270804223,7.930507879,4.064599262,-4.47426346,0.001775736,0.979470789,0.000608361,2.38e-06,0.000605226,0.003661394,0.086576819,0.382359058,0.405236453,0.008620959,0.998706818,0.979486704,0.667739689,96.0997547,0.188292236,4.852991705,0.781043708,0.07141348,0.004937463,0.758094311,0.980338812,4.36e-07,0.968026936,0.000591888,0.808580875,0.091259085,0.000198375,0.008226806,0.139927343,5.038681842,0.721808941,0.280652195,0.937049091,0.598270476,0.324182391,0.362740397,0.626274526,0.709297597,0.001417056,0.76865679,0.596266806,0.761950552,0.955053806,0.407037258,0.317932427,0.871358275,0.83605057,0.045429599,0.074401803,0.406144112,0.677589178,0.136477888,0.02403301,0.650015056,0.896530211,0.026847418,0.835630357,0.229966536,0.945312738,0.144625247,0.445126563,0.065061241,0.156,0.052
"180","cid2858523","Cc1cc2nc(NCCCO)n(CC(=O)c3cc(C(C)(C)C)c(O)c(C(C)(C)C)c3)c2cc1C",465.3,6,3,87.38,9,3,9,6,0,17,0,0,0.311,0.5,26,0,0,1,0,-5.056639278,4.01092574,5.373534769,10.02178979,6.166541501,-5.024785444,0.115814,0.957241416,0.195226699,0.002454579,0.972549062,0.868510976,0.999714384,0.9970752,0.986074209,2.37e-05,0.99999702,0.000612406,0.974249184,97.26757967,0.156751649,2.468822914,0.000306292,0.094956696,0.001421838,0.973905087,0.000405412,8.21e-05,6.86e-09,0.00087079,0.975220501,0.595087945,3.39e-08,0.98267293,0.000459691,6.767844354,0.403111367,0.346531183,0.174970776,0.143577829,0.183569118,0.6851179,0.500937521,0.494927078,9.11e-06,0.702452421,0.799558342,0.433889538,0.629421175,0.759638786,0.287398547,0.787848115,0.601421356,0.071507618,0.626220465,0.565627992,0.057903066,0.000141379,1.96e-05,0.000533487,0.811193585,0.002790376,1.37e-05,0.109657951,3.53e-05,0.000150731,0.998968601,0.000998058,0.819,0.581
"181","cid2113511","Cc1cc(C(=O)CN2C(=O)CCC2=O)c(C)n1Cc1ccccc1",324.15,5,0,59.38,5,3,6,5,0,19,0,0,0.627,0.316,38.88,0,0,0,0,-3.371842795,2.943764325,2.642499358,8.081250575,5.683909919,-4.594645388,0.002680423,0.045287624,0.001012253,3.35e-05,0.002698958,0.002469242,0.015695274,0.005262904,0.343863428,4.56e-06,0.97718519,0.999990702,0.95906347,90.37767902,0.099385829,7.041794218,0.999940157,0.999447525,0.999973774,0.899733603,4.5e-05,3.97e-05,2.63e-06,0.981009245,0.999999523,0.822065353,0.007760565,0.998795033,0.588979721,7.25619743,0.744787815,0.183527708,0.479883194,0.620296776,0.214704812,0.394933432,0.624977052,0.646273911,0.005002004,0.476198435,0.548636198,0.46626091,0.967617273,0.133317351,0.417874485,0.266200334,0.996480167,0.02079979,0.01465503,0.406042755,0.041011795,0.022325082,0.000875872,0.010373168,0.120845422,0.001658423,0.000115018,0.083476208,0.002850854,0.022664959,0.009268079,0.01291359,0.093,0.539
"182","cid3136844","Brc1cc2c(cc1C1Nc3ccccc3C3C=CCC31)OCO2",369.04,3,1,30.49,1,5,13,4,0,25,3,1,0.717,0.263,82,0,1,1,0,-4.660498697,3.715994068,4.010476086,10.40066382,4.078575534,-4.870088372,0.010744165,0.388192266,0.095637031,5.13e-06,0.001034379,0.004743397,0.266872585,0.23495537,0.245137006,0.001005515,0.999988198,0.999797046,0.949212968,97.71108423,0.620560234,2.481547706,0.090987183,0.993646622,0.239993781,0.126851678,0.923844397,0.265298098,0.9617365,0.983877003,1.99e-05,0.339699477,0.83452642,0.937107086,0.96083957,3.743039855,1.382717801,0.110346787,0.962461114,0.495919883,0.500802875,0.898621678,0.086752407,0.810117364,0.001469847,0.555674493,0.747669458,0.524816275,0.86645937,0.463776231,0.076215193,0.262762547,0.833609581,0.079199739,0.121238217,0.447280079,0.981738985,0.02674111,0.006228997,0.090713069,0.130155101,0.004683014,0.000715601,0.548211813,0.011927705,0.108865641,0.845617771,0.536489487,0.959,0.035
"183","cid650361","COc1ccc(S(=O)(=O)N2CCN(S(=O)(=O)c3ccc4c(c3)OCCO4)CC2)cc1",454.09,9,0,102.45,5,4,10,11,0,27,0,0,0.668,0.368,61.538,0,0,1,0,-2.902561909,1.851111943,1.565412861,7.760217422,3.066333178,-4.814475577,0.044509541,0.910544217,0.712053478,0.000249088,0.009420216,0.000697851,0.008897305,0.018283011,0.002066922,5.88e-05,0.99999702,0.051845655,0.659319341,95.31958887,-0.143563072,6.493463451,0.186364517,0.045389611,0.891125202,0.011771019,0.993668616,5.25e-05,0.984130323,0.82999897,0.50463593,1.8e-05,0.000135542,0.026873464,0.964587212,9.135410521,0.078161835,0.76531285,0.999990821,0.435966074,0.370112896,0.66488415,0.007141721,0.958500206,0.001038039,0.12004225,0.928766906,0.990581632,0.939454615,0.688701689,0.353324801,0.979655206,0.858123779,0.275515109,0.008825555,0.275773078,0.000442691,0.066992253,0.067230277,0.134243846,0.006846828,7.29e-05,4.76e-05,0.999150157,0.00023686,0.000744079,0.249127105,0.574994445,0.143,0.088
"184","cid3689413","COc1ccc(N(C(=O)CCl)C(C(=O)NCCc2ccccc2)c2cccs2)cc1Cl",476.07,5,1,58.64,11,3,6,8,0,19,1,0,0.438,0.217,36,0,1,1,0,-3.908969966,3.239176672,3.029761541,8.051526472,5.100465006,-4.86986952,0.024227081,0.690770507,0.093633726,0.011163473,0.056331277,0.091531992,0.876351774,0.868394196,0.938155055,0.001984476,0.999717295,0.432600617,0.105576478,98.59053264,0.023168077,1.246300167,0.548616409,0.650793493,0.269527137,0.006160928,0.035956543,0.020515434,0.146726072,0.999924302,0.994723797,0.98597765,8.07e-08,0.998937428,0.998686016,4.708096293,0.503525128,0.188801929,0.59970659,0.710649967,0.173369095,0.353846818,0.94921267,0.311559975,0.019273417,0.211735845,0.998264372,0.301641971,0.841195285,0.64159888,0.335062057,0.644436002,0.998461723,0.05733262,0.17757754,0.790156007,0.091293812,0.240297526,0.033445437,0.128522024,0.479991615,0.071530975,0.005849991,0.948595881,0.144679472,0.224236995,0.273102969,0.346861035,0.992,0.02
"185","cid44543605","Nc1cccc(S(=O)(=O)N2CCCN(S(=O)(=O)c3ccc4c(c3)OCCO4)CC2)c1",453.1,9,2,119.24,4,4,10,11,0,28,0,0,0.689,0.368,63.462,0,0,1,0,-3.067865338,1.579975525,1.458750705,8.47081681,1.883101085,-5.017968149,0.02287356,0.510369062,0.144897982,0,3.1e-06,8.23e-06,4.72e-05,0.000828363,1.32e-05,8.11e-10,0.999599516,0.167638183,0.545855761,89.25316684,-0.12052797,13.03715476,0.002243142,0.949268699,0.790749907,0.988199711,0.998417735,0.000997007,0.98351711,0.999278843,0.892831504,0.901357591,1.83e-05,0.886043787,0.956692815,9.004986768,0.175967194,0.680001915,0.999974847,0.640880764,0.542912185,0.72035408,0.01337637,0.952973783,0.000283926,0.084276855,0.97805047,0.984188795,0.988945425,0.706973255,0.381231397,0.95919311,0.988805532,0.236977071,0.005800986,0.326617151,0.002165186,0.169740051,0.087999128,0.406776875,0.020436561,0.000230375,0.00010268,0.998422027,5.89e-05,9.94e-05,0.231413707,0.006566569,0.125,0.028
"186","cid49766530","Cc1onc(C(=O)N2CCN(C(c3ccc(Cl)cc3)c3ccc(Cl)cc3)CC2)c1[N+](=O)[O-]",474.09,8,0,92.72,6,4,6,10,0,25,0,0,0.391,0.273,54.857,0,0,1,0,-5.048537494,3.637121941,4.086728573,8.499974375,4.877212222,-4.921944435,0.112719126,0.223316565,0.00011041,0,3.58e-07,2.38e-05,0.005758286,0.201089039,0.269327253,0.015161456,0.999999642,0.999981046,0.999621391,99.2416258,-0.193419277,0.665289951,0.473271579,0.655300319,0.87660861,0.982880175,0.004353062,0.06360846,0.101551548,0.757481277,0.995369971,0.095195003,0.03497811,0.018899836,0.550622284,2.561371916,0.867423814,0.685069561,0.989974082,0.241855755,0.612980545,0.907647908,0.846698761,0.070991375,8.25e-07,0.011024415,0.574025035,0.971417606,0.590708077,0.957930267,0.71821928,0.95826304,0.99998343,0.038818382,0.676742554,0.917712808,0.021791233,0.006295401,0.000344499,0.513338983,0.005955686,0.000179081,2.74e-06,0.922983885,5.64e-06,0.020866137,0.996712565,0.923964798,0.996,0
"187","cid135999136","O=C(COc1c(Cl)cc(Cl)cc1Cl)NN=Cc1ccc[nH]1",344.98,5,2,66.48,6,2,6,8,0,13,0,0,0.643,0.077,12,0,1,1,0,-5.311006605,3.801122369,4.095303043,9.004500167,4.440453158,-4.799131399,0.569434106,0.00051455,0.01589326,4.95e-05,0.01739341,0.03870213,0.557601869,0.931065083,0.957837641,7.92e-05,0.07166066,0.225732282,0.061886754,98.41342568,-0.099208927,1.31013766,0.00969342,0.999998093,0.003149702,0.999034405,0.002766483,0.001517107,0.004573977,0.144451872,0.983127356,0.013376874,6.83e-09,0.668999612,0.006682708,5.776220307,0.853082058,0.30788821,0.971796989,0.751353562,0.56435591,0.63124162,0.981326878,0.856649101,0.000165672,0.125817001,0.704926074,0.597043931,0.940727174,0.379026741,0.6675722,0.797589898,0.991360724,0.022741463,0.057124,0.457436323,0.646202981,0.087182932,0.059853468,0.323395312,0.211864993,0.021361116,0.00585469,0.799504161,0.399420708,0.307497144,0.764310896,0.260197014,1,1
"188","cid136664437","O=C(COc1c(Cl)cc(Cl)cc1Cl)NN=Cc1ccc[nH]1",344.98,5,2,66.48,6,2,6,8,0,13,0,0,0.643,0.077,12,0,1,1,0,-5.311006605,3.801122369,4.095303043,9.004500167,4.440453158,-4.799131399,0.569434106,0.00051455,0.01589326,4.95e-05,0.01739341,0.03870213,0.557601869,0.931065083,0.957837641,7.92e-05,0.07166066,0.225732282,0.061886754,98.41342568,-0.099208927,1.31013766,0.00969342,0.999998093,0.003149702,0.999034405,0.002766483,0.001517107,0.004573977,0.144451872,0.983127356,0.013376874,6.83e-09,0.668999612,0.006682708,5.776220307,0.853082058,0.30788821,0.971796989,0.751353562,0.56435591,0.63124162,0.981326878,0.856649101,0.000165672,0.125817001,0.704926074,0.597043931,0.940727174,0.379026741,0.6675722,0.797589898,0.991360724,0.022741463,0.057124,0.457436323,0.646202981,0.087182932,0.059853468,0.323395312,0.211864993,0.021361116,0.00585469,0.799504161,0.399420708,0.307497144,0.764310896,0.260197014,1,1
"189","cid137139966","O=C(COc1c(Cl)cc(Cl)cc1Cl)NN=Cc1ccc[nH]1",344.98,5,2,66.48,6,2,6,8,0,13,0,0,0.643,0.077,12,0,1,1,0,-5.311006605,3.801122369,4.095303043,9.004500167,4.440453158,-4.799131399,0.569434106,0.00051455,0.01589326,4.95e-05,0.01739341,0.03870213,0.557601869,0.931065083,0.957837641,7.92e-05,0.07166066,0.225732282,0.061886754,98.41342568,-0.099208927,1.31013766,0.00969342,0.999998093,0.003149702,0.999034405,0.002766483,0.001517107,0.004573977,0.144451872,0.983127356,0.013376874,6.83e-09,0.668999612,0.006682708,5.776220307,0.853082058,0.30788821,0.971796989,0.751353562,0.56435591,0.63124162,0.981326878,0.856649101,0.000165672,0.125817001,0.704926074,0.597043931,0.940727174,0.379026741,0.6675722,0.797589898,0.991360724,0.022741463,0.057124,0.457436323,0.646202981,0.087182932,0.059853468,0.323395312,0.211864993,0.021361116,0.00585469,0.799504161,0.399420708,0.307497144,0.764310896,0.260197014,1,1
"190","cid53301938","COc1ccc(Cn2c(=O)c3c(n4nnnc24)-c2ccccc2CC32CCCC2)cc1",413.19,7,0,74.31,3,6,17,7,0,32,0,1,0.515,0.333,104.625,0,1,1,0,-5.369558938,3.188613428,3.621967914,7.298800078,2.005865889,-4.823392621,0.016610989,0.916002989,0.002036391,0.007471204,0.026940227,0.553363532,0.386162817,0.479417294,0.223079875,7.48e-05,0.999595582,0.220283747,0.898602486,98.63894837,-0.385727441,0.806291773,0.944088936,0.988206446,0.963848114,0.996028662,0.950166225,0.013153362,0.992779791,0.992058337,0.985300481,0.976903498,0.712717891,0.999046624,0.96681118,5.144102472,0.314915848,0.407603651,0.76931268,0.78374058,0.312977225,0.68423903,0.445132524,0.674932837,3.11e-05,0.125080958,0.58378464,0.721940756,0.939610243,0.575683475,0.576805413,0.595643342,0.95670855,0.101639546,0.360771328,0.684219122,0.000872528,0.009622822,5.23e-06,0.808007538,0.051235065,0.001616707,0.652155101,0.679202676,0.032705024,0.018796738,0.935029209,0.005485722,0.93,0.001
"191","cid3384730","CCN1CCN(C(c2ccc(C(F)(F)F)cc2)c2ccc3cccnc3c2O)CC1",415.19,4,1,39.6,5,4,10,7,0,23,1,0,0.671,0.348,78.194,0,1,1,0,-4.029387154,3.501808586,3.935009078,8.573226466,7.738498337,-4.976978282,0.004705392,0.161659434,0.045584988,3.4e-05,0.01072824,0.011891901,0.001630247,0.038855832,0.284283727,0.005661019,0.568501115,0.972196817,0.998497128,96.36334792,0.246179382,3.21931143,0.998381138,0.033216212,0.983440518,9.57e-05,0.080297902,0.029990148,0.699173033,8.36e-05,0.949886024,0.762274086,1.71e-07,0.000888627,0.936914861,9.647977205,0.898549647,0.824775279,0.075977944,0.259414166,0.824787021,0.924085498,0.358685732,0.066720933,0.005896315,0.209002495,0.996980369,0.794538736,0.970352292,0.838310719,0.323401153,0.94184804,0.999581873,0.08353164,0.543790758,0.726749182,0.067029558,0.045807503,0.023558358,0.310295492,0.584990561,0.012584593,0.003069618,0.659022212,0.059407063,0.012127822,0.070955284,0.513793707,0.632,0.004
"192","cid44487061","CC(C)NC(=O)Nc1ccc2c(c1)C(=O)N(C(C)CO)CC(C)C(CN(C)S(=O)(=O)c1ccc(Cl)cc1)O2",566.2,10,3,128.28,10,3,12,12,0,23,3,1,0.449,0.462,78.947,0,0,1,1,-4.646258488,3.3523153,3.511797826,9.18946875,5.815711946,-5.572957413,0.162637264,0.594644964,0.052187879,0.000125051,4.67e-05,0.001124084,0.153545141,0.741522431,0.861551642,7.02e-06,0.999995351,0.965273499,0.996771634,92.59435603,0.168204939,6.121059465,0.902098238,0.004746375,0.992682159,0.064626694,0.770662129,0.001125101,0.009282666,0.977783859,0.997456729,0.941150367,6.33e-05,0.897583663,0.779629707,5.523366986,0.448105514,0.26891163,0.980907381,0.152070478,0.151397124,0.307869196,0.173235685,0.542850733,2.63e-07,0.004954613,0.076001808,0.894570529,0.638397396,0.801871836,0.733881414,0.895690262,0.99111712,0.139993012,0.060640674,0.536708236,2.65e-06,0.002120331,1.08e-06,9.4e-06,0.001927439,1.48e-08,2.84e-11,0.000348507,1.35e-10,1.5e-10,6.83e-06,2.86e-09,0.349,0.001
"193","cid135984461","COc1ccccc1C1C2=C(CC(C)(C)CC2=O)Nc2n[nH]c(C(F)(F)F)c21",391.15,5,2,67.01,3,4,13,8,0,22,1,0,0.783,0.4,88.714,0,1,1,0,-5.565194602,3.512046208,4.132126349,8.731663936,4.33688375,-5.124805858,0.017144427,0.924897015,0.964216352,0.009534836,0.191286445,0.822488621,0.973924151,0.720321834,0.488146037,0.08706858,0.984484255,0.607636273,0.981017828,97.10324084,0.606201543,2.471266138,0.233988956,0.995456576,0.999999404,0.999955416,0.089965448,0.000138614,0.00430243,0.999773085,0.999993563,0.225643128,0.976415038,0.999680996,0.695604622,7.651042922,0.698463002,0.111293241,0.769648671,0.272662014,0.81957233,0.869486094,0.761475563,0.689668536,0.000565758,0.269792318,0.982568979,0.923859179,0.891502142,0.750167727,0.301077336,0.95876509,0.988875806,0.112526968,0.141491458,0.567712307,0.701017737,0.058379672,0.045558307,0.943021297,0.149652585,0.052445583,0.030182531,0.948396623,0.439181447,0.369547009,0.962594628,0.97199744,0.039,0
"194","cid25161177","CC(NC(=O)c1ncnc(N)c1Cl)c1ncc(C(=O)Nc2cc(C(F)(F)F)c(Cl)cn2)s1",505.01,9,4,135.78,8,3,6,15,0,19,1,0,0.476,0.176,46,0,0,1,1,-4.526250807,2.964242509,2.868991107,8.004436331,3.540050222,-5.141873853,0.017232584,0.988457382,0.001492289,0.015641451,0.067487657,0.861754879,0.737842619,0.936799109,0.996852338,0.000147747,0.998972416,0.001989707,0.326005995,96.73906151,0.039721278,2.856605696,0.012315504,0.022443768,1.76e-07,0.000951971,3.08e-05,1.7e-07,2.57e-06,0.011021089,0.364572883,0.22561276,6.99e-12,0.275619894,0.273460388,1.876685463,1.582520625,0.513831079,0.999740303,0.257200003,0.537258029,0.595564485,0.2576828,0.438609123,4e-11,0.01931452,0.486357301,0.927400351,0.900283813,0.897874594,0.4995116,0.945436537,0.99999845,0.379092813,0.489845961,0.823615015,0.716213882,0.091295518,0.00155933,0.04861185,0.159349695,0.000726344,0.070378564,0.938400209,0.179466426,0.000336586,0.514405966,0.45685038,0.299,0.018
"195","cid10385095","O=C(Nc1cccc(NC(=O)c2cccc(O)c2O)c1)c1cccc(O)c1O",380.1,8,6,139.12,6,3,6,8,0,20,0,0,0.385,0,19,0,0,0,0,-3.201713655,2.469661852,2.68322634,8.541879923,2.813715304,-5.359519971,0.55514282,0.085126929,0.047715176,0.175741017,0.47187227,0.946089249,0.993309529,0.996108234,0.999665499,0.22140035,0.090242349,0.003098629,0.591862857,97.50045907,-0.813297707,1.645436114,0.000218612,0.230048448,2.17e-08,0.944252729,0.006985864,0.000827131,0.912800968,0.97491926,1.51e-06,0.848661125,7.24e-19,0.99985981,0.99966979,7.51278105,0.861351782,0.476124227,0.984686375,0.712024152,0.135411948,0.781688154,0.98856163,0.039013274,1.25e-08,0.940518618,0.653919458,0.408341408,0.047866955,0.139099762,0.140046462,0.564626694,0.999234557,0.203687355,0.787439406,0.92889756,0.999921441,0.021333003,0.001157824,0.278663218,0.004126813,0.683980286,0.001500493,0.999935865,0.001359798,0.996382713,0.99971801,0.734161556,0.75,1
"196","cid3825829","COc1cc(-n2c(=S)[nH]c3ccccc3c2=O)c(Cl)cc1Cl",351.98,4,1,47.02,2,3,10,7,0,19,0,0,0.696,0.067,18,0,1,0,0,-4.856234876,2.842250973,3.009380396,7.885643392,2.782215481,-5.07614086,0.086608224,0.712804198,9.54e-05,0.000126481,0.0012815,0.008133233,0.035063148,0.948688686,0.985778809,2.32e-05,0.998344779,0.043203723,0.882113814,98.295005,0.071449748,1.343262109,0.990847051,0.999999523,0.027251786,0.999983788,0.829838872,4.11e-05,0.42211929,0.999256313,0.998883307,0.676866353,2.79e-05,0.999999881,0.999615073,6.517161448,0.413625597,0.211999431,0.996353507,0.52897197,0.584018469,0.750288785,0.741673887,0.716664135,0.008539129,0.752054214,0.817160189,0.610432923,0.928939402,0.271752864,0.342903376,0.543134868,0.861606061,0.062889487,0.375627995,0.78571254,0.806509972,0.014002362,0.000922725,0.099505544,0.720002353,0.007467493,0.008747558,0.617062211,0.149384394,0.188577309,0.154399216,0.321470827,0.994,0.007
"197","cid6918878","CC(=O)Nc1ccc(C(=O)Nc2cc(-c3cccs3)ccc2N)cc1",351.1,5,4,84.22,6,3,6,6,0,19,0,0,0.616,0.053,17,0,0,0,0,-3.756276478,2.57436692,2.30047416,8.644638993,4.072418601,-4.658997143,0.693990886,0.010811731,0.58076483,0.000440538,0.010680735,0.013943076,0.837963507,0.456718981,0.982534587,0.01335178,0.174115822,0.159279272,0.952946484,93.8619694,-0.012214414,6.387040737,0.022485266,0.00034801,0.911529899,0.003838571,0.032275021,1.2e-06,0.000188892,0.069097839,0.067313537,0.000936722,2.69e-09,0.157576665,0.462914616,3.008045024,0.725451352,0.646522462,0.999880791,0.943548024,0.136400372,0.606817663,0.20392023,0.584269702,2.72e-07,0.443445921,0.906511068,0.872931778,0.619422555,0.354595989,0.776170492,0.887242556,0.99995923,0.140473992,0.076479793,0.617307603,0.999616027,0.627177954,0.156593427,0.092245936,0.970307708,0.001528523,0.096866325,0.995146573,0.965960205,0.102876358,0.99726069,0.99180603,0.967,0.828
"198","cid6610355","CC(C)n1cnc2c(NCc3ccccc3)nc(NCCO)nc21",326.19,7,3,87.89,7,3,9,7,0,16,0,0,0.618,0.353,16,0,0,0,0,-3.486509042,2.797398296,2.547898342,8.060253973,6.35010128,-5.283226073,8.55e-05,0.971586287,1.42e-05,0.000795662,0.019712329,0.997747278,0.963183481,0.993976712,0.998274684,0.168261349,0.999997973,0.573678792,0.777109504,73.95454979,0.153385821,23.09697301,0.410002798,0.084963307,0.031961303,0.964016557,0.020148128,0.999692321,0.008579878,0.994703233,0.002052959,0.994099259,2.64e-06,0.983779609,0.930036485,7.440024882,0.968698648,0.45344916,0.952738404,0.525210321,0.042106073,0.316010654,0.348874182,0.881845772,7.41e-10,0.038170166,0.480667382,0.815394342,0.954238117,0.780323923,0.412641943,0.846486449,0.996139705,0.122592919,0.589791656,0.676622331,0.10314434,0.016600508,0.001753426,0.001206801,0.279637367,0.001466763,0.002513792,0.389265329,0.003101638,0.001091866,0.005561414,0.005052792,0.19,0.067
"199","cid3465537","CCOC(=O)c1c(NC(=O)c2ccc([N+](=O)[O-])s2)sc2c1CC(C)(C)NC2(C)C",437.11,8,2,110.57,7,3,9,10,0,18,0,0,0.41,0.474,53.143,0,0,1,0,-3.643875264,2.877877452,2.840016692,7.790468267,5.854129344,-5.179725803,0.429771423,0.257545918,0.011973818,0.001460791,0.143663228,0.609741271,0.920611009,0.109014541,0.380398065,0.006832828,0.998313189,0.005696762,0.999847889,96.34643045,0.40015999,2.511011386,0.520510912,0.036397181,0.423566818,0.00512083,0.998387218,0.998626351,0.999476254,0.00119634,0.826638758,0.29119423,0.000173663,0.015848678,0.012915427,4.943983783,0.554266301,0.257299095,0.999973536,0.948619246,0.312848687,0.096797183,0.989729524,0.967238247,6.36e-08,0.026617961,0.198905826,0.493120223,0.001914913,0.423040062,0.105727732,0.114929542,1,0.227542847,0.013897738,0.720995367,0.736675501,0.014594547,0.041790415,0.238116339,0.134490207,0.030915307,0.005509339,0.693462968,0.029462755,0.552670181,0.970816493,0.842533648,0.952,0.007
"200","cid252682","Cc1ccc(S(=O)(=O)OCC(=O)Nc2ccc(C(=O)O)c(O)c2)cc1",365.06,8,3,130,7,2,6,9,0,16,0,0,0.665,0.125,16,0,0,0,0,-3.197091407,2.202318135,2.564961367,4.144304124,3.060874743,-5.774196095,0.998341918,0.000667035,0.000207085,0.000406802,3.54e-05,3.81e-05,0.001073539,0.261161923,0.959252656,3.31e-07,0.887602031,0.025189061,0.988724649,98.74051127,-0.832381841,1.017064245,5.34e-05,0.007335042,0.004417743,0.072770081,0.009808205,0.91359973,0.000159248,0.025433371,0.248011142,9.01e-05,5.68e-10,0.253760189,0.17474553,2.092646988,0.999540852,0.115817532,0.951110482,0.435168177,0.284644693,0.235051498,0.710954785,0.203344584,0.012777995,0.96592617,0.55155021,0.505790949,0.206339911,0.230084583,0.286314666,0.392077714,0.96538502,0.023714496,0.017032858,0.061453324,0.016093396,0.025157753,2.19e-05,2.88e-05,0.155243605,0.000231891,0.000186041,0.007131696,5.69e-06,9.98e-06,0.019255158,4.22e-05,0.066,0.465
"201","cid227681","CCC(=O)OCN1C(=O)C=CC1=O",183.05,5,0,63.68,4,1,5,5,0,8,0,0,0.45,0.375,7,0,0,0,1,-0.821706487,0.706426992,0.712349636,7.563176209,3.857426391,-4.526959149,0.577149689,0.116627522,0.269611359,0.807653829,0.483327329,0.700300902,0.862376675,0.164802343,0.54635942,0.001999938,0.987679064,0.855464876,0.231155142,70.59889343,-0.610909668,25.10528978,0.821421444,0.015225597,0.000211981,0.003694317,2.74e-05,4.38e-05,2.26e-07,0.000211459,0.058412839,0.000103171,8.09e-07,0.629380643,0.87839216,6.12765871,0.805100919,0.08729545,0.509030819,0.761329055,0.472312808,0.606127858,0.908447206,0.887999952,0.932411015,0.993844748,0.662192404,0.444561332,0.84578824,0.146818623,0.590175092,0.240724728,0.953268766,0.036520585,0.004958049,0.244278729,0.007066601,0.000918924,0.016554985,0.013250588,0.007703061,0.007173811,0.079100393,0.369383842,0.000335498,0.984294534,0.00225694,0.79542774,0.02,0.035
"202","cid409805","CCN(CC)CCCC(C)Nc1nc(C)cc(Nc2ccc3nc(C)cc(N)c3c2)n1",421.3,7,4,91.99,10,3,10,7,0,17,1,0,0.429,0.458,38,0,0,1,0,-3.600153547,3.449138332,4.192735052,10.06654466,8.512537089,-5.623971616,0.001539828,0.002132125,0.960934758,4.77e-07,0.00878942,0.002304852,0.827709839,0.991007507,0.990115523,0.003050801,0.991074383,0.072676808,0.999572694,64.87335499,1.202277063,26.07858332,0.979598641,4.82e-08,0.083902642,1.01e-07,1.89e-06,0.95952338,0.001107244,0.001708456,0.963938355,0.957749069,8.2e-13,0.162371084,0.004748863,5.08841296,0.751906583,0.978242576,0.842908025,0.790505648,0.711918533,0.683304906,0.956354618,0.506425261,1.14e-06,0.157980174,0.998588741,0.823041022,0.998160779,0.60695374,0.590326667,0.985166013,0.999787748,0.258054644,0.164155513,0.853233099,0.643974125,0.001776131,0.101398334,0.288214147,0.957070291,0.005935704,0.01137353,0.525124073,0.181224555,0.027063798,0.112843513,0.897178113,0.336,0.277
"203","cid81146","O=C(O)c1cc2cc(OCc3ccccc3)ccc2[nH]1",267.09,4,2,62.32,4,3,9,4,0,17,0,0,0.761,0.062,15,0,1,0,0,-3.449374404,2.440144615,3.632299492,4.528730703,1.181837727,-5.16536108,0.991421759,0.000600406,0.001439695,0.126324356,0.230266988,0.355676532,0.100993872,0.990786195,0.99881196,0.010557461,0.427923232,0.012462123,0.752999127,98.4817689,-0.711168566,0.890297619,0.297611982,0.000208998,0.005145014,0.014737494,0.98862052,0.000401755,0.117158465,1.96e-05,0.000317323,0.003380138,0.000500128,0.940154552,0.571607351,2.327743498,1.221777282,0.199181557,0.936624885,0.447522849,0.216360673,0.30577448,0.109460481,0.495307505,0.003326005,0.941131353,0.737861454,0.55077076,0.493523121,0.605351031,0.427207381,0.785529017,0.322049826,0.036525566,0.044450082,0.189579606,0.92100668,0.291387796,0.118746579,0.096209653,0.840011954,0.043451734,0.028878862,0.600551426,0.207303807,0.076426752,0.777895093,0.106182076,0.505,0.909
"204","cid262093","O=C1C(SCCO)=C(SCCO)C(=O)c2ccccc21",310.03,4,2,74.6,6,2,10,6,0,13,0,0,0.833,0.286,24,0,0,0,0,-2.921707135,1.54462264,1.101968148,6.576493292,5.257783854,-5.07952282,0.932836235,0.240625635,0.000271903,0.988995811,0.035492837,0.85471943,0.187001407,0.25434956,0.879266441,8.51e-07,0.894860089,0.114684455,0.353589267,68.35504746,-0.037950785,27.40641014,0.058160637,0.999999881,0.993651092,1,0.983382642,0.999972701,0.484869659,0.999995708,0.640329242,0.003204467,2.2e-09,1,0.999963045,5.753950779,0.976702578,0.044666078,0.888340771,0.683679938,0.098065533,0.080267839,0.999064863,0.879290938,0.08936958,0.982581317,0.841030419,0.643809676,0.195170581,0.18373087,0.590981007,0.40175119,0.047740903,0.055434298,0.062820867,0.304519415,0.268499821,0.002582735,0.000753679,0.383711845,0.288534969,0.048180431,0.000397547,0.917903781,0.000764238,0.226621926,0.503506958,0.405312598,0.05,0.601
"205","cid4096211","O=C(Nc1nc2ccc(NC(=O)C34CC5CC(CC(C5)C3)C4)cc2s1)c1ccccc1",431.17,5,2,71.09,6,7,9,6,0,30,0,0,0.556,0.4,79.714,0,1,1,0,-6.946271743,4.538168528,5.229236993,11.79417322,3.854241132,-5.165152483,0.013652642,0.013395231,0.000352932,1.81e-05,0.000318646,0.001831174,0.226483285,0.009627285,0.006730413,1.29e-06,0.993957758,0.999881744,0.977368355,99.55084198,0.048327451,0.329904162,0.000675424,0.775958478,0.267825782,0.037638307,0.002828439,0.024133746,0.134512573,0.980343938,0.003226276,0.006058846,0.266530514,0.005087265,0.995661914,2.691323953,0.55993975,0.64238584,0.996231377,0.500421047,0.142232761,0.868601203,0.057216655,0.757009745,5.37e-13,0.000227747,0.374959648,0.939079046,0.054434624,0.97739923,0.355455041,0.726095378,0.996243596,0.244444281,0.73472333,0.984136343,0.999975443,0.563565493,0.496756762,0.401327342,0.869837821,0.000310117,0.515128493,0.999976993,0.99458766,0.636108816,0.998158872,0.982467592,1,0.991
"206","cid9825149","Nc1ncnc2c1c(-c1cccc(OCc3ccccc3)c1)cn2C1CC(CN2CCCC2)C1",453.25,6,2,69.2,7,6,9,6,0,31,0,0,0.411,0.357,70.211,0,1,1,0,-5.015602036,3.508278251,4.472739302,10.90564099,8.387565739,-5.11712963,0.316822976,0.010654813,0.000367261,3.58e-07,0.002565801,0.019355655,0.003650069,0.516895056,0.924069226,0.227305114,0.991937816,0.998827159,0.991336823,90.68400874,0.835214245,8.44269158,2.98e-05,0.003985451,0.00430391,0.000246119,5e-06,0.887861907,0.10729108,0.070042007,0.975795984,0.900598943,3.32e-09,0.991704345,0.008352891,7.62187788,0.729402763,0.96039933,0.964400709,0.52871114,0.49972114,0.980252206,0.108919173,0.429468989,1.89e-09,0.000825145,0.962090671,0.879543483,0.999042928,0.8223719,0.711077452,0.931035578,0.991984963,0.220389321,0.739297092,0.96610415,0.002904548,0.000618892,6.62e-05,0.085814409,0.035724435,6.62e-06,6e-06,0.604517758,0.041127499,0.039883159,0.257613361,0.023805523,0.837,0.137
"207","cid11977753","Cn1c(=O)n(-c2ccc(C(C)(C)C#N)cc2)c2c3cc(-c4cnc5ccccc5c4)ccc3ncc21",469.19,6,0,76.5,3,6,13,6,0,34,0,1,0.324,0.133,34,0,0,1,0,-5.649945718,3.494752669,3.892754532,10.30576456,4.848557384,-4.650198629,0.061117139,0.732793808,0.002416559,6.08e-06,5.58e-05,0.000113249,0.00875771,0.423144758,0.954544008,0.139182046,0.99998498,0.004598196,0.796787322,98.08311614,0.340723353,1.629446108,0.838297486,0.706027865,0.069772914,0.013318767,0.965297401,0.004665931,0.389380664,0.898434341,0.714776218,0.005242212,5.07e-05,0.999981403,0.985059381,4.045367842,0.615968517,0.807088315,0.997153282,0.859611213,0.912793219,0.992676616,0.000328543,0.881462216,1.07e-09,0.007877191,0.990279853,0.895882189,0.987138689,0.927291095,0.450948209,0.954838216,0.999969721,0.387471795,0.428823858,0.920809865,0.713095427,0.007589723,0.001902006,0.144344896,0.188299373,0.000169456,0.008574996,0.019815302,0.44002986,0.000551227,0.040225957,0.069394179,1,0.31
"208","cid46398810","Fc1cc(-c2cccc3ncc(-c4cnn(C5CCNCC5)c4)nc23)cc(F)c1CN1CCOCC1",490.23,7,1,68.1,5,6,10,9,0,34,0,0,0.453,0.37,74.595,0,0,1,0,-3.900967519,2.94048828,2.943606942,7.876104015,7.006922409,-5.457665252,0.715155363,0.124808691,0.053369161,2.38e-07,1.43e-06,0.000100136,0.000785232,0.872733772,0.98962003,0.079846852,0.999289274,0.014389211,0.999387026,86.01997686,1.032423545,11.90455665,0.541608632,4.41e-06,0.001114928,8.22e-06,4.72e-06,2.05e-09,0.24061738,0.621096849,0.999976754,0.99861896,6.78e-10,0.987038016,1.93e-08,6.611301384,0.304903712,0.95509249,0.9942801,0.865915716,0.94015485,0.886410058,0.043228298,0.376359552,1.45e-08,0.006822411,0.99428767,0.993813992,0.999717534,0.98773706,0.586033106,0.999910235,0.999798715,0.331567943,0.244974136,0.613622606,0.033974703,0.002889666,0.01424796,0.10101676,0.597455084,0.003488443,0.391212404,0.766401649,0.325492799,0.054037414,0.131695986,0.026599687,0.756,0.147
"209","cid16038120","COc1cc(N2CCC(N3CCN(C)CC3)CC2)ccc1Nc1ncc(Cl)c(Nc2ccccc2S(=O)(=O)C(C)C)n1",613.26,10,2,102.93,9,5,6,12,0,32,0,0,0.342,0.467,74.682,0,0,1,1,-4.812948415,3.33344339,3.944760783,8.45007844,6.581386108,-5.540051701,0.000547581,0.995971024,0.095908433,4.41e-06,0.001389146,0.016117334,0.998578537,0.12849997,0.315612972,0.038090456,1,0.00041584,0.999994874,99.14848432,0.520633392,1.893963545,0.991499245,0.022427443,0.998494148,8.29e-06,0.003530039,0.111223169,2.8e-06,0.999861956,0.999998212,0.715767443,5.3e-11,0.101222157,0.804063678,7.200840725,0.375687074,0.994010985,0.99855715,0.046583772,0.361744583,0.742907166,0.615956604,0.529670775,5.68e-09,0.000510726,0.688275516,0.974390328,0.849882841,0.832348168,0.250738382,0.987974167,0.996762156,0.407597274,0.592730165,0.906437635,0.332666367,0.001329207,0.00028201,0.000764004,0.100692406,9.94e-06,0.000116288,0.824160576,0.005748224,0.000352625,0.268007219,0.013799608,0.478,0.078
"210","cid4578","Nc1nc(OCc2ccccc2)c2[nH]cnc2n1",241.1,6,3,89.71,3,3,9,6,0,16,0,0,0.725,0.083,14,0,0,0,0,-3.252292851,2.241352611,2.16440446,8.957774151,4.025738917,-4.899551425,0.310564399,0.630145013,0.000654447,0.029354095,0.066715419,0.516581416,0.081798792,0.970719457,0.993858278,0.062571138,0.86139518,0.516138315,0.34691906,83.92782266,0.185088385,15.37741853,0.20776318,0.999951959,0.004977095,0.256811678,0.005190146,0.018035732,0.000112771,0.997952044,0.193502009,0.97241807,0.999887586,0.999988914,0.228213012,7.068740997,0.945178189,0.208856881,0.705111682,0.386556268,0.525322914,0.512196779,0.247754693,0.516407192,0.00058677,0.927602291,0.564781785,0.653060794,0.83501488,0.356920958,0.3422786,0.329412878,0.716510773,0.071451493,0.225564435,0.372198731,0.944470048,0.059210941,0.002412943,0.123897187,0.741913676,0.004873149,0.002454803,0.518080771,0.031608198,0.001062414,0.622033417,0.280414522,0.121,0.027
"211","cid135398516","COc1cccc2cc(-c3nc(C4CCC(C(=O)O)CC4)n4ncnc(N)c34)[nH]c12",406.18,9,4,131.42,4,5,9,9,0,27,0,0,0.474,0.333,65.571,0,0,1,0,-3.84140913,2.436413714,2.299253858,8.230073708,4.506297883,-5.548495123,0.139379308,0.001979049,0.00155632,0.000944316,0.000173748,0.00058198,0.066931367,0.994939089,0.999604046,0.034269273,0.979268074,0.002252302,0.932366967,96.61285292,-0.343194987,2.731840764,3.45e-06,9.51e-07,0.000108818,8.31e-06,0.924504101,4.34e-07,7.83e-06,4.99e-09,0.000127183,1.28e-06,1.27e-07,0.002803205,0.005104834,6.02952067,0.913259206,0.112877376,0.994217753,0.705639839,0.535940409,0.706058025,0.110452555,0.612750709,2.33e-07,0.380547851,0.927887619,0.89075321,0.934017658,0.957093656,0.908139408,0.984813631,0.995227695,0.19327499,0.101756595,0.342403173,0.905138671,0.135146171,0.03948354,0.633828282,0.416789502,0.010076479,0.822399139,0.926205516,0.380808145,0.016202757,0.814962924,0.437617242,0.07,0.158
"212","cid9868037","O=C(Nc1ccc(OC(F)(F)F)cc1)c1sccc1NCc1ccnc2ccccc12",443.09,5,2,63.25,8,4,10,9,0,23,0,0,0.38,0.091,23,0,1,1,0,-7.838275017,4.394423743,5.825873794,12.04029799,4.00669751,-5.22913127,0.246631265,0.375715375,0.020712746,0.076675296,0.19073236,0.490461111,0.669595778,0.961202443,0.996583045,0.005290148,0.99757129,0.275534481,0.50686276,98.92785396,0.062536907,0.561693337,0.999168515,0.999981523,0.001013762,0.999940872,0.830270588,0.615731955,0.197876036,0.617627025,0.024410522,0.995575309,1.97e-05,0.999993086,0.337052107,3.407485127,0.6350689,0.911211431,0.99990344,0.561037481,0.500115633,0.786820471,0.018915737,0.431465715,3.73e-09,0.014289776,0.662105381,0.979349434,0.830064356,0.909927189,0.320170701,0.997897267,0.999999046,0.311123669,0.797446549,0.982753634,0.999338925,0.005425721,0.000362138,0.886165559,0.740323961,0.003249069,0.002661648,0.955879331,0.172046155,0.023834713,0.9612692,0.931942284,0.999,0.369
"213","cid135421197","C=CCc1cccc(C=NNC(=O)CN2CCN(Cc3ccccc3)CC2)c1O",392.22,6,2,68.17,9,3,6,6,0,21,0,0,0.411,0.304,36.267,0,1,0,0,-3.5075784,3.177570256,3.409381532,8.622079799,7.514925269,-5.116586061,0.006351293,0.030067962,0.001215356,0.010627329,0.859615937,0.871113136,0.523691714,0.372058302,0.735355973,2.53e-05,0.319353908,0.004460871,0.409960568,93.58918359,0.342319738,6.150953795,0.340497017,0.99492079,0.020261671,0.710870922,0.662969768,0.727409661,0.894787252,0.404790193,1.41e-05,0.071676835,1.06e-08,0.991702735,0.378897637,6.072734123,0.705759731,0.749981165,0.409746617,0.777096391,0.510053635,0.622952104,0.998815298,0.603836358,0.022452259,0.573166609,0.990507007,0.320508569,0.974466801,0.049547315,0.067991391,0.797124624,0.972462475,0.032715764,0.126989573,0.770677984,0.481706351,0.002740434,0.00199406,0.005787785,0.015951082,6.12e-05,4.93e-05,0.241252556,0.000416392,0.034194488,0.015982211,0.000382042,0.935,0.571
"214","cid4705","COc1cc2ncnc(Nc3cccc(Br)c3)c2cc1OC",359.03,5,1,56.27,4,3,10,6,0,17,0,0,0.757,0.125,16,0,1,0,0,-4.813755666,3.42624757,3.862580583,9.945849587,4.280576478,-4.776598743,0.03298622,0.96866101,0.032063074,0.014354527,0.010379672,0.005098939,0.326203108,0.999450147,0.999985933,0.999002278,0.999992132,0.002758826,0.835883558,98.00907461,0.46289231,1.857758832,0.478263617,0.991823971,0.000827596,0.998188198,0.001366707,0.52518487,0.981165528,0.999260962,0.994487584,0.995849252,6.76e-08,1,0.027921133,4.237953296,0.954467284,0.467986673,0.984014809,0.382425487,0.727185607,0.680840671,0.915809512,0.377718866,0.008449737,0.979917109,0.912685871,0.641034484,0.831176877,0.266363442,0.384017944,0.666210711,0.987250805,0.127881825,0.232678577,0.620765507,0.997783363,0.333402127,0.009235347,0.305004209,0.698363066,0.003134171,0.004959449,0.851592422,0.520918071,0.121240012,0.99186337,0.615941584,0.492,0.27
"215","cid10231331","O=C(NOCC(O)CO)c1cc(Br)c(F)c(F)c1Nc1ccc(I)cc1F",559.91,6,4,90.82,8,2,6,11,0,13,1,0,0.237,0.188,32,0,0,1,1,-4.800002474,2.859748651,2.869970715,7.916343095,5.655755311,-4.885707107,0.294696182,0.019193584,0.092551023,0.046437144,0.002399027,0.091348886,0.007516205,0.959295809,0.980815053,0.000288256,0.010803039,0.015091641,0.770332932,96.64489016,0.601407789,2.572544138,0.029931549,0.012644329,5.88e-06,0.995613098,0.076294467,0.026881041,4.16e-05,0.737507522,0.000187041,0.644408762,2.85e-14,0.999940038,0.0162233,3.830656324,0.845620368,0.825361848,0.999715269,0.816808462,0.262990892,0.073259778,0.990665197,0.159046903,3.21e-07,0.213146389,0.489011049,0.708377898,0.7455374,0.992079794,0.141780213,0.998628616,0.999815404,0.088303164,0.47148928,0.33701694,0.979356527,0.54608357,0.042132687,0.032250516,0.672672391,0.166288048,0.011695341,0.613075674,0.070125692,0.157524765,0.959161878,0.220113695,0.676,0.015
"216","cid3129","CCCCCCCCCC(=O)NC(CN1CCOCC1)C(O)c1ccccc1",390.29,5,2,61.8,14,2,6,5,0,13,2,0,0.505,0.696,35.256,0,1,0,0,-4.20872697,3.487691323,3.564679189,8.049592602,6.793321876,-5.03527576,0.131307617,0.001117793,0.080396324,0.007361054,0.028184414,0.123832226,0.082388878,0.079734832,0.986944318,0.000402964,0.25736928,0.833364904,0.969783604,93.62378141,0.785003896,7.553380961,5.04e-08,0.002972359,0.647072792,4.03e-07,4.27e-05,0.529984117,0.59055692,0.050827555,0.057310395,0.120880142,1.17e-06,0.010518485,0.702210844,5.319219037,0.359979093,0.419760108,0.122901194,0.182356223,0.173208103,0.295147389,0.538303077,0.345180154,0.008842084,0.449454635,0.768343627,0.440345913,0.511900306,0.417313278,0.088828437,0.603233457,0.00320277,0.059880134,0.110992625,0.223869294,0.000630883,0.012418251,0.000240764,0.0004583,0.14871788,0.001144329,7.37e-05,0.310712755,0.000108923,0.001762737,0.009172049,0.000517153,0.176,0
"217","cid6610216","CCCCCCCCCC(=O)NC(CN1CCOCC1)C(O)c1ccccc1",390.29,5,2,61.8,14,2,6,5,0,13,2,0,0.505,0.696,35.256,0,1,0,0,-4.20872697,3.487691323,3.564679189,8.049592602,6.793321876,-5.03527576,0.131307617,0.001117793,0.080396324,0.007361054,0.028184414,0.123832226,0.082388878,0.079734832,0.986944318,0.000402964,0.25736928,0.833364904,0.969783604,93.62378141,0.785003896,7.553380961,5.04e-08,0.002972359,0.647072792,4.03e-07,4.27e-05,0.529984117,0.59055692,0.050827555,0.057310395,0.120880142,1.17e-06,0.010518485,0.702210844,5.319219037,0.359979093,0.419760108,0.122901194,0.182356223,0.173208103,0.295147389,0.538303077,0.345180154,0.008842084,0.449454635,0.768343627,0.440345913,0.511900306,0.417313278,0.088828437,0.603233457,0.00320277,0.059880134,0.110992625,0.223869294,0.000630883,0.012418251,0.000240764,0.0004583,0.14871788,0.001144329,7.37e-05,0.310712755,0.000108923,0.001762737,0.009172049,0.000517153,0.176,0
"218","cid57519531","CC1(CO)CN(c2cc(C(=O)Nc3ccc4c(c3)-c3c(c(C(N)=O)nn3-c3ccc(F)cc3)CC4)c(Cl)cn2)CC1(C)CO",618.22,10,5,146.6,8,6,13,12,0,34,2,0,0.245,0.312,128.143,0,0,1,1,-6.325492119,3.073895673,3.670101422,8.757035372,5.246662007,-5.431356731,0.521622181,0.075252324,0.099645048,0,1.19e-07,3.58e-07,0.002578497,0.104082569,0.860630333,2.68e-05,0.999396682,0.759756327,0.984154224,93.54856407,0.386158646,5.346424325,0.023802809,4.8e-05,0.000293643,0.019028073,0.644518673,5.68e-06,0.0259964,0.011898652,0.798436046,0.387756258,6.54e-13,0.95810318,0.983242154,2.995913172,1.206489975,0.946585953,0.994652867,0.908607483,0.445180804,0.942002356,0.056949362,0.837348402,5.32e-17,5.44e-06,0.476529062,0.964671552,0.991931617,0.985399246,0.90903604,0.989248753,0.999999881,0.177457437,0.525426328,0.97566855,0.719004214,0.047261659,0.012372732,0.593425572,0.42976594,0.025252271,0.004414009,0.971618354,0.181759775,0.037221994,0.994371533,0.833961368,0.975,0.547
"219","cid25227462","Cc1nc(Nc2n[nH]c3c2CN(C(=O)NC(CN(C)C)c2ccccc2)C3(C)C)c2sccc2n1",490.23,9,3,102.07,8,5,9,10,0,26,1,0,0.367,0.36,93.529,0,0,1,0,-3.546000378,3.080294677,3.186177844,8.187292508,7.440829315,-5.523535479,0.996017754,0.044645388,0.545423865,0.18387711,0.737659633,0.993085332,0.999989883,0.981045008,0.992485583,0.00040705,0.962073684,0.013206493,0.966865122,89.49556886,0.863126274,8.705891596,0.889966428,0.010202036,0.926419377,0.068424731,0.038986441,0.214678958,0.713602901,0.800780654,0.5950014,0.024266144,9.84e-05,0.039576977,0.177584931,6.565052455,0.491074084,0.789692998,0.979254127,0.529993057,0.882434368,0.852516174,0.78060621,0.922191799,5.94e-09,0.000161147,0.951007962,0.962162375,0.877478063,0.914113879,0.653997123,0.973654926,0.999877453,0.29532522,0.138554364,0.619231701,0.167600736,0.028508341,0.000274175,0.033158455,0.102203898,2.39e-05,0.003717044,0.773142874,0.066786878,0.000794779,0.070681587,0.104705498,0.039,0.006
"220","cid66577038","Cc1cc(CS(=O)(=O)c2ccccc2)cc(OCc2ccc(CN3CCCC3CO)cc2)c1",465.2,5,1,66.84,9,4,6,6,0,25,1,0,0.504,0.333,74.111,0,1,1,0,-4.221318955,3.225176448,3.387369092,9.11575843,7.70251546,-5.507721318,0.100298695,0.963791192,0.002253396,0.000331163,0.006106973,0.022240996,0.008517146,0.589513958,0.81850177,0.003159743,0.997269452,0.241907299,0.901717067,95.62106524,0.076422357,3.445391391,0.018350448,0.99962306,0.999987245,0.210823879,0.699137449,0.943321705,0.016514726,0.913751304,0.999999285,0.091250032,9.99e-15,0.09106148,0.014028477,5.053068169,0.436190648,0.761081994,0.698762298,0.311701298,0.08027339,0.421672672,0.772231579,0.277328521,0.018285174,0.276859343,0.363817871,0.646751821,0.548521698,0.847872138,0.154909477,0.627856433,0.221655324,0.033482797,0.011546046,0.271166921,0.000745814,0.00569064,0.00030903,0.00027141,0.063003309,0.005916098,0.000124223,0.030074416,6.77e-05,0.005603151,0.043568674,0.000277638,0.929,0.046
"221","cid11612883","CS(=O)(=O)c1cccc(CNc2nc(Nc3ccc4c(c3)CCC(=O)N4)ncc2C(F)(F)F)c1",491.12,8,3,113.08,7,4,10,12,0,26,0,0,0.475,0.227,58,0,0,1,0,-5.053521116,3.3936847,3.698954725,8.216883113,4.85203646,-5.401098284,0.015901212,0.996558011,3.05e-07,0.000378013,0.013836563,0.028193414,0.032535255,0.998822868,0.999991536,9.82e-06,0.999996424,1.46e-05,0.768142819,98.8287737,-0.084535518,1.132013817,0.828674078,5.59e-06,0.004047024,3.74e-11,4e-08,1.36e-06,3.46e-08,0.808891058,0.999400616,8.78e-08,1.3e-09,0.999850512,0.855788708,3.379125825,0.637297837,0.891120076,0.996622443,0.210185304,0.535499573,0.954754412,0.030313578,0.517160177,1.3e-11,0.006213606,0.306841671,0.96933955,0.573919713,0.90486747,0.365918726,0.95679301,0.999990702,0.247625887,0.816619992,0.916340828,0.022645496,0.005472336,0.000158016,1.11e-05,0.215098739,3.47e-05,1.97e-06,0.140170664,0.000278962,2.28e-06,0.004181811,0.000743306,0.878,0.089
"222","cid25154868","O=C(Nc1ccccc1)N1CCC(Cc2cnc3ccccc3c2)CC1",345.18,4,1,45.23,5,4,10,4,0,24,0,0,0.746,0.273,44.786,0,0,0,0,-3.769273395,3.09208782,2.94852772,9.589358226,5.414227358,-4.822331005,0.104742177,0.89089942,0.093094639,0.004173577,0.005651057,0.011829853,0.486476243,0.995085061,0.995123565,0.064507186,0.999786317,0.221839264,0.629505217,98.08218079,0.175836863,1.705698189,0.535085499,0.752943754,0.00312651,0.442010492,0.012744204,0.000472267,0.091359936,0.054472681,0.189271986,0.000441816,4.42e-05,0.995422184,0.913042963,6.078061729,0.695904198,0.814788461,0.716524184,0.373773396,0.306056738,0.829613566,0.736858785,0.22066991,1.76e-06,0.128855228,0.733502567,0.812754452,0.739011765,0.549435258,0.328749776,0.734099209,0.958874047,0.100446701,0.179208428,0.86539799,0.899405539,0.024513643,0.000538017,0.037678059,0.903209984,0.01751603,0.017014697,0.753288627,0.076875791,0.00383349,0.757996798,0.349399388,0.458,0.682
"223","cid46191454","CC(C)CC(=O)Nc1n[nH]c2c1CN(C(=O)C1CCN(C)CC1)C2(C)C",361.25,7,2,81.33,6,3,8,7,0,17,0,0,0.862,0.737,50.909,0,0,0,0,-2.181083279,1.481695308,1.72512821,9.980860951,8.123570883,-5.614612633,0.997656703,0.000127021,0.191136196,0.008233488,0.039084136,0.0688923,0.995582454,0.619107783,0.590818644,2.71e-05,0.184576899,0.978413939,0.957760751,38.30258812,0.19694114,59.33938065,0.000841844,0.117492907,0.999556363,0.000188928,0.028611066,0.007424749,4.88e-05,0.000180806,0.434650302,0.803205073,5.35e-05,0.996565163,0.064030834,8.703152996,0.803684933,0.791484654,0.440417886,0.107612841,0.830542564,0.908515334,0.751945257,0.581894279,8.84e-07,0.000742419,0.946133435,0.863961816,0.895248294,0.82594043,0.364676088,0.966642857,0.995827615,0.085094497,0.01670046,0.39810428,0.044769552,0.00049083,5.24e-06,0.109020688,0.047039341,5.59e-07,0.000225728,0.059778508,0.000528345,4.16e-06,0.000574462,4.95e-06,0.095,0
"224","cid9884685","Oc1cccc(-c2nc(N3CCOCC3)c3oc4ncccc4c3n2)c1",348.12,7,1,84.51,2,5,13,7,0,27,0,0,0.596,0.211,56.348,0,0,0,0,-3.886446027,3.116878888,3.244840994,7.938917401,4.784419853,-4.705201602,0.001142674,0.015285197,0.010440232,1.8e-05,0.00393945,0.023296654,0.274838328,0.346840054,0.850736856,0.093291551,0.932498693,0.142694488,0.901599526,89.06046499,0.024738869,8.442641796,0.041552722,0.51073128,0.145117819,0.763449013,0.045829311,0.047517639,0.031311728,0.542419434,0.00272381,0.022197556,7.26e-05,0.906136334,0.308284193,5.673248724,0.602964254,0.157398283,0.957393825,0.654553354,0.397053421,0.330055028,0.654393196,0.909673631,0.000632665,0.84349519,0.507383585,0.842032909,0.824711859,0.42005083,0.226271391,0.59316659,0.871833026,0.147660136,0.071600817,0.40003708,0.779011607,0.517539263,0.823817551,0.883100629,0.795314014,0.199377939,0.785917342,0.921374619,0.910671055,0.371432424,0.934595525,0.870165646,0.153,0.191
"225","cid6852167","CC(=O)Nc1nc(C)c(-c2ccc(Cl)c(S(=O)(=O)NCCO)c2)s1",389.03,7,3,108.39,7,2,6,10,0,14,0,0,0.7,0.286,16,0,0,0,0,-3.946367261,2.246628882,1.960267152,7.962929264,4.708152797,-5.740869155,0.99602145,5.92e-05,0.00309655,0.000112891,0.000838876,0.001438081,0.006825864,0.592965424,0.300290197,9.54e-10,0.83719629,0.001508824,0.993663311,94.43128287,0.102185681,4.772513784,0.000171079,0.047885958,0.016818266,0.02623358,0.586176217,0.00166081,0.148166627,0.014379463,0.413262218,0.003457878,1.94e-09,0.957601905,0.533304036,4.31677314,0.690578805,0.026754199,0.998713493,0.316494107,0.054491796,0.265027195,0.903990626,0.438787729,6.36e-05,0.420804232,0.192939863,0.794348836,0.078751475,0.559381187,0.492322594,0.383847624,0.998939216,0.017051166,0.01233509,0.071231551,0.622814357,0.110514157,0.058894556,0.000486697,0.399597049,4.5e-05,0.001138545,0.811044335,0.077740729,3.24e-05,0.098110288,0.023435393,0.32,0.023
"226","cid42611257","CCCS(=O)(=O)Nc1ccc(F)c(C(=O)c2c[nH]c3ncc(-c4ccc(Cl)cc4)cc23)c1F",489.07,6,2,91.92,7,4,9,10,0,25,0,0,0.333,0.13,26,0,0,1,0,-6.06649591,3.465485602,4.551396103,10.20805387,4.271525974,-5.209391319,0.481313497,0.980346143,0.000145139,3.14e-05,2.62e-05,8.25e-05,0.001657963,0.30792892,0.696102917,0.002143168,0.999999881,0.003122758,0.956630766,98.55526648,0.129007995,1.151375175,0.056489471,0.938268602,0.003019726,0.295500964,0.984895706,0.026587233,0.931308329,0.940941811,0.997109234,0.381500334,2.45e-05,0.999999881,0.293085188,2.731184554,1.166165502,0.771091163,0.999683857,0.422050148,0.582622528,0.251355797,0.112058982,0.349436998,4.58e-07,0.070708126,0.470882297,0.986855567,0.987771988,0.962505162,0.720612228,0.99674964,0.997515321,0.16551207,0.856006503,0.471645206,0.410746872,0.185632661,0.000530083,0.027489116,0.001622125,9.67e-07,0.000280007,0.008117434,1.62e-05,3.36e-06,0.488468647,0.002345526,1,0.227
"227","cid24180719","CCCS(=O)(=O)Nc1ccc(F)c(C(=O)c2c[nH]c3ncc(Cl)cc23)c1F",413.04,6,2,91.92,6,3,9,10,0,19,0,0,0.6,0.176,21,0,0,1,0,-5.779374286,3.06990955,3.538898174,8.404333767,4.337712361,-5.209633182,0.204648569,0.915195644,0.000145527,1.61e-05,1.55e-05,9.3e-05,0.000167966,0.394939125,0.473772496,0.000269117,0.999999285,0.002080062,0.988625526,98.52664558,-0.072391203,1.291808168,0.991624296,0.868759692,0.006747853,0.034730382,0.988163948,0.003917377,0.000367888,0.145445704,0.976904094,0.972159624,6e-07,0.994316876,0.019324793,3.144696766,1.452002587,0.362429887,0.998823106,0.537785947,0.485169679,0.092870876,0.330510318,0.309031427,0.000308783,0.594867527,0.708503246,0.978406191,0.962000847,0.905233204,0.725297093,0.98476851,0.990648806,0.137302369,0.464099467,0.117980197,0.054762065,0.029382236,4.89e-06,0.000516427,6.7e-05,7.32e-08,3.41e-06,0.001387515,1.88e-07,4.29e-07,0.020982869,0.000450508,0.664,0.01
"228","cid322968","O=C1C2CCN(CC2)C1(CO)CO",185.11,4,2,60.77,2,3,0,4,0,10,0,0,0.579,0.889,20.471,0,0,0,1,0.164417814,-0.225479513,-0.514365534,8.771634204,8.462361579,-5.191430471,0.872215927,0.020514024,0.00731772,0.269165576,0.060444832,0.129104912,0.458377421,0.071348473,0.764819264,0.005398362,0.785272777,0.051910624,0.897985339,9.67039331,-0.213820929,97.08557641,0.762644947,2.52e-11,0.976316392,9.24e-10,0.999649048,6.71e-08,0.125421926,7.17e-06,0.108260743,2.99e-06,1.41e-07,0.000102361,5.02e-05,8.005755284,1.254147385,0.06989944,0.033232428,0.547645926,0.184653953,0.156608254,0.814398229,0.588916838,0.023236729,0.354405671,0.388750672,0.610777974,0.477543592,0.544046879,0.400813043,0.323182493,0.384919792,0.046822567,0.020845782,0.166084781,0.015895691,0.59624052,0.156062156,0.233714417,0.392406821,0.087812021,0.012244101,0.615175128,0.576751292,0.124058448,0.030474972,0.261307359,0.001,0
"229","cid73707386","COCC1(CO)C(=O)C2CCN1CC2",199.12,4,1,49.77,3,3,0,4,0,10,1,0,0.675,0.9,31.579,0,0,0,1,0.430985918,0.058265553,-0.01565787,10.62675268,7.980838151,-4.866716161,0.293237299,0.234978259,0.010791116,0.020747721,0.008309126,0.019544899,0.03248775,0.111393645,0.869724631,0.006830887,0.720625997,0.22208409,0.784079969,17.76095717,0.057998909,79.48781459,0.157640472,1.29e-07,0.092656203,1.01e-07,0.00746619,5.24e-05,0.006335862,0.000338641,0.103723794,0.010137768,4.28e-05,0.001144729,0.018768217,8.65902896,1.149270991,0.12448027,0.073157124,0.62043184,0.245688036,0.220592365,0.829430163,0.668174028,0.120389037,0.430927426,0.500621676,0.595468402,0.543480515,0.433456004,0.34372735,0.249168724,0.315732211,0.062950775,0.029190477,0.224483952,0.033034265,0.532278478,0.504381895,0.183159038,0.580818832,0.237359837,0.033580445,0.641756177,0.455115497,0.146900266,0.060712148,0.245921999,0.003,0
"230","cid73707371","O=C1NC(=S)SC1=Cc1cc(Br)ccc1OCc1ccccc1Br",482.86,3,1,38.33,4,3,6,7,0,20,0,0,0.473,0.059,34,0,1,1,0,-4.542877084,3.116536141,3.271353381,7.167214874,2.952717711,-4.947333737,0.209072262,0.99156028,2.28e-08,0.035779774,0.001131117,0.030413091,0.007652998,0.891060293,0.963725924,1.08e-09,0.999999762,0.989517987,0.169472247,99.4883513,0.273370887,0.315244346,6.43e-05,0.999993443,0.000227185,0.999985814,0.024582518,0.092466317,0.001477143,0.997849941,0.119526163,0.999985456,4.52e-08,0.999999881,0.901964307,1.62690204,1.531953208,0.034727816,0.999798954,0.252845258,0.767155111,0.754329979,0.999405026,0.581317425,0.017983448,0.972461104,0.769623399,0.152818352,0.682466507,0.040339917,0.027161432,0.01699861,0.958090365,0.022943519,0.156490013,0.667028725,0.622910261,0.007331311,0.008661693,0.393889844,0.033654951,0.000343409,0.292688012,0.966389179,0.011319633,0.959545851,0.998393476,0.737037003,1,0.996
"231","cid11983303","O=C1NC(=S)SC1=Cc1cc(Br)ccc1OCc1ccccc1Br",482.86,3,1,38.33,4,3,6,7,0,20,0,0,0.473,0.059,34,0,1,1,0,-4.542877084,3.116536141,3.271353381,7.167214874,2.952717711,-4.947333737,0.209072262,0.99156028,2.28e-08,0.035779774,0.001131117,0.030413091,0.007652998,0.891060293,0.963725924,1.08e-09,0.999999762,0.989517987,0.169472247,99.4883513,0.273370887,0.315244346,6.43e-05,0.999993443,0.000227185,0.999985814,0.024582518,0.092466317,0.001477143,0.997849941,0.119526163,0.999985456,4.52e-08,0.999999881,0.901964307,1.62690204,1.531953208,0.034727816,0.999798954,0.252845258,0.767155111,0.754329979,0.999405026,0.581317425,0.017983448,0.972461104,0.769623399,0.152818352,0.682466507,0.040339917,0.027161432,0.01699861,0.958090365,0.022943519,0.156490013,0.667028725,0.622910261,0.007331311,0.008661693,0.393889844,0.033654951,0.000343409,0.292688012,0.966389179,0.011319633,0.959545851,0.998393476,0.737037003,1,0.996
"232","cid71434048","O=C1NC(=S)SC1=Cc1cc(Br)ccc1OCc1ccccc1Br",482.86,3,1,38.33,4,3,6,7,0,20,0,0,0.473,0.059,34,0,1,1,0,-4.542877084,3.116536141,3.271353381,7.167214874,2.952717711,-4.947333737,0.209072262,0.99156028,2.28e-08,0.035779774,0.001131117,0.030413091,0.007652998,0.891060293,0.963725924,1.08e-09,0.999999762,0.989517987,0.169472247,99.4883513,0.273370887,0.315244346,6.43e-05,0.999993443,0.000227185,0.999985814,0.024582518,0.092466317,0.001477143,0.997849941,0.119526163,0.999985456,4.52e-08,0.999999881,0.901964307,1.62690204,1.531953208,0.034727816,0.999798954,0.252845258,0.767155111,0.754329979,0.999405026,0.581317425,0.017983448,0.972461104,0.769623399,0.152818352,0.682466507,0.040339917,0.027161432,0.01699861,0.958090365,0.022943519,0.156490013,0.667028725,0.622910261,0.007331311,0.008661693,0.393889844,0.033654951,0.000343409,0.292688012,0.966389179,0.011319633,0.959545851,0.998393476,0.737037003,1,0.996
"233","cid219104","CCC(C)SSc1ncc[nH]1",188.04,2,1,28.68,4,1,5,4,0,5,1,0,0.736,0.571,10,0,0,0,1,-3.098329179,2.519657188,2.412916246,9.88177174,4.321312627,-4.754694196,0.010534433,0.018166659,0.001075929,0.037276685,0.004628599,0.62452355,0.709584326,0.400718987,0.770745993,0.000170742,0.969412923,0.998787582,0.831080317,88.13786797,-0.170013606,9.937194144,0.000183272,0.98681879,0.489407778,0.931502044,0.999820292,0.000308886,0.000333832,0.327019364,0.99634093,0.995696902,0.000240365,0.999690294,0.00315456,9.981902904,1.044593008,0.059799802,0.996711969,0.479111999,0.347160459,0.057894416,0.999395132,0.612780809,0.728559613,0.987496138,0.801784575,0.591625869,0.108797424,0.12336278,0.304756463,0.135048583,0.540504217,0.006149535,0.007741627,0.120643489,0.037296005,0.00014476,1.58e-05,0.002816729,0.534097493,0.001043249,1.09e-05,0.0041122,4.8e-05,0.000666377,0.00068395,0.000574441,0.026,0.331
"234","cid5335621","CCOC(=O)c1ccc(N2NC(=O)C(=Cc3ccc([N+](=O)[O-])o3)C2=O)cc1",371.08,10,1,131.99,6,3,6,10,0,21,0,0,0.279,0.118,38,0,0,0,0,-3.556478951,2.191376043,1.776726692,7.473469701,2.646479399,-5.301766572,0.711054087,0.019025363,1.8e-08,0.000838518,0.001623631,0.002562881,0.000441492,0.066023998,0.963455558,4.82e-09,0.984565258,3.48e-05,0.955942988,98.3784713,-0.11496231,1.628707658,0.000145309,0.999857903,0.000161496,0.999967813,7.62e-05,0.013340157,5.07e-06,0.979041398,0.025882784,0.489998281,2.29e-12,0.999992251,0.996834576,4.038806127,0.856294532,0.030980846,0.999998689,0.993706524,0.17482467,0.022900166,0.989981234,0.992935479,3.75e-06,0.808101714,0.106119908,0.030774511,0.002202762,0.012246604,0.485061377,0.022335596,1,0.04557528,0.005925949,0.774724483,0.834425569,0.000213092,0.031594481,0.038415816,0.035110954,0.001622794,0.003434699,0.392987609,0.000606211,0.092394538,0.758875966,0.53250587,0.997,0.631
"235","cid66890843","OCC(Cc1ccccc1)Nc1nc(Oc2ccc3c(c2)CCC3)nc2c1ncn2Cc1ccc(-c2ccccc2)cc1",567.26,7,2,85.09,10,7,9,7,0,38,1,0,0.189,0.194,106.744,1,0,1,1,-6.273719855,4.474530514,6.021743436,11.43096762,5.59974417,-5.044065709,0.043341566,0.996099472,0.007660512,0.000277579,0.018340409,0.152347147,0.197455525,0.980682492,0.848746121,0.007425349,1,0.064822778,0.732251942,99.06394503,0.314843796,0.347839542,0.026543766,0.999999166,0.028825672,0.999997735,0.999298811,0.981812716,0.997725427,0.992699206,0.973791361,0.996966779,0.014149679,0.999973536,0.999968052,4.434515406,0.463751225,0.825697601,0.987881422,0.57148093,0.089680225,0.831013203,0.291848779,0.719257176,8.03e-10,0.009019637,0.246191069,0.935570657,0.973007262,0.910209596,0.401049733,0.886259913,0.989288092,0.087210506,0.744472265,0.946368992,0.613319695,0.707489371,0.005332982,0.108046621,0.472914726,0.000935509,0.004672371,0.508575678,0.00153905,0.022836247,0.938248217,0.007255967,1,0.535
"236","cid46215462","Nc1nc(Nc2ccc3c(c2)CCC(N2CCCC2)CC3)nn1-c1cc2c(nn1)-c1ccccc1CCC2",506.29,8,3,97.78,4,7,15,8,0,39,1,0,0.381,0.4,121.429,0,0,1,1,-4.983292145,3.57182215,4.448729387,9.573705912,7.832698808,-4.626927651,0.040973041,0.94413507,0.008514265,3.58e-07,0.000249088,0.00223279,0.77335003,0.204594761,0.05235615,0.007587209,0.99999845,0.896853089,0.860257566,94.60251075,0.842459666,5.145396842,0.995453,2.38e-06,0.538801014,4.12e-08,3.96e-05,0.944596052,0.973959148,0.024128519,1,0.843979716,2.76e-06,7.41e-07,0.124463603,4.172223508,0.413663887,0.964859247,0.128854722,0.573630869,0.527170777,0.962465882,0.36352092,0.660885513,1.78e-08,0.000713439,0.947065949,0.81426245,0.947295129,0.939837813,0.27293843,0.810554504,0.987311125,0.11652223,0.360714495,0.921095371,0.03977935,0.090208553,0.001683584,0.002682942,0.338519126,2.79e-05,0.001637703,0.046743635,0.14950873,2.69e-05,0.444422066,0.142792165,0.934,0.748
"237","cid11656518","Cn1c(Nc2ccc(C(F)(F)F)cc2)nc2cc(Oc3ccnc(-c4ncc(C(F)(F)F)[nH]4)c3)ccc21",518.13,7,2,80.65,7,5,9,13,0,27,0,0,0.247,0.125,32,0,0,1,1,-4.291776926,3.410665128,3.822643015,8.442649858,4.944671787,-5.301037141,0.306832373,0.998859763,0.026667448,4.47e-05,0.13548851,0.004216552,0.08355701,0.99754262,0.999890566,0.043724854,0.999970198,0.053240914,0.990925789,98.06869955,0.930616888,0.849808654,0.999984622,0.989218414,2.5e-05,0.969894171,3.83e-08,0.892056167,1.77e-05,0.961568117,0.692971766,0.655849457,4.46e-08,1,0.024154071,2.421214184,1.519719426,0.91762805,0.969100296,0.288134366,0.955415666,0.990127563,0.158748701,0.197761312,3.09e-07,0.279430896,0.998669863,0.9691571,0.977052927,0.933338344,0.285452664,0.99815172,0.999998093,0.280156046,0.977546275,0.996147037,0.996702135,0.104506999,0.219357863,0.956926703,0.973497868,0.077157505,0.286738932,0.989723444,0.947969556,0.059345279,0.998267889,0.955823183,0.948,0.399
"238","cid702558","O=C(O)C(Cc1c[nH]c2ccccc12)N1C(=O)c2ccccc2C1=O",334.1,6,2,90.47,4,4,9,6,0,23,1,0,0.717,0.105,66,0,0,0,0,-3.301778711,1.532485618,1.589796769,4.741013256,1.433003819,-5.013900731,0.846025765,0.010357672,0.000164098,0.03346771,0.003347456,0.036695004,0.176975012,0.995755672,0.999962807,5.7e-05,0.982962728,0.034529261,0.098937742,96.48272551,-0.559689555,3.94436392,0.01563826,0.002857535,0.881545961,1.07e-05,0.345453382,2.21e-06,0.00016101,0.07990019,0.361093283,2.18e-06,0.109991863,0.027859734,0.860106885,1.351620804,1.240505855,0.051434435,0.855723143,0.36709255,0.352643639,0.290293634,0.184011549,0.304822773,0.005913501,0.798002899,0.515182495,0.679037094,0.821602225,0.708410442,0.569382787,0.706091225,0.987120211,0.019600812,0.016229717,0.050564326,0.174537167,0.129365131,0.718081832,0.011618847,0.012708724,0.001306522,0.019280463,0.170577183,0.006404094,0.006339054,0.007475428,0.015522321,0.024,0.245
"239","cid374536","OCc1ccc(-c2ccc(-c3ccc(CO)s3)o2)s1",292.02,3,2,53.6,4,3,5,5,0,15,0,0,0.77,0.143,15,0,0,0,0,-2.840454589,2.411131611,2.175760326,5.944246609,5.173290187,-4.948809517,0.024584165,0.020193417,0.002118089,0.037941992,0.82706894,0.957407385,0.815639496,0.434675694,0.954493463,0.00179056,0.913723052,0.261146277,0.321955889,93.9724894,0.561431555,5.660229073,0.256499857,0.017845612,0.021142954,0.980070412,0.999719083,0.000641091,0.999800026,0.412872404,0.99249351,1,0.997960925,0.999126852,3.18e-05,5.384299148,0.753150562,0.066612281,0.985789835,0.764765799,0.1194911,0.037878383,0.711486697,0.9589656,0.05078809,0.916805983,0.387560159,0.660782993,0.059005957,0.468170702,0.154083103,0.238219872,0.996362388,0.069706745,0.008575961,0.198478773,0.962828755,0.214534894,0.872747064,0.528574824,0.749453187,0.258810312,0.708039701,0.993784428,0.772760153,0.96842289,0.998267174,0.934854984,0.677,0.995
"240","cid49867930","CC(C)(C(=O)NCC(F)(F)C(F)(F)F)C(=O)NC1C(=O)Nc2ccccc2-c2ccccc21",469.14,6,3,87.3,8,3,15,11,0,20,1,0,0.46,0.318,79.793,0,0,1,0,-4.323698093,3.388482484,3.371777338,9.098759842,5.028081615,-5.010750972,0.870204687,0.524409771,0.014864759,0.001666248,0.171028018,0.580449849,0.850655988,0.310366005,0.970243394,0.005158564,0.956563652,0.617985845,0.867018163,98.88060244,0.224774783,0.881056087,0.678997874,0.993901849,0.994671524,0.308275431,0.000116917,0.000600813,6.49e-06,0.988232553,0.999997973,0.860579491,4.83e-08,0.998367846,0.513900459,5.36459758,0.684015278,0.128056586,0.806965351,0.285920143,0.41484201,0.614499569,0.248105094,0.484389603,6.51e-07,0.021305723,0.358226329,0.637080252,0.789829135,0.594677687,0.536629021,0.950339615,0.999900579,0.039178006,0.020806106,0.305613279,0.440166652,0.510556281,0.059994832,0.05061762,0.053455878,0.000755397,0.001279859,0.684121549,0.008512735,0.001585736,0.072695762,0.411532521,0.889,0
"241","cid46174525","Cc1ccc(C(=O)NCCCCCC(=O)Nc2ccc(F)cc2N)cc1",357.19,5,4,84.22,10,2,6,6,0,14,0,0,0.498,0.3,13,0,0,0,0,-3.285517435,2.600004203,2.374241801,9.452370448,6.61011167,-4.893041024,0.927261472,0.070884384,0.265840054,0.000219166,0.000281155,0.000456691,0.024421632,0.383808166,0.485131919,1.65e-05,0.859694541,0.351779372,0.922066391,88.70387623,0.028409223,9.428723044,0.101973981,0.94265312,0.695399106,0.995199263,0.000135646,0.452213675,0.018843085,0.301460922,0.060642753,0.007440547,1.72e-06,0.998011053,0.634315133,6.013332067,0.560352261,0.548709393,0.92020607,0.731248379,0.221292466,0.39443469,0.835101247,0.287886351,8.06e-05,0.907254755,0.376921475,0.705303431,0.938538134,0.233367309,0.674151421,0.953467846,0.997408807,0.054867346,0.042926144,0.580891788,0.476539344,0.029653752,0.000861595,0.00160536,0.438929081,0.009598793,0.020779064,0.347328007,0.032726254,0.084187299,0.164463982,0.287266761,0.606,0.072
"242","cid3854666","O=C(Nc1ccc([N+](=O)[O-])cc1O)Nc1ccccc1Br",350.99,7,3,104.5,5,2,6,8,0,14,0,0,0.445,0,13,0,0,0,0,-5.37867815,3.678330185,3.92441571,8.819672438,2.109980363,-5.085610059,0.809877813,0.792731524,0.00056642,0.005421638,0.01262331,0.122242689,0.548170626,0.794438899,0.993918657,0.000347189,0.999203861,0.007125813,0.998363912,96.8129173,-0.009878836,2.565077784,0.00730524,0.580249369,0.00054558,0.603801727,0.024834244,0.17995128,0.775430441,0.003632155,0.001545643,0.201623142,1.65e-08,0.999856114,0.008647162,1.54795958,1.466720844,0.086723909,0.999135435,0.742929339,0.508150697,0.64777565,0.994875252,0.229661077,0.002877943,0.989178777,0.779002964,0.567174792,0.017662764,0.097470865,0.35247913,0.179491907,0.999998927,0.064310931,0.140515372,0.711942434,0.995815814,0.000732319,0.000355286,0.127484843,0.13319318,0.001234399,2.58e-05,0.992493987,0.000279542,0.247462198,0.999716222,0.760445237,0.996,0.882
"243","cid4521392","NC(=O)c1ccc(-c2nc(-c3ccc4c(c3)OCO4)c(-c3ccccn3)[nH]2)cc1",384.12,7,3,103.12,4,5,9,7,0,28,0,0,0.559,0.045,52.174,0,0,0,0,-3.740342363,2.345661992,2.120517852,9.359825604,4.62523575,-5.236710101,0.154210389,0.614465296,0.002584674,3.7e-06,0.001841128,0.000212371,0.248716414,0.825794995,0.998423815,0.009533839,0.997302532,0.928798676,0.726864517,94.69472518,0.302694686,5.001959094,0.98440522,0.99677974,0.06681411,0.021415817,0.905038953,0.992866635,0.997465253,0.994829237,0.001794201,0.533958256,0.026940802,0.967156112,0.121718399,2.226447291,1.080379093,0.652233064,0.97922796,0.886957705,0.5893206,0.803736389,0.124975987,0.951287925,9.2e-07,0.671676695,0.926877022,0.877737761,0.970835745,0.488330185,0.581708491,0.917258203,0.994889975,0.255950063,0.19720903,0.75985688,0.958883286,0.033065535,0.26621148,0.016465263,0.64961952,0.183604926,0.02142535,0.82976985,0.13068296,0.059598785,0.986232102,0.859649003,0.806,0.884
"244","cid9967941","Cc1cccc(-c2[nH]c(C(C)(C)C)nc2-c2ccc3nccnc3c2)n1",343.18,5,1,67.35,3,4,10,5,0,22,0,0,0.573,0.238,23,0,1,0,0,-4.493016682,3.394838125,3.65166605,11.6246754,5.866489435,-5.255371613,9.4e-05,0.976828218,0.00535723,3.1e-06,0.029680312,0.147835135,0.988855576,0.999566376,0.997707009,0.721181631,0.999997377,4.32e-05,0.826352775,94.8401581,0.042865433,4.661475406,0.820810676,0.735410333,0.002747653,0.586060226,0.997408092,0.045880895,0.883635938,0.58683908,0.939249814,0.607571781,0.000256797,0.927609265,0.53704083,6.447522499,0.383490265,0.441204935,0.889188409,0.851186156,0.773253202,0.847492516,0.308080494,0.912611067,0.000117399,0.896564782,0.975498915,0.804926872,0.923032403,0.68390137,0.605539322,0.97383368,0.952500284,0.219722643,0.080844045,0.409340471,0.636052072,0.05339013,0.002494852,0.014409222,0.097282767,0.000573472,0.003992286,0.341035664,0.036928717,0.037060421,0.279504359,0.054641046,0.088,0.617
"245","cid9936388","Cc1ccc(C(=O)N(CCCN)C(c2oc3cc(Cl)ccc3c(=O)c2Cc2ccccc2)C(C)C)cc1",516.22,5,2,76.54,10,4,10,6,0,25,1,0,0.274,0.29,50,0,0,1,1,-4.236213094,3.756499473,4.42374052,9.061569777,7.632406726,-5.514077002,0.027889965,0.997954011,0.01536967,0.000398338,0.036053419,0.179375112,0.044016361,0.998694479,0.943935037,8.6e-05,1,0.002015817,0.989281178,97.47871561,0.921083016,2.226551631,0.273110807,0.050043464,0.99976784,0.502875865,0.980638802,9.08e-05,0.00067128,0.985637605,0.999976635,0.023993963,0.000932389,0.991863608,0.009980517,3.36013153,0.781961891,0.678598344,0.432463586,0.171447337,0.271711498,0.802621007,0.836685181,0.258627087,0.001067559,0.083617046,0.896025598,0.568466306,0.867453873,0.362020344,0.174448162,0.503904998,0.498771697,0.055166941,0.303010225,0.771812856,0.118801333,0.001149185,0.000352105,0.792519212,0.951936245,0.358828932,0.009087102,0.924261987,0.050319429,0.317946494,0.993776679,0.402130336,0.999,0.058
"246","cid12001922","CN(C)CCCNc1nc(CN2CCN(C(c3ccc(Cl)cc3)c3ccc(Cl)cc3)CC2)nc2ccccc12",562.24,6,1,47.53,10,5,10,8,0,29,0,0,0.232,0.355,59.143,1,1,1,1,-4.656350689,4.55947662,5.755814635,11.06647802,8.537775593,-5.098757149,0.001069413,0.936902404,0.000563511,0,0,3.93e-06,0.003635824,0.009865993,0.007399651,0.037606824,0.999999881,1,0.992196441,95.43886197,0.844890848,4.982827363,0.999988079,0.158672988,0.999759018,0.00262033,7.52e-05,0.906168342,0.982565761,0.00044261,0.995663464,0.010415193,0.421552271,1.55e-06,0.755745769,7.518341139,0.66740329,0.999698162,0.142924577,0.106559962,0.594261885,0.965427458,0.885543585,0.15276967,2.67e-09,4.1e-05,0.913824856,0.969535112,0.998898268,0.9514153,0.528544784,0.995641232,0.972286403,0.052465905,0.966832578,0.987526059,0.090614453,0.512664735,0.003179097,0.316282302,0.016805176,2.81e-05,8.23e-05,0.970707893,0.000778014,0.006560276,0.316069424,0.759185612,0.821,0.002
"247","cid4259181","CC(C)c1ccc(Cn2ccc3c4c(N)nc(NC5CC5)nc4ccc32)cc1",371.21,5,3,68.76,5,5,13,5,0,24,0,0,0.523,0.304,57.2,0,1,1,0,-5.350400068,4.148255082,4.694705089,11.68976723,7.144062106,-5.019937684,0.191670895,0.800703883,0.984314084,0.026774526,0.197560251,0.767935559,0.903579511,0.812393665,0.947904825,0.265233904,0.954304338,0.012137676,0.790246367,98.62652021,0.195771829,1.426058517,0.005226964,0.822205544,0.05550313,0.154163301,0.000755853,0.495213747,0.001204379,0.986723125,0.991942048,0.986733258,0.003292095,0.724385023,0.285459578,7.591368337,0.387652903,0.91159308,0.981917441,0.861118197,0.592077732,0.981677175,0.058033939,0.74114579,7.29e-11,0.012522936,0.919272602,0.951637208,0.980914235,0.982125998,0.864479899,0.989406884,0.992666185,0.378002256,0.928432524,0.968747914,0.583137274,0.017194396,0.0565014,0.040634859,0.762506843,0.020172175,0.063389763,0.665843308,0.007324904,0.448260635,0.9040277,0.284481674,0.993,0.768
"248","cid24779724","Cn1cc(-c2ccc3nnc(Sc4ccc5ncccc5c4)n3n2)cn1",359.1,7,0,73.79,3,5,10,8,0,26,0,0,0.492,0.056,24,0,0,0,0,-3.399889067,2.658099346,2.206798865,7.07566845,3.925357174,-5.091711763,0.083462618,0.173302099,0.000116986,0.000233948,0.000431836,0.020822704,0.054582655,0.979185283,0.738680005,0.000606231,0.999627233,0.13521108,0.238279015,91.63956423,0.057801291,8.566527477,0.99967742,0.997263193,0.00690236,0.924272537,0.938559592,1.39e-05,0.976202786,0.24435541,0.966269433,0.000169855,9.2e-06,0.999995708,0.216703147,3.870626493,0.767779197,0.310876042,0.998270035,0.861876786,0.682843924,0.592676759,0.328290403,0.881152511,1.1e-05,0.470902592,0.968533397,0.813951612,0.896767318,0.640305698,0.586657763,0.929234445,0.991458774,0.144361794,0.210565731,0.662974775,0.338424444,0.017098559,0.000152255,0.015755799,0.034448713,0.00046728,0.005689013,0.070652969,0.006344986,0.014866059,0.068067551,0.007432378,0.205,0.16
"249","cid1317464","CCOc1cc(C=C2C(=O)N(c3ccccc3)N=C2C)cc(Cl)c1OCC(=O)OC",428.11,7,0,77.43,8,3,6,8,0,20,0,0,0.49,0.227,38,0,0,1,0,-4.532994408,3.219565951,3.295216168,9.486928219,4.800080186,-4.934049946,0.000114722,0.995330334,4.37e-08,1.55e-06,3.45e-05,0.000198305,0.001534104,0.848727167,0.954687953,8.5e-09,0.999983668,0.215735078,0.288822442,98.8314454,-0.200568676,0.960459278,0.999561846,0.827917039,0.663969636,0.928729832,5.87e-05,7.71e-08,1.6e-07,0.472661316,0.998591721,0.001140774,2.07e-05,0.994831502,0.061366916,2.897875624,1.465314021,0.272096038,0.749968052,0.511307597,0.454859346,0.516765296,0.897640467,0.682956994,2.05e-06,0.079276234,0.345914721,0.515532255,0.889224708,0.30830574,0.494260907,0.488967896,0.996468186,0.01800528,0.013291598,0.452571779,0.892464042,0.022664784,0.001166633,0.448881716,0.007137516,0.002182354,0.000123039,0.167084828,0.003683355,0.365934253,0.495120794,0.498371035,0.997,0.99
"250","cid753704","Oc1ccc(Nc2nc(-c3ccc(Cl)cc3)cs2)cc1",302.03,3,2,45.15,3,3,6,5,0,17,0,0,0.675,0,15,0,1,1,0,-5.202534399,3.584563297,4.820009481,9.305589395,3.530020266,-4.695478982,0.374753654,0.259654671,0.00106973,0.000839114,0.053600371,0.109094441,0.755163297,0.982996941,0.984928429,0.000119527,0.999918342,0.348228812,0.599665761,99.69387186,0.077482456,0.231519018,0.032907642,0.999765933,0.009089288,0.995059609,0.000477083,0.997221947,0.481457084,0.995145023,0.101222418,0.999968886,1.55e-07,0.999999881,0.966949403,5.680221033,0.482148668,0.497148842,0.935942352,0.355983108,0.333299875,0.377496839,0.851475239,0.384030461,0.009692499,0.936461031,0.751054704,0.633447409,0.533498168,0.365381122,0.174923047,0.682174563,0.980391622,0.045678049,0.346207112,0.891898692,0.999864578,0.171244577,0.294943511,0.691607714,0.964229882,0.138634324,0.629075527,0.998798013,0.925424874,0.809579432,0.999789655,0.963862598,0.999,0.994
"251","cid568763","O=C1c2ccccc2-c2nc3nonc3nc21",224.03,6,0,81.77,0,4,16,6,0,20,0,1,0.446,0,38,0,0,0,0,-3.482794264,2.00978944,1.987238884,4.729002791,1.489092879,-4.430158096,0.739800274,0.39189288,0.029550331,0.113821626,0.030979276,0.811465636,0.933758646,0.776286364,0.530985236,0.017454011,0.7759673,0.599952519,0.351366073,90.61734963,0.209743785,9.789698388,0.701846659,0.807500064,0.171790496,0.234196454,0.012571986,0.509500861,0.111190744,0.00497267,0.298362285,0.000842021,0.001164104,0.987195492,0.967953444,2.254476017,2.203142756,0.138070658,0.999840975,0.690833688,0.439611644,0.721880376,0.237668082,0.46576342,1.02e-06,0.39688158,0.967747569,0.968087316,0.666493595,0.898857951,0.852984488,0.742517412,0.999622107,0.206539005,0.224785596,0.771786511,0.362944394,0.654553175,0.455602109,0.354527533,0.685801566,0.135473296,0.949383795,0.520543575,0.842547774,0.054392386,0.824917138,0.401951969,0.191,0.089
"252","cid104842","CCc1c2c(nc3ccc(O)cc13)-c1cc3c(c(=O)n1C2)COC(=O)C3(O)CC",392.14,7,2,101.65,2,5,21,7,0,27,1,0,0.508,0.318,96.207,0,0,0,0,-3.594002379,1.417553166,1.12976325,7.779332546,3.757462933,-5.203288729,0.932161927,0.001208885,0.973096192,0.029341102,0.917861059,0.970946049,0.998926469,0.784894586,0.850210786,0.615240633,0.74829638,0.276494622,0.940879107,98.68853493,-0.281202466,1.33226593,0.75069356,4.07e-05,0.160698473,0.001388262,0.02196848,1.72e-07,4.4e-06,0.483203739,0.594490349,4.86e-06,0.001889038,0.789270103,0.507850707,6.879000532,1.090897228,0.155547932,0.844033182,0.975549996,0.682007372,0.99114567,0.94103539,0.984235525,1.18e-08,0.007018093,0.547435999,0.952345312,0.95195061,0.703974545,0.938090205,0.958453,0.999994278,0.516365469,0.446967632,0.943298578,0.993732989,0.038416538,0.350685775,0.990126133,0.932586491,0.81099242,0.081542164,0.984096646,0.686905026,0.985959888,0.998820841,0.999732673,0.394,0.322
"253","cid3025986","CC(C)(C)c1cnc(CSc2cnc(NC(=O)C3CCNCC3)s2)o1",380.13,6,2,80.05,7,3,6,8,0,17,0,0,0.771,0.588,42.667,0,0,0,0,-3.948759734,3.336677506,3.846149899,8.423381688,7.008739404,-5.180681237,0.242250174,0.457632065,4.48e-05,0.00696367,0.002860069,0.383923829,0.400789499,0.999649525,0.999683976,3.69e-07,0.999469817,0.005643097,0.75976032,75.1388938,0.847832983,20.43679557,2.03e-08,0.757796288,0.998287618,9.79e-07,9.07e-10,2.17e-05,0.000212721,0.001099553,0.809249699,0.996519327,4.57e-08,0.998760462,0.000301043,5.572672426,0.497352099,0.629532576,0.993587494,0.361521721,0.646313846,0.22363241,0.28064236,0.293668389,4.93e-07,0.015241821,0.89254868,0.944562733,0.839660227,0.846275032,0.31116581,0.962575853,0.999531269,0.27853471,0.112025008,0.589526832,0.053767465,0.00046649,0.024305459,0.0165738,0.15428029,0.000104039,0.662850499,0.875825822,0.018915452,0.027410764,0.012986598,0.030119713,0.303,0.042
"254","cid24772860","CC1(C)CC(=O)c2c(C(F)(F)F)nn(-c3ccc(C(N)=O)c(NC4CCC(O)CC4)c3)c2C1",464.2,7,4,110.24,5,4,9,10,0,24,0,0,0.637,0.522,72.914,0,0,1,0,-5.195725052,3.307801827,3.507316134,8.27594251,4.598031491,-5.142559556,0.934245467,5.27e-06,2.64e-05,0,9.54e-07,2.28e-05,0.997365185,0.001475233,0.96384114,0.307346106,0.583356023,0.003098585,0.767780602,91.31852356,0.580113906,8.218026477,8.59e-06,0.121277228,0.000250608,0.559687138,0.000118338,0.006597989,0.001318752,0.016454333,0.848818004,2.97e-06,4.7e-11,0.968688369,0.529118299,7.782318012,0.616272657,0.575412512,0.781234384,0.561359763,0.48369509,0.80551964,0.041949529,0.494562566,1.83e-10,0.012595975,0.871480107,0.965546608,0.972890913,0.957675576,0.731456697,0.961224616,0.999789774,0.236139551,0.388275564,0.688340843,0.013680042,0.113571905,0.057883613,0.028653454,0.659742117,0.014990282,0.00058852,0.371928453,0.007228567,0.001058041,0.097784959,0.300674528,0.203,0.047
"255","cid44241473","CC(=O)Nc1nc(C)c(S(=O)(=O)Nc2ccc(C(O)(C(F)(F)F)C(F)(F)F)cc2)s1",477.03,7,3,108.39,8,2,6,15,0,14,0,0,0.571,0.333,24,0,0,1,0,-4.7055569,3.494341523,3.681160984,7.080556171,3.216097354,-5.21274225,0.979993463,0.760628343,2.23e-06,0.071449697,0.092380881,0.233133614,0.859134197,0.055872887,0.836270034,1.26e-05,0.993991196,0.001033673,0.988966525,98.83096446,-0.039561565,1.200737602,0.925282776,0.999654531,0.976295471,0.960869431,0.25380981,0.344005376,0.001212483,0.060280621,0.999321342,0.018399352,3.96e-06,0.998313785,0.285154283,5.028797681,0.556338143,0.069930673,0.917158723,0.178116009,0.171459973,0.274472535,0.246833563,0.564078987,0.000114866,0.248725444,0.209230408,0.8482458,0.072189406,0.496557266,0.339965761,0.618935168,0.999810636,0.048407152,0.15063943,0.149023995,0.177216753,0.092337891,0.010759548,0.018639635,0.139086396,0.000378266,0.000143086,0.204596117,0.017448395,0.000159728,0.525893509,0.163995028,0.16,0.061
"256","cid53393127","CCOC(=O)C1Cc2ccccc2CN1C(=O)c1ccc(SC)s1",361.08,4,0,46.61,6,3,10,6,0,18,1,0,0.617,0.333,55.25,0,1,0,0,-4.091910124,3.446978535,3.305356568,9.002933243,4.413194485,-4.98601686,0.127031729,0.959116101,0.001702917,0.013126314,0.337397456,0.90733844,0.652036488,0.99278003,0.997634888,5.96e-05,0.999676228,0.036239609,0.843760848,97.34431612,0.05889196,2.028636575,0.581927061,1,0.059925675,0.999950647,0.093097962,0.404257864,0.002425192,0.994390309,0.965466797,0.999999285,0.647394538,0.998169661,0.998579979,4.603031203,0.505165614,0.283494413,0.999274671,0.240666002,0.288427621,0.305273414,0.886360407,0.720782995,9.76e-05,0.189852446,0.704882622,0.67254442,0.238103688,0.571726263,0.20994696,0.610539317,0.944483519,0.031087916,0.05837886,0.421579957,0.302026302,0.0080397,0.101314291,0.045557998,0.064022191,0.001698111,0.000686068,0.101156607,0.000688818,0.038252864,0.010216111,0.009121909,0.336,0.026
"257","cid24180125","O=C(Nc1ccccc1-c1cn2c(CN3CCNCC3)csc2n1)c1cnc2ccccc2n1",469.17,8,2,87.45,6,6,10,9,0,33,0,0,0.409,0.2,65.733,0,0,1,0,-3.34717891,2.33992503,1.931381044,8.997877817,6.443913288,-5.577009586,0.083311841,0.933532238,0.016462978,0.002814472,0.001550794,0.288110852,0.329771996,0.984533787,0.999390602,0.031938732,0.998213887,0.010319276,0.317214966,86.71384548,0.997029354,9.671055757,0.998978138,0.050897256,0.029031334,0.007711824,3.35e-06,0.000177613,0.016050039,0.965974689,0.945751131,4.11e-07,1.13e-10,0.120267265,0.014236652,3.348765971,0.603126702,0.879705369,0.99627471,0.761695266,0.584512651,0.719775498,0.361832917,0.339146644,2.92e-07,0.108124375,0.974574625,0.947217762,0.974789977,0.621695936,0.688951671,0.990916908,0.999682665,0.110712253,0.13521257,0.709263325,0.937130034,0.072033435,0.045219686,0.075947732,0.530893266,0.002016517,0.004077429,0.69986403,0.259741485,0.070700243,0.91977489,0.10819333,0.441,0.301
"258","cid984333","CC(C)(C)c1ccc(S(=O)(=O)NCc2ccc(C(=O)Nc3cccnc3)cc2)cc1",423.16,6,2,88.16,8,3,6,7,0,21,0,0,0.625,0.217,21,0,0,1,0,-5.025228395,3.461145495,3.735900236,9.897496194,5.469591916,-5.34520487,0.01072377,0.983525991,0.05001986,0.005223632,0.013214171,0.345393419,0.204917312,0.970932364,0.855457902,0.001380262,0.988724411,4.84e-05,0.394570708,98.34261142,-0.102409024,1.228681474,6.48e-11,0.999783814,0.069599226,0.99775809,0.213128015,0.979566157,0.060668401,0.999728858,0.754496396,0.048790678,3.52e-15,0.999999523,0.998382688,3.735791117,0.550271846,0.646227181,0.998833358,0.13713941,0.205231607,0.958698928,0.96337986,0.091200002,8.23e-07,0.367574573,0.428806067,0.443778068,0.462134689,0.496062547,0.119323201,0.817169905,0.994205058,0.069261357,0.531893373,0.779681265,0.044609323,0.003330376,0.000764583,0.000242558,0.456797332,0.004540431,0.005119212,0.214432672,0.001576492,4.58e-05,0.146662846,0.001002482,0.941,0.55
"259","cid9549297","Cc1[nH]c(C=C2C(=O)Nc3ccc(S(=O)(=O)N(C)c4cccc(Cl)c4)cc32)c(C)c1C(=O)N1CCN(C)CC1",567.17,9,2,105.82,6,5,9,11,0,32,0,0,0.454,0.286,73.333,0,0,1,1,-4.059286927,2.964284287,3.073490418,9.680150357,7.576465175,-5.707961287,0.043506429,0.350388408,0.195719033,0,1.19e-06,3.46e-05,0.000617862,0.013711805,0.002041508,1.01e-06,0.999811709,0.994053543,0.995592773,96.19670887,0.066553234,2.932470521,0.000166436,0.997995257,0.611268997,0.99979955,0.013687122,0.000159329,1.41e-11,0.999852419,0.999999523,0.913092494,3.3e-21,0.985064924,0.999988556,4.426224206,0.390788961,0.925726652,0.999816716,0.289695919,0.783648551,0.952778876,0.461052507,0.690134048,3.74e-10,0.001258242,0.81313324,0.986798942,0.94297719,0.929239154,0.906163752,0.997893274,0.999994636,0.235020697,0.699207187,0.914387643,2.75e-05,0.011347492,3.23e-07,1.96e-06,0.00017795,1.16e-08,9.18e-12,0.000102342,2.8e-06,5.78e-07,0.000240359,5.98e-06,0.897,0.429
"260","cid11657048","CC1(C)CCN(c2ccc(C(=O)NS(=O)(=O)c3ccc(NCCSc4ccccc4)c([N+](=O)[O-])c3)cc2)CC1",568.18,9,2,121.65,11,4,6,11,0,28,0,0,0.141,0.321,61.297,0,0,1,1,-4.836563763,3.085812643,4.430225917,6.551470666,2.049022909,-5.671042014,0.998028457,0.018870428,0.011690966,0.00013268,0.000183403,0.000157118,0.010917187,0.822417319,0.731056631,1.67e-05,0.958520591,0.000103842,0.995547295,98.9458892,-0.448018012,0.602166777,0.016077682,0.936639786,0.983726621,0.998888791,0.142035022,1.4e-06,7.97e-08,0.187675193,0.996466279,0.992014766,8.68e-11,0.998795509,0.998133481,2.880612501,0.494827543,0.472583622,0.999999762,0.260931641,0.150629357,0.160653457,0.794321239,0.182819113,6.28e-10,0.002215211,0.079761393,0.663659275,0.002017934,0.28333801,0.479789346,0.609693408,1,0.102849491,0.076128416,0.671783328,0.434204906,0.012474976,0.141254321,0.000431389,0.449270159,0.008061313,0.876125574,0.538539231,0.110054366,0.028819714,0.206209898,0.585515976,1,0.002
"261","cid46199207","CC(C)n1cnc2c(NCCc3ccc(O)cc3)nc(-c3csc4ccccc34)nc21",429.16,6,2,75.86,6,5,9,7,0,26,0,0,0.365,0.208,26,0,0,1,0,-5.291758593,4.133912035,5.807851274,10.63992443,5.311456023,-4.798022663,0.000134942,0.988315582,0.159109995,6.04e-05,0.144819558,0.880433172,0.997815071,0.996730208,0.840554416,0.768774569,0.999999881,0.063080586,0.993482888,98.16786605,0.12081516,1.53068409,0.025547391,0.996151745,0.004257671,0.99986124,0.422486573,0.999889612,0.404699981,0.999508858,0.001042726,0.999424338,2.6e-08,0.999999881,0.949349284,8.068340854,0.745804344,0.663366735,0.964770734,0.640864432,0.149131045,0.612939358,0.420657754,0.745193839,6.48e-09,0.019631332,0.626016855,0.914144635,0.927125275,0.92165792,0.521782458,0.747208238,0.998809576,0.1114664,0.542769253,0.917009115,0.928807557,0.101036459,0.227068797,0.833478272,0.881410539,0.472549617,0.320150644,0.97341466,0.436462462,0.29524976,0.99549365,0.74894166,0.911,0.598
"262","cid10427712","Nc1nc(N)c2nc(-c3cccc(O)c3)c(-c3cccc(O)c3)nc2n1",346.12,8,6,144.06,2,4,10,8,0,23,0,0,0.433,0,22,0,0,0,0,-3.880299107,2.157871354,2.189384651,9.217509357,4.551874109,-4.969231953,0.107284889,0.001765406,0.197894663,8.34e-06,0.001087904,0.013585985,0.679563791,0.207072943,0.975046158,0.088151671,0.004785456,0.008164399,0.386642218,81.14428331,0.685844974,25.22133423,0.061913665,0.020330317,0.000114895,0.00099385,0.315874338,9.22e-05,0.000671391,0.010853874,0.001056591,0.000584889,3.21e-10,0.001832226,0.758242905,6.431169959,1.230355738,0.295425296,0.954439521,0.59815073,0.509845018,0.945376158,0.169514135,0.423339188,1.79e-09,0.48763743,0.645060718,0.927881777,0.953180492,0.772180259,0.665609002,0.703139901,0.999411702,0.124885231,0.783341169,0.873694181,0.996703088,0.150083825,0.620866358,0.929193258,0.989900172,0.613654792,0.227604166,0.994625866,0.426373392,0.20634073,0.999921441,0.967760921,0.844,0.417
"263","cid16722836","Cc1cnc(Nc2ccc(OCCN3CCCC3)cc2)nc1Nc1cccc(S(=O)(=O)NC(C)(C)C)c1",524.26,9,3,108.48,11,4,6,10,0,25,0,0,0.346,0.407,57.474,0,0,1,1,-4.811735448,3.333643383,3.920393216,8.745640109,6.545900292,-5.374666768,0.242087811,0.117121302,0.032586072,0.000106931,0.000532091,0.000214756,0.712964952,0.999891996,0.999995708,0.001954637,0.999998927,6.04e-06,0.834718943,98.51404329,-0.168669811,1.217998319,0.006633247,0.117273711,0.440416604,0.000513218,0.005052938,0.998751283,0.828943014,0.952491403,0.999999881,0.999993682,7.99e-10,1,0.15016295,5.952406349,0.5066714,0.979212403,0.983061671,0.173639238,0.555975854,0.951916039,0.063977852,0.279103369,3.31e-08,0.004565141,0.927960217,0.840881109,0.902640462,0.796097159,0.22460036,0.650759399,0.949623048,0.121913575,0.910622001,0.977674544,0.036102332,7.92e-06,7.75e-05,0.52550143,0.006492008,4.02e-06,1.19e-05,0.987201333,4.87e-05,0.004874374,0.881251276,0.004113242,0.587,0.406
"264","cid9907093","Cc1cc(C(C)Nc2ccccc2)c2nc(N3CCOCC3)cc(=O)n2c1",364.19,6,1,58.87,4,4,10,6,0,24,1,0,0.771,0.333,69,0,0,0,0,-3.835959012,2.934254428,2.905734072,9.173470849,6.044807626,-5.08780988,0.028628793,0.219628811,0.333175302,2.5e-06,6.9e-05,0.000341177,0.011007607,0.912142336,0.894492805,0.000575637,0.999401569,0.42362535,0.996175647,95.48420632,0.032733307,3.792223836,0.000309708,0.616908491,0.975278258,0.978117347,0.01579676,1.1e-05,0.000597154,0.800266027,0.998580217,0.70264256,2.48e-05,0.997745216,0.014016774,6.699889181,0.393051545,0.229239732,0.976107895,0.641588032,0.305529505,0.20256412,0.746282458,0.787895024,0.001264023,0.704462707,0.582644165,0.791892469,0.963421106,0.520349562,0.378302276,0.922166586,0.998370945,0.106901996,0.031921893,0.453320116,0.000405905,0.000401749,2.66e-07,0.004085215,0.06844978,4.09e-05,1.41e-05,0.004133976,0.000185229,0.000426787,0.000595501,0.000116359,0.131,0.01
"265","cid9903786","NC(=O)Nc1sc(-c2ccc(F)cc2)cc1C(N)=O",279.05,5,5,98.21,4,2,6,7,0,13,0,0,0.802,0,13,0,0,0,0,-3.792586285,2.766843118,2.396944323,8.515328256,4.153527954,-4.892938315,0.952105463,0.006038498,0.062223226,0.001718521,0.007858515,0.003185689,0.00730741,0.164832667,0.267828554,7.84e-05,0.295078784,0.746555865,0.938621938,93.10095162,0.073088757,5.838525975,0.027999993,0.000227391,0.00109975,0.002006154,0.009598993,0.000370968,0.038311042,0.017858436,0.002205174,0.07782542,2.82e-07,0.534601331,0.001959716,1.1907958,1.59070776,0.369105458,0.993631303,0.838037074,0.332776457,0.195230708,0.040837515,0.95925945,7.92e-08,0.301495075,0.197168171,0.855901301,0.927995503,0.602728963,0.713481367,0.873747647,0.999993324,0.116972536,0.094814487,0.282571584,0.245254323,0.095937155,0.97533983,0.0145066,0.692764044,0.164131343,0.360673755,0.775012493,0.189015165,0.343495548,0.777014315,0.370020837,0.754,0.442
"266","cid11455910","CC(C)c1ccccc1Cc1cc(C(=O)Nc2ccc(S(=O)(=O)c3ccccc3C(C)(C)C)cc2)c(O)c(O)c1O",573.22,7,4,123.93,9,4,6,8,0,27,0,0,0.178,0.242,31,1,0,1,1,-6.06218491,4.01808022,6.156851126,10.25646005,3.839503618,-5.447963689,0.011711159,0.996916056,0.010428431,0.000366092,0.187430441,0.733126014,0.922891207,0.988649607,0.682437658,0.018327493,0.999953628,6.22e-05,0.982899606,99.68046524,-0.328514706,0.230585886,0.000455295,0.955768049,0.671006083,0.47047475,0.000766177,0.004184461,4.95e-05,0.606835961,0.855087519,0.131881729,4.57e-11,0.976702094,0.859140992,5.733888788,0.573985669,0.450007886,0.989806235,0.023948047,0.064833485,0.467428267,0.533962727,0.08504048,6.75e-05,0.67477268,0.132526994,0.777855515,0.009725178,0.618039966,0.148678273,0.667547405,0.917457581,0.059855681,0.796816528,0.710801721,0.008687054,0.002144673,4.35e-05,0.012516087,0.108755685,0.013291767,0.000151365,0.431809992,7.86e-06,0.003817681,0.881537557,0.000938735,0.995,0.719
"267","cid46901937","COc1cc2c(NC3CCN(C)CC3)nc(N3CCCN(C)CC3)nc2cc1OCCOCCN(C)C",515.36,10,1,78.46,11,4,10,10,0,24,0,0,0.45,0.704,56,0,0,1,1,-2.171737289,2.181710101,1.973924703,9.13636844,8.546245494,-5.106628611,0.003396433,0.02128165,0.54255271,2.38e-07,0.001452267,0.001493752,0.769422621,0.96125257,0.91242367,0.73362416,0.889578164,0.99801445,0.997298539,49.60148234,0.819565022,55.74773548,0.997154117,2.06e-10,1,1.3e-11,0.004157634,6.42e-06,0.99858284,1.53e-07,0.999981403,2.21e-06,4.88e-07,4.34e-09,0.000535021,9.639407439,2.700321017,0.997867584,0.068118878,0.39077574,0.871572375,0.926051021,0.866103649,0.716038823,3.5e-08,1.75e-06,0.997735739,0.944371223,0.996340811,0.941668689,0.720411599,0.996304274,0.935915411,0.225128993,0.220003739,0.689247668,0.000949521,0.003983036,0.272286147,0.561405957,0.036303066,5.75e-05,0.084645472,0.625918508,0.953367293,0.006961023,0.001250695,0.515196919,0.127,0.003
"268","cid46224516","COc1cc2c(NC3CCN(C(C)C)CC3)nc(C3CCCCC3)nc2cc1OCCCN1CCCC1",509.37,7,1,62.75,10,5,10,7,0,28,0,0,0.404,0.733,67,0,1,1,1,-4.428319913,3.58915709,4.57204658,11.24562121,8.514642395,-4.892306666,7.67e-06,0.925890744,0.947829843,0,0.240790606,0.101478636,0.988637557,0.846764863,0.976320684,0.997832477,0.999998808,0.857770622,0.999979496,71.11803326,0.703149599,21.51010392,0.960151792,2.69e-08,0.999913931,6.83e-13,7.24e-07,0.99745661,0.985540926,0.00359179,0.999968171,0.969007313,2.1e-06,1.05e-08,0.320110321,7.662311289,1.252395236,0.9985677,0.029422021,0.140031666,0.881160378,0.983427703,0.122719437,0.15135105,2.21e-09,5.81e-06,0.997491956,0.74364835,0.988017678,0.872297347,0.365338892,0.948814154,0.696105301,0.164039046,0.611891925,0.928878605,0.002279159,0.001290771,0.211641327,0.310324162,0.078573823,0.001494833,0.010403473,0.949297607,0.645900488,0.08608447,0.138101682,0.967142701,0.672,0.005
"269","cid25195348","N#Cc1ccc(COCC2OC(n3c(NCc4ccc(Cl)c(Cl)c4)nc4c(N)ncnc43)C(O)C2O)cc1",555.12,11,5,164.36,8,5,9,13,0,28,4,0,0.254,0.28,94.25,1,0,1,1,-5.392345468,2.755224139,3.018264423,7.605506132,3.941011954,-5.525371355,0.289415449,0.073642969,3.82e-05,0.088643909,0.000134468,0.503712118,0.251228154,0.982505083,0.999671936,0.002137808,0.999978781,0.90862906,0.031050967,95.37684394,-0.032925969,4.052175056,9.06e-05,0.000151642,2.02e-05,0.038088996,0.016346345,1.48e-05,1.34e-05,0.570598185,0.972107589,0.013150892,1.77e-06,0.067486621,0.281200588,3.908453244,1.283785628,0.862262547,0.974722862,0.496057361,0.596985757,0.911564052,0.306837142,0.428224325,4.65e-12,0.000338696,0.254062742,0.911713481,0.993332803,0.991817653,0.40738675,0.986059487,0.997773945,0.182903454,0.880165756,0.953533947,0.058890264,0.017679807,0.001342651,0.015503036,0.00624459,8.26e-05,3.38e-05,0.162029371,8.17e-05,5.18e-06,0.046365753,0.008917989,0.32,0.003
"270","cid5494449","Cc1cc(Nc2cc(N3CCN(C)CC3)nc(Sc3ccc(NC(=O)C4CC4)cc3)n2)n[nH]1",464.21,9,3,102.07,8,5,6,10,0,27,0,0,0.457,0.391,63.375,0,0,1,0,-4.418191375,3.156684546,3.365061741,8.411557618,5.635568987,-5.748671959,0.104535826,0.482873052,0.001148582,8.94e-06,3.34e-06,0.000128746,0.003997743,0.998048782,0.988381922,2.01e-07,0.999999523,0.002257716,0.9835549,97.41833112,0.8633616,2.231880911,0.00418626,0.98906976,0.005206189,0.995193303,0.248445779,3.12e-05,0.990151703,0.010949466,6.12e-05,0.002031994,4.18e-13,0.999999404,0.379950643,4.62037202,0.468489314,0.860343575,0.999812424,0.611623466,0.362552613,0.814103127,0.055840071,0.709270775,2.41e-08,0.007184313,0.989142835,0.975962341,0.957155764,0.843345523,0.668718278,0.938057363,0.999972105,0.113405399,0.031826485,0.829004586,0.030036118,0.205717251,0.000101885,0.004683729,0.002597771,1.58e-05,1.04e-05,0.019039746,0.02345518,0.007688838,0.000928321,0.020358603,0.65,0.177
"271","cid10026128","CC(C)OC(=O)C1=CN(C(=O)c2ccc(F)c(F)c2)CC(C)(C)c2c1[nH]c1ccccc21",438.18,5,1,62.4,5,4,14,7,0,24,0,0,0.574,0.28,57.375,0,1,1,0,-5.050104156,3.607706312,4.108703631,10.10783883,6.133535088,-4.634840708,0.000476883,0.99988687,0.000217059,4.53e-06,0.000531375,0.066157758,0.114850044,0.992956042,0.998738348,0.328184932,0.999999642,0.433734208,0.998986661,97.91217682,0.083252909,1.86087052,0.025724705,0.564753711,0.006954091,0.752108097,0.012005353,0.350689441,0.140431121,0.478159428,0.442510933,0.040420488,7.55e-07,0.999455512,0.993729353,5.977588061,0.312754643,0.466737092,0.973953843,0.720956445,0.671349883,0.822908819,0.431064218,0.655948102,8.86e-06,0.559372425,0.848247051,0.845855772,0.930032551,0.859422326,0.626267791,0.994690716,0.986317337,0.162274107,0.230096832,0.583053529,0.778579235,0.047350921,0.007568125,0.939605892,0.333202332,0.030217929,0.003299203,0.699682713,0.010638885,0.029491471,0.95998466,0.049720418,0.964,0.382
"272","cid11222830","CCCC(NC(=O)C(C#N)=Cc1cccc(Br)n1)c1ccccc1",383.06,4,1,65.78,7,2,6,5,0,15,1,0,0.456,0.211,24,0,1,0,0,-4.927747135,3.47055811,3.722775539,8.198740465,3.607104273,-4.847368277,0.918999612,0.308332235,7.37e-06,0.010236621,0.037986815,0.227165282,0.584832788,0.664363027,0.973486006,8.77e-08,0.99978143,0.032451045,0.964692831,98.83741237,0.077445936,0.930390716,0.000668637,0.996362865,0.007372257,0.990609467,0.002386464,0.139950275,0.002549867,0.987549722,0.033796541,0.994490147,6.8e-07,0.87063247,0.742829442,3.562788289,0.823263265,0.210619241,0.910605013,0.375465155,0.780205131,0.82322675,0.906495631,0.569410145,0.51604706,0.978796601,0.951719284,0.492093295,0.737087429,0.295669287,0.142917871,0.494126529,0.950206995,0.098290071,0.137883231,0.391347021,0.102582246,0.10597866,0.022569647,0.018699093,0.20619455,0.0021677,0.003937529,0.88581866,0.035538837,0.091400936,0.817092896,0.205526575,0.998,0.686
"273","cid44607530","C=CC(=O)Nc1cccc(Oc2nc(Nc3ccc(N4CCN(C)CC4)cc3OC)ncc2Cl)c1",494.18,9,2,91.85,9,4,6,10,0,26,0,0,0.441,0.24,51.935,0,0,1,0,-5.32622856,3.636050337,3.959833329,9.915610127,5.740310056,-5.47891998,0.007502794,0.179505378,0.227092296,0.000771165,0.021340549,0.018687904,0.999130301,0.998639524,0.999922395,0.976528943,0.999992251,9.69e-06,0.973801315,96.88446292,0.745116383,2.80771912,0.073251493,0.99971348,0.004328624,0.007569658,0.14704065,0.151996553,0.970473051,0.342010856,0.658853352,0.999983191,3.24e-09,0.963539541,0.001117906,2.90374724,0.884588748,0.917328954,0.993207514,0.458163649,0.800960779,0.890229464,0.561267495,0.688951254,2.02e-05,0.19853884,0.966523111,0.872122586,0.982438624,0.642621219,0.467328489,0.91726613,0.999370039,0.16985099,0.434226036,0.925692916,0.991685271,0.13824749,0.006497786,0.007071267,0.113169491,0.003979249,3.2e-05,0.99306035,0.868700922,0.302634299,0.774589241,0.511602581,0.681,0.175
"274","cid44607531","C=CC(=O)Nc1cccc(Sc2nc(Nc3ccc(N4CCN(C)CC4)cc3)ncc2Cl)c1",480.15,7,2,73.39,8,4,6,9,0,26,0,0,0.368,0.208,50.069,0,1,1,0,-4.822495173,3.488898743,4.147105328,8.848142055,5.560021899,-5.736472477,0.0036459,0.715120733,0.06262847,0.000383377,0.027290583,0.078004539,0.994898391,0.999391913,0.999970913,0.430307627,0.999999404,2.44e-06,0.854285419,97.23268001,0.89697874,2.672249172,0.03658212,0.9854936,1.55e-05,0.095252723,5.96e-05,0.078291483,0.077425443,0.067980506,0.606069386,0.995085061,1.04e-08,0.999997854,0.054913085,2.614823462,0.790235986,0.905560195,0.999806345,0.487529844,0.786775947,0.849248827,0.934904277,0.677978516,0.000220096,0.239475757,0.993699551,0.871868908,0.972428203,0.533788681,0.433641702,0.828335822,0.999135792,0.145313621,0.560071766,0.960886657,0.613823175,0.055332482,0.119385257,0.005605707,0.221555173,0.066809416,0.001591412,0.977713525,0.283411086,0.322804004,0.591317713,0.160531178,0.991,0.296
"275","cid49867926","COc1cc(Nc2nc3ccccc3nc2NS(=O)(=O)c2ccc(NC(=O)c3ccc(C)c(OC)c3)cc2)cc(OC)c1",599.18,11,3,140.77,11,5,10,12,0,32,0,0,0.183,0.129,31,1,0,1,1,-7.240575493,3.991904137,4.937025132,11.38749676,2.772821465,-5.201631891,0.001512044,0.998494744,0.000500406,0.000844479,0.001631677,0.011565566,0.979452945,0.999946475,0.999998569,0.242145672,0.999999642,5.26e-06,0.829563737,98.84597642,-0.23206006,0.694679974,0.043690484,0.962385237,0.983246386,0.99999845,5.76e-06,0.321384698,6.37e-07,0.999999762,0.000482273,0.015647432,8.68e-14,0.999939084,0.009853745,0.527210387,0.927307037,0.739962161,0.999967337,0.114244364,0.100600429,0.507215142,0.058799721,0.094044261,3.7e-10,0.031046305,0.073231004,0.812181056,0.213343382,0.388348907,0.566798806,0.675352335,0.999987721,0.078426726,0.179586798,0.668776095,0.952404559,0.350421727,0.077458352,0.006432358,0.181056097,8.86e-05,0.00086349,0.854298413,0.002145752,0.00309637,0.987670302,0.340694189,1,0.869
"276","cid44632017","COc1ccc(C(=O)CC2(O)C(=O)Nc3c(Cl)ccc(Cl)c32)cc1",365.02,5,2,75.63,4,3,9,7,0,18,1,1,0.814,0.176,62,0,0,0,0,-4.746016022,2.823585729,2.763622925,7.996187007,3.19422697,-4.950747505,0.045909341,0.841432571,0.000579093,0.001743138,0.000995815,0.087336481,0.465140462,0.984536946,0.998447537,0.009583529,0.999984026,0.165045172,0.073813967,94.6369759,0.60589839,4.092741584,0.99982053,0.999867558,0.244365126,0.030380756,0.008418035,4.57e-06,6.3e-05,0.992846191,0.997873306,0.113757834,2.76e-06,0.052393921,0.89494592,8.54722963,0.752612964,0.144752115,0.906241655,0.430101842,0.432515204,0.516669989,0.121453717,0.572603524,0.001588472,0.292885244,0.827180922,0.507391214,0.829696953,0.438101947,0.557862103,0.721431851,0.95271349,0.030065471,0.138512939,0.374704748,0.353297442,0.007980679,2.25e-05,0.001415624,0.337779164,0.001032308,0.000194137,0.348381341,0.000309873,0.011080539,0.341461867,0.030910393,0.292,0.057
"277","cid11647372","FC(F)c1nc2ccccc2n1-c1nc(N2CCOCC2)nc(N2CCOCC2)n1",417.17,9,0,81.43,4,5,9,11,0,28,0,0,0.636,0.474,64.286,0,0,1,0,-4.192117031,3.214814698,3.324092535,7.964296494,5.511661395,-4.819797709,6.64e-05,0.425893843,0.001666954,9.54e-07,5.08e-05,0.000103593,0.008198678,0.517645419,0.925114274,0.019850522,0.996967614,0.075221173,0.993038118,95.19133214,0.40809515,4.858032358,0.300169587,0.027526179,0.857149601,0.93344301,0.401725173,3.78e-06,0.009529936,0.000172975,0.057840265,4.29e-05,8.63e-09,0.17019619,0.001096058,5.35513553,0.640536149,0.31231454,0.938707888,0.47149092,0.401505977,0.168336928,0.494723916,0.970209718,0.000247918,0.384955615,0.869383812,0.951659799,0.980383098,0.659692347,0.198514611,0.978548527,0.974563062,0.225171611,0.046430092,0.45805347,0.341565669,0.194768116,0.084365845,0.147474349,0.232600272,0.01094032,0.18644768,0.688928008,0.091416299,0.015382153,0.091577679,0.63208288,0.022,0
"278","cid132971","CC12CCC(O)CC1=CCC1C2CCC2(C)C(c3cccnc3)=CCC12",349.24,2,1,33.12,1,5,17,2,0,26,6,1,0.689,0.625,102.667,0,1,1,0,-4.838672208,3.705882686,4.059308284,9.169520492,6.581949127,-4.704890898,0.719395399,0.014120747,0.470466673,0.006229341,0.123360813,0.22526139,0.994159001,0.004133909,0.195962772,0.280250937,0.64910394,0.761272073,0.997317135,70.28861752,-0.090800786,29.08033399,0.035207298,0.004468407,0.015024201,0.014830186,0.856223404,0.002593561,0.041535694,0.876774669,0.055708859,0.020537935,0.699671805,0.998360574,0.969267964,11.53532419,0.277458716,0.460504353,0.33931464,0.130779579,0.336938262,0.940006137,0.169814393,0.497251153,7.77e-06,0.050937638,0.749939442,0.664678097,0.489930749,0.8117643,0.111594282,0.169903964,0.047384832,0.070962682,0.203213558,0.465524405,0.003511435,0.015312731,9.7e-06,0.214028731,0.245968416,0.054186679,0.013846904,0.121412821,0.005026079,0.166161239,0.11135263,0.002218867,0.449,0.006
"279","cid10184653","CN(C)CC=CC(=O)Nc1cc2c(Nc3ccc(F)c(Cl)c3)ncnc2cc1OC1CCOC1",485.16,8,2,88.61,9,4,10,10,0,24,1,0,0.457,0.292,74.935,0,0,1,0,-5.104680884,3.499438917,4.211048329,9.103705447,6.90137716,-5.457577826,0.97681886,0.231552094,0.011252717,0.003123045,0.000141501,0.001668274,0.958238371,0.9997558,0.999998093,0.496693462,0.999996901,0.00107823,0.26568532,94.39397354,1.005790874,4.902648002,0.010994127,0.027341899,0.294278055,0.114997357,0.006205031,0.18690975,0.89666158,0.849649847,0.999378085,0.027730199,2.18e-06,0.999947429,0.300663322,6.703071196,0.746792907,0.917807698,0.996056318,0.808106422,0.803134978,0.926068068,0.652222276,0.608620703,2.4e-08,0.006528435,0.94415462,0.954203725,0.983674169,0.856915116,0.553548872,0.99338454,0.989001036,0.302617729,0.644268394,0.929630578,0.791192412,0.041777439,0.013338169,0.949014187,0.085210428,0.001371104,0.025234576,0.992535472,0.223500058,0.958059371,0.982042611,0.980089307,0.24,0.021
"280","cid24771867","COc1cc(Nc2ncc3c(n2)-c2ccc(Cl)cc2C(c2c(F)cccc2OC)=NC3)ccc1C(=O)O",518.12,8,2,105.93,6,5,15,10,0,30,0,1,0.335,0.111,59.933,0,0,1,1,-5.318612224,2.915511661,4.14212312,5.773222512,2.404742119,-4.94059178,0.036354993,0.771137834,0.00028916,2.28e-05,0.000120401,3.95e-05,0.878396899,0.999149442,0.999631405,0.027853563,0.999999881,0.004616542,0.992130578,98.4309435,-0.338568322,1.116982453,0.781267166,0.008364301,0.261524439,0.046076953,0.92102325,0.316205114,0.002056146,0.17062974,0.995761573,0.089421831,0.000257048,0.998585701,0.000894317,1.754872274,1.145228319,0.885690093,0.97982496,0.13642621,0.564014137,0.977563679,0.422780991,0.052446127,2.17e-12,0.001520039,0.759343147,0.890234709,0.99766171,0.942583621,0.830209196,0.993418097,0.99996829,0.090026572,0.105541401,0.848929644,0.986792445,0.400881112,0.100255072,0.107730106,0.826755762,0.004780042,0.013087391,0.946652234,0.20207265,0.036312912,0.987697184,0.381016135,0.982,0.676
"281","cid5287969","CN1CCC(c2c(O)cc(O)c3c(=O)cc(-c4ccccc4Cl)oc23)C(O)C1",401.1,6,3,94.14,2,4,10,7,0,24,2,1,0.61,0.286,80.889,0,0,1,0,-3.504519252,2.537469919,2.785808016,8.168836717,7.129697393,-5.771079116,0.434841454,0.008282624,0.605288267,0.000930846,0.047444999,0.664424628,0.988806389,0.397092521,0.795601189,0.526144981,0.92086798,0.708710968,0.976242304,94.53271642,0.777452081,6.169434417,0.291905046,0.001272855,0.951488614,5.86e-05,0.986032903,0.33713311,0.986930728,0.075440519,0.728344798,0.3935799,4.48e-05,0.013183372,0.110736154,6.455336771,1.686409705,0.37699604,0.849203348,0.505653381,0.876784265,0.932184696,0.687285244,0.628673434,0.003095281,0.158616588,0.962291181,0.761452019,0.25562188,0.424051881,0.273996502,0.526036143,0.985866725,0.130200014,0.362601936,0.686485767,0.031351194,0.239698514,0.00128709,0.036441389,0.423095942,0.000860525,2.3e-05,0.00665284,0.010136496,0.013420652,0.009473597,0.105838895,0.6,0.023
"282","cid6918328","CCC(=O)CCCCCC1NC(=O)C2CCCCN2C(=O)C(C(C)CC)NC(=O)C(Cc2cn(OC)c3ccccc23)NC1=O",623.37,11,3,138.84,12,4,16,11,0,32,5,1,0.311,0.618,88.855,1,0,1,1,-3.518453213,3.396698311,3.599438561,7.771700945,7.214404136,-4.876728622,0.224900484,0.974547327,0.082194477,0.950905152,0.525016814,0.954967033,0.994839559,0.69850409,0.998968959,0.044503447,0.999989152,7.99e-06,0.779148638,85.76326771,-0.541074657,11.18238701,0.009489917,0.018687857,0.999905825,8.98e-05,0.955560446,2.54e-09,0.18828325,0.996326387,0.950107992,2.22e-06,0.094739109,0.003189542,0.918196857,2.930992874,0.883183741,0.018932892,0.836051106,0.063600764,0.23951222,0.81290555,0.000563068,0.106998466,4.7e-13,7.26e-06,0.140398368,0.860088468,0.996611655,0.951904953,0.36043331,0.301015586,0.999997973,0.208220929,0.011253922,0.387571692,0.001923275,0.000672838,0.000675942,0.114549331,0.248970777,0.000553129,0.00013971,0.11692287,0.022507679,0.000405893,0.000401308,0.133577421,0.155,0.023
"283","cid467801","CCC(=O)CCCCCC1NC(=O)C2CCCCN2C(=O)C(C(C)CC)NC(=O)C(Cc2cn(OC)c3ccccc23)NC1=O",623.37,11,3,138.84,12,4,16,11,0,32,5,1,0.311,0.618,88.855,1,0,1,1,-3.518453213,3.396698311,3.599438561,7.771700945,7.214404136,-4.876728622,0.224900484,0.974547327,0.082194477,0.950905152,0.525016814,0.954967033,0.994839559,0.69850409,0.998968959,0.044503447,0.999989152,7.99e-06,0.779148638,85.76326771,-0.541074657,11.18238701,0.009489917,0.018687857,0.999905825,8.98e-05,0.955560446,2.54e-09,0.18828325,0.996326387,0.950107992,2.22e-06,0.094739109,0.003189542,0.918196857,2.930992874,0.883183741,0.018932892,0.836051106,0.063600764,0.23951222,0.81290555,0.000563068,0.106998466,4.7e-13,7.26e-06,0.140398368,0.860088468,0.996611655,0.951904953,0.36043331,0.301015586,0.999997973,0.208220929,0.011253922,0.387571692,0.001923275,0.000672838,0.000675942,0.114549331,0.248970777,0.000553129,0.00013971,0.11692287,0.022507679,0.000405893,0.000401308,0.133577421,0.155,0.023
"284","cid59274521","CCC(=O)CCCCCC1NC(=O)C2CCCCN2C(=O)C(C(C)CC)NC(=O)C(Cc2cn(OC)c3ccccc23)NC1=O",623.37,11,3,138.84,12,4,16,11,0,32,5,1,0.311,0.618,88.855,1,0,1,1,-3.518453213,3.396698311,3.599438561,7.771700945,7.214404136,-4.876728622,0.224900484,0.974547327,0.082194477,0.950905152,0.525016814,0.954967033,0.994839559,0.69850409,0.998968959,0.044503447,0.999989152,7.99e-06,0.779148638,85.76326771,-0.541074657,11.18238701,0.009489917,0.018687857,0.999905825,8.98e-05,0.955560446,2.54e-09,0.18828325,0.996326387,0.950107992,2.22e-06,0.094739109,0.003189542,0.918196857,2.930992874,0.883183741,0.018932892,0.836051106,0.063600764,0.23951222,0.81290555,0.000563068,0.106998466,4.7e-13,7.26e-06,0.140398368,0.860088468,0.996611655,0.951904953,0.36043331,0.301015586,0.999997973,0.208220929,0.011253922,0.387571692,0.001923275,0.000672838,0.000675942,0.114549331,0.248970777,0.000553129,0.00013971,0.11692287,0.022507679,0.000405893,0.000401308,0.133577421,0.155,0.023
"285","cid21922507","CCC(=O)CCCCCC1NC(=O)C2CCCCN2C(=O)C(C(C)CC)NC(=O)C(Cc2cn(OC)c3ccccc23)NC1=O",623.37,11,3,138.84,12,4,16,11,0,32,5,1,0.311,0.618,88.855,1,0,1,1,-3.518453213,3.396698311,3.599438561,7.771700945,7.214404136,-4.876728622,0.224900484,0.974547327,0.082194477,0.950905152,0.525016814,0.954967033,0.994839559,0.69850409,0.998968959,0.044503447,0.999989152,7.99e-06,0.779148638,85.76326771,-0.541074657,11.18238701,0.009489917,0.018687857,0.999905825,8.98e-05,0.955560446,2.54e-09,0.18828325,0.996326387,0.950107992,2.22e-06,0.094739109,0.003189542,0.918196857,2.930992874,0.883183741,0.018932892,0.836051106,0.063600764,0.23951222,0.81290555,0.000563068,0.106998466,4.7e-13,7.26e-06,0.140398368,0.860088468,0.996611655,0.951904953,0.36043331,0.301015586,0.999997973,0.208220929,0.011253922,0.387571692,0.001923275,0.000672838,0.000675942,0.114549331,0.248970777,0.000553129,0.00013971,0.11692287,0.022507679,0.000405893,0.000401308,0.133577421,0.155,0.023
"286","cid44593387","CCC(=O)CCCCCC1NC(=O)C2CCCCN2C(=O)C(C(C)CC)NC(=O)C(Cc2cn(OC)c3ccccc23)NC1=O",623.37,11,3,138.84,12,4,16,11,0,32,5,1,0.311,0.618,88.855,1,0,1,1,-3.518453213,3.396698311,3.599438561,7.771700945,7.214404136,-4.876728622,0.224900484,0.974547327,0.082194477,0.950905152,0.525016814,0.954967033,0.994839559,0.69850409,0.998968959,0.044503447,0.999989152,7.99e-06,0.779148638,85.76326771,-0.541074657,11.18238701,0.009489917,0.018687857,0.999905825,8.98e-05,0.955560446,2.54e-09,0.18828325,0.996326387,0.950107992,2.22e-06,0.094739109,0.003189542,0.918196857,2.930992874,0.883183741,0.018932892,0.836051106,0.063600764,0.23951222,0.81290555,0.000563068,0.106998466,4.7e-13,7.26e-06,0.140398368,0.860088468,0.996611655,0.951904953,0.36043331,0.301015586,0.999997973,0.208220929,0.011253922,0.387571692,0.001923275,0.000672838,0.000675942,0.114549331,0.248970777,0.000553129,0.00013971,0.11692287,0.022507679,0.000405893,0.000401308,0.133577421,0.155,0.023
"287","cid57568978","CCC(=O)CCCCCC1NC(=O)C2CCCCN2C(=O)C(C(C)CC)NC(=O)C(Cc2cn(OC)c3ccccc23)NC1=O",623.37,11,3,138.84,12,4,16,11,0,32,5,1,0.311,0.618,88.855,1,0,1,1,-3.518453213,3.396698311,3.599438561,7.771700945,7.214404136,-4.876728622,0.224900484,0.974547327,0.082194477,0.950905152,0.525016814,0.954967033,0.994839559,0.69850409,0.998968959,0.044503447,0.999989152,7.99e-06,0.779148638,85.76326771,-0.541074657,11.18238701,0.009489917,0.018687857,0.999905825,8.98e-05,0.955560446,2.54e-09,0.18828325,0.996326387,0.950107992,2.22e-06,0.094739109,0.003189542,0.918196857,2.930992874,0.883183741,0.018932892,0.836051106,0.063600764,0.23951222,0.81290555,0.000563068,0.106998466,4.7e-13,7.26e-06,0.140398368,0.860088468,0.996611655,0.951904953,0.36043331,0.301015586,0.999997973,0.208220929,0.011253922,0.387571692,0.001923275,0.000672838,0.000675942,0.114549331,0.248970777,0.000553129,0.00013971,0.11692287,0.022507679,0.000405893,0.000401308,0.133577421,0.155,0.023
"288","cid124933487","CCC(=O)CCCCCC1NC(=O)C2CCCCN2C(=O)C(C(C)CC)NC(=O)C(Cc2cn(OC)c3ccccc23)NC1=O",623.37,11,3,138.84,12,4,16,11,0,32,5,1,0.311,0.618,88.855,1,0,1,1,-3.518453213,3.396698311,3.599438561,7.771700945,7.214404136,-4.876728622,0.224900484,0.974547327,0.082194477,0.950905152,0.525016814,0.954967033,0.994839559,0.69850409,0.998968959,0.044503447,0.999989152,7.99e-06,0.779148638,85.76326771,-0.541074657,11.18238701,0.009489917,0.018687857,0.999905825,8.98e-05,0.955560446,2.54e-09,0.18828325,0.996326387,0.950107992,2.22e-06,0.094739109,0.003189542,0.918196857,2.930992874,0.883183741,0.018932892,0.836051106,0.063600764,0.23951222,0.81290555,0.000563068,0.106998466,4.7e-13,7.26e-06,0.140398368,0.860088468,0.996611655,0.951904953,0.36043331,0.301015586,0.999997973,0.208220929,0.011253922,0.387571692,0.001923275,0.000672838,0.000675942,0.114549331,0.248970777,0.000553129,0.00013971,0.11692287,0.022507679,0.000405893,0.000401308,0.133577421,0.155,0.023
"289","cid5470400","CC(C)(O)CCc1ccc(O)c2c(=O)c3c(O)c4c(cc3oc12)OC1OC=CC41O",412.12,8,4,129.59,3,5,20,8,0,25,2,1,0.483,0.318,100.414,0,0,1,0,-2.946354354,1.933844219,1.915670767,6.360974424,5.641133797,-5.236350285,0.803545833,0.003895811,0.951485991,0.023831308,0.028609812,0.33991605,0.890108123,0.040570889,0.221141472,0.433100253,0.765559256,0.258943081,0.855511248,89.88269565,-0.099889335,10.11561794,0.297805876,0.07266289,0.893598795,0.004243356,0.996455431,3.84e-06,0.976525962,0.068834953,0.00288702,1.4e-05,0.010005604,0.962622166,0.009227318,3.269165059,1.257692601,0.03978974,0.868602693,0.937537372,0.413842291,0.717316628,0.945463717,0.961594462,6.23e-05,0.674401283,0.593303919,0.724750519,0.018142814,0.502463162,0.189286202,0.385213494,0.948122084,0.100643106,0.062250733,0.463328719,0.294020623,0.097838856,0.010512214,0.084588967,0.4399288,0.130635858,0.047474958,0.4559955,0.01137819,0.580538988,0.787788928,0.326048613,0.386,0.355
"290","cid11719255","CC1(C)C=Cc2c(ccc3c2[N+]([O-])=C2C3=CC34NC(=O)C5(CCCN5C3=O)CC4C2(C)C)O1",445.2,7,1,84.71,0,8,0,7,0,34,3,1,0.491,0.5,196.308,0,0,1,0,-4.207279382,2.873054331,2.894019652,8.59772235,5.80803327,-4.765926031,0.337966025,0.510977268,0.049257137,0.00831908,0.087095916,0.672249138,0.978907855,0.253902584,0.202529967,0.031046305,0.998509228,0.038827188,0.993016124,87.23842656,-0.150535622,8.874279883,0.068080127,0.998957992,0.981605947,0.314986855,0.028416555,0.000712761,0.000925268,0.888688862,0.991658628,0.814893782,0.017107369,0.994157672,0.739265859,3.976093216,0.905659921,0.122970544,0.942265391,0.847316742,0.858062148,0.823725104,0.453492194,0.748447299,8.28e-08,0.008452537,0.859521031,0.815816104,0.216737404,0.725381017,0.664815009,0.500629961,0.999986291,0.119429,0.037704192,0.722743034,0.830618918,0.034755383,0.002969314,0.961193204,0.166520298,0.019355193,0.001235634,0.981718302,0.299292058,0.257757455,0.92569536,0.450931877,0.516,0.004
"291","cid9803572","CC1(C)C=Cc2c(ccc3c2[N+]([O-])=C2C3=CC34NC(=O)C5(CCCN5C3=O)CC4C2(C)C)O1",445.2,7,1,84.71,0,8,0,7,0,34,3,1,0.491,0.5,196.308,0,0,1,0,-4.207279382,2.873054331,2.894019652,8.59772235,5.80803327,-4.765926031,0.337966025,0.510977268,0.049257137,0.00831908,0.087095916,0.672249138,0.978907855,0.253902584,0.202529967,0.031046305,0.998509228,0.038827188,0.993016124,87.23842656,-0.150535622,8.874279883,0.068080127,0.998957992,0.981605947,0.314986855,0.028416555,0.000712761,0.000925268,0.888688862,0.991658628,0.814893782,0.017107369,0.994157672,0.739265859,3.976093216,0.905659921,0.122970544,0.942265391,0.847316742,0.858062148,0.823725104,0.453492194,0.748447299,8.28e-08,0.008452537,0.859521031,0.815816104,0.216737404,0.725381017,0.664815009,0.500629961,0.999986291,0.119429,0.037704192,0.722743034,0.830618918,0.034755383,0.002969314,0.961193204,0.166520298,0.019355193,0.001235634,0.981718302,0.299292058,0.257757455,0.92569536,0.450931877,0.516,0.004
"292","cid57734331","CC1(C)C=Cc2c(ccc3c2[N+]([O-])=C2C3=CC34NC(=O)C5(CCCN5C3=O)CC4C2(C)C)O1",445.2,7,1,84.71,0,8,0,7,0,34,3,1,0.491,0.5,196.308,0,0,1,0,-4.207279382,2.873054331,2.894019652,8.59772235,5.80803327,-4.765926031,0.337966025,0.510977268,0.049257137,0.00831908,0.087095916,0.672249138,0.978907855,0.253902584,0.202529967,0.031046305,0.998509228,0.038827188,0.993016124,87.23842656,-0.150535622,8.874279883,0.068080127,0.998957992,0.981605947,0.314986855,0.028416555,0.000712761,0.000925268,0.888688862,0.991658628,0.814893782,0.017107369,0.994157672,0.739265859,3.976093216,0.905659921,0.122970544,0.942265391,0.847316742,0.858062148,0.823725104,0.453492194,0.748447299,8.28e-08,0.008452537,0.859521031,0.815816104,0.216737404,0.725381017,0.664815009,0.500629961,0.999986291,0.119429,0.037704192,0.722743034,0.830618918,0.034755383,0.002969314,0.961193204,0.166520298,0.019355193,0.001235634,0.981718302,0.299292058,0.257757455,0.92569536,0.450931877,0.516,0.004
"293","cid163285907","CC1(C)C=Cc2c(ccc3c2[N+]([O-])=C2C3=CC34NC(=O)C5(CCCN5C3=O)CC4C2(C)C)O1",445.2,7,1,84.71,0,8,0,7,0,34,3,1,0.491,0.5,196.308,0,0,1,0,-4.207279382,2.873054331,2.894019652,8.59772235,5.80803327,-4.765926031,0.337966025,0.510977268,0.049257137,0.00831908,0.087095916,0.672249138,0.978907855,0.253902584,0.202529967,0.031046305,0.998509228,0.038827188,0.993016124,87.23842656,-0.150535622,8.874279883,0.068080127,0.998957992,0.981605947,0.314986855,0.028416555,0.000712761,0.000925268,0.888688862,0.991658628,0.814893782,0.017107369,0.994157672,0.739265859,3.976093216,0.905659921,0.122970544,0.942265391,0.847316742,0.858062148,0.823725104,0.453492194,0.748447299,8.28e-08,0.008452537,0.859521031,0.815816104,0.216737404,0.725381017,0.664815009,0.500629961,0.999986291,0.119429,0.037704192,0.722743034,0.830618918,0.034755383,0.002969314,0.961193204,0.166520298,0.019355193,0.001235634,0.981718302,0.299292058,0.257757455,0.92569536,0.450931877,0.516,0.004
"294","cid6450551","CNC(=O)c1ccccc1Sc1ccc2c(C=Cc3ccccn3)n[nH]c2c1",386.12,5,2,70.67,6,4,9,6,0,24,0,0,0.524,0.045,20,0,1,0,0,-4.601733835,3.600604318,3.571380357,9.238623942,4.538464002,-4.922513701,0.132297143,0.69134903,0.003450778,0.000348687,0.010599315,0.417190611,0.702227563,0.956722915,0.969424546,0.315114737,0.999753773,0.058580313,0.336550593,99.27156016,0.047838678,0.369257116,0.004147799,0.925367296,0.00015807,0.990852416,0.20704776,0.001028695,0.812264323,0.033741575,0.040757958,0.063878186,4.74e-08,0.999993801,0.020317759,6.695481307,0.475934617,0.398447603,0.997448504,0.90953809,0.534302473,0.718596876,0.997040451,0.77503854,9.43e-06,0.615760744,0.957324743,0.868934691,0.710183918,0.641340196,0.25360477,0.915422618,0.249977589,0.150901064,0.371385068,0.778751731,0.98174876,0.003725287,0.012911118,0.109697945,0.977002621,0.011377981,0.000776249,0.99622345,0.968862057,0.063200705,0.991863847,0.634221494,0.998,0.768
"295","cid9444","Nc1ncn(C2OC(CO)C(O)C2O)c(=O)n1",244.08,9,5,143.72,2,2,6,9,0,12,4,0,0.426,0.625,47,0,0,0,0,-0.613689408,-1.807904381,-2.172784336,8.871588891,2.616777831,-5.836008587,0.996515036,7.08e-06,0.089121997,0.93243362,0.23326683,0.901765615,0.348610699,0.000451898,0.083476901,0.000217957,0.00127269,0.050071184,0.877240062,13.7094396,-0.249005103,72.26781017,0.002702399,6.57e-09,0.017096445,8.2e-08,0.901164711,5.48e-06,0.000948553,2.08e-05,0.997015476,7.46e-06,8.33e-06,9.99e-06,0.041305333,7.31459576,1.925913156,0.031222766,0.972972751,0.642937124,0.383285463,0.133049473,0.321733266,0.574608386,1.39e-05,0.36249271,0.288528919,0.810244918,0.945224345,0.904642045,0.363888711,0.373593837,0.99858886,0.069550291,0.025480062,0.156049922,0.002520216,0.003700285,0.000488442,0.003339121,0.114005923,0.012190538,5.43e-05,0.911130905,0.011905763,0.001915265,0.000945716,0.955867171,0.003,0
"296","cid6436223","COC1=CC(C)=CC(C)C(O)C(C)CC(C)=CC=CC(OC)C(C(C)C(O)C(C)C2(O)CC(O)C(C)C(C(C)C)O2)OC1=O",622.41,9,4,134.91,7,2,16,9,0,23,12,1,0.298,0.743,59.016,0,0,1,1,-4.191334353,3.289981235,3.271062078,7.723770718,6.963754608,-4.992256785,0.981363952,0.004646241,0.921846151,0.021020174,0.133011222,0.728198349,0.999904198,0.998503447,0.993183911,0.000227367,0.677096903,0.000285896,0.999904752,92.35413649,0.405635736,6.661976241,0.000153299,4.56e-06,0.987050295,2.64e-06,0.024613939,6.32e-07,0.000970307,0.073394179,0.999195039,6.48e-09,0.373624027,0.004350756,0.902716041,5.918514331,1.639988457,0.135923564,0.594127655,0.193106085,0.089468375,0.630978703,0.359659582,0.341086358,6.68e-05,0.014429504,0.148911849,0.759272099,0.79340291,0.986551881,0.228651032,0.854768932,0.006137158,0.271845788,0.122415535,0.288663685,8.1e-14,9.58e-15,2.77e-17,2.28e-09,0.999216795,9.18e-05,6.7e-18,3.95e-08,1.7e-16,4.55e-12,4.29e-06,1.23e-13,0.14,0.003
"297","cid5702538","COC1=CC(C)=CC(C)C(O)C(C)CC(C)=CC=CC(OC)C(C(C)C(O)C(C)C2(O)CC(O)C(C)C(C(C)C)O2)OC1=O",622.41,9,4,134.91,7,2,16,9,0,23,12,1,0.298,0.743,59.016,0,0,1,1,-4.191334353,3.289981235,3.271062078,7.723770718,6.963754608,-4.992256785,0.981363952,0.004646241,0.921846151,0.021020174,0.133011222,0.728198349,0.999904198,0.998503447,0.993183911,0.000227367,0.677096903,0.000285896,0.999904752,92.35413649,0.405635736,6.661976241,0.000153299,4.56e-06,0.987050295,2.64e-06,0.024613939,6.32e-07,0.000970307,0.073394179,0.999195039,6.48e-09,0.373624027,0.004350756,0.902716041,5.918514331,1.639988457,0.135923564,0.594127655,0.193106085,0.089468375,0.630978703,0.359659582,0.341086358,6.68e-05,0.014429504,0.148911849,0.759272099,0.79340291,0.986551881,0.228651032,0.854768932,0.006137158,0.271845788,0.122415535,0.288663685,8.1e-14,9.58e-15,2.77e-17,2.28e-09,0.999216795,9.18e-05,6.7e-18,3.95e-08,1.7e-16,4.55e-12,4.29e-06,1.23e-13,0.14,0.003
"298","cid53321987","COC1=CC(C)=CC(C)C(O)C(C)CC(C)=CC=CC(OC)C(C(C)C(O)C(C)C2(O)CC(O)C(C)C(C(C)C)O2)OC1=O",622.41,9,4,134.91,7,2,16,9,0,23,12,1,0.298,0.743,59.016,0,0,1,1,-4.191334353,3.289981235,3.271062078,7.723770718,6.963754608,-4.992256785,0.981363952,0.004646241,0.921846151,0.021020174,0.133011222,0.728198349,0.999904198,0.998503447,0.993183911,0.000227367,0.677096903,0.000285896,0.999904752,92.35413649,0.405635736,6.661976241,0.000153299,4.56e-06,0.987050295,2.64e-06,0.024613939,6.32e-07,0.000970307,0.073394179,0.999195039,6.48e-09,0.373624027,0.004350756,0.902716041,5.918514331,1.639988457,0.135923564,0.594127655,0.193106085,0.089468375,0.630978703,0.359659582,0.341086358,6.68e-05,0.014429504,0.148911849,0.759272099,0.79340291,0.986551881,0.228651032,0.854768932,0.006137158,0.271845788,0.122415535,0.288663685,8.1e-14,9.58e-15,2.77e-17,2.28e-09,0.999216795,9.18e-05,6.7e-18,3.95e-08,1.7e-16,4.55e-12,4.29e-06,1.23e-13,0.14,0.003
"299","cid90656913","COC1=CC(C)=CC(C)C(O)C(C)CC(C)=CC=CC(OC)C(C(C)C(O)C(C)C2(O)CC(O)C(C)C(C(C)C)O2)OC1=O",622.41,9,4,134.91,7,2,16,9,0,23,12,1,0.298,0.743,59.016,0,0,1,1,-4.191334353,3.289981235,3.271062078,7.723770718,6.963754608,-4.992256785,0.981363952,0.004646241,0.921846151,0.021020174,0.133011222,0.728198349,0.999904198,0.998503447,0.993183911,0.000227367,0.677096903,0.000285896,0.999904752,92.35413649,0.405635736,6.661976241,0.000153299,4.56e-06,0.987050295,2.64e-06,0.024613939,6.32e-07,0.000970307,0.073394179,0.999195039,6.48e-09,0.373624027,0.004350756,0.902716041,5.918514331,1.639988457,0.135923564,0.594127655,0.193106085,0.089468375,0.630978703,0.359659582,0.341086358,6.68e-05,0.014429504,0.148911849,0.759272099,0.79340291,0.986551881,0.228651032,0.854768932,0.006137158,0.271845788,0.122415535,0.288663685,8.1e-14,9.58e-15,2.77e-17,2.28e-09,0.999216795,9.18e-05,6.7e-18,3.95e-08,1.7e-16,4.55e-12,4.29e-06,1.23e-13,0.14,0.003
"300","cid72947","COC1=CC(C)=CC(C)C(O)C(C)CC(C)=CC=CC(OC)C(C(C)C(O)C(C)C2(O)CC(O)C(C)C(C(C)C)O2)OC1=O",622.41,9,4,134.91,7,2,16,9,0,23,12,1,0.298,0.743,59.016,0,0,1,1,-4.191334353,3.289981235,3.271062078,7.723770718,6.963754608,-4.992256785,0.981363952,0.004646241,0.921846151,0.021020174,0.133011222,0.728198349,0.999904198,0.998503447,0.993183911,0.000227367,0.677096903,0.000285896,0.999904752,92.35413649,0.405635736,6.661976241,0.000153299,4.56e-06,0.987050295,2.64e-06,0.024613939,6.32e-07,0.000970307,0.073394179,0.999195039,6.48e-09,0.373624027,0.004350756,0.902716041,5.918514331,1.639988457,0.135923564,0.594127655,0.193106085,0.089468375,0.630978703,0.359659582,0.341086358,6.68e-05,0.014429504,0.148911849,0.759272099,0.79340291,0.986551881,0.228651032,0.854768932,0.006137159,0.271845788,0.122415535,0.288663685,8.1e-14,9.58e-15,2.77e-17,2.28e-09,0.999216795,9.18e-05,6.7e-18,3.95e-08,1.7e-16,4.55e-12,4.29e-06,1.23e-13,0.14,0.003
"301","cid129012189","COC1=CC(C)=CC(C)C(O)C(C)CC(C)=CC=CC(OC)C(C(C)C(O)C(C)C2(O)CC(O)C(C)C(C(C)C)O2)OC1=O",622.41,9,4,134.91,7,2,16,9,0,23,12,1,0.298,0.743,59.016,0,0,1,1,-4.191334353,3.289981235,3.271062078,7.723770718,6.963754608,-4.992256785,0.981363952,0.004646241,0.921846151,0.021020174,0.133011222,0.728198349,0.999904198,0.998503447,0.993183911,0.000227367,0.677096903,0.000285896,0.999904752,92.35413649,0.405635736,6.661976241,0.000153299,4.56e-06,0.987050295,2.64e-06,0.024613939,6.32e-07,0.000970307,0.073394179,0.999195039,6.48e-09,0.373624027,0.004350756,0.902716041,5.918514331,1.639988457,0.135923564,0.594127655,0.193106085,0.089468375,0.630978703,0.359659582,0.341086358,6.68e-05,0.014429504,0.148911849,0.759272099,0.79340291,0.986551881,0.228651032,0.854768932,0.006137158,0.271845788,0.122415535,0.288663685,8.1e-14,9.58e-15,2.77e-17,2.28e-09,0.999216795,9.18e-05,6.7e-18,3.95e-08,1.7e-16,4.55e-12,4.29e-06,1.23e-13,0.14,0.003
"302","cid24870922","COC1=CC(C)=CC(C)C(O)C(C)CC(C)=CC=CC(OC)C(C(C)C(O)C(C)C2(O)CC(O)C(C)C(C(C)C)O2)OC1=O",622.41,9,4,134.91,7,2,16,9,0,23,12,1,0.298,0.743,59.016,0,0,1,1,-4.191334353,3.289981235,3.271062078,7.723770718,6.963754608,-4.992256785,0.981363952,0.004646241,0.921846151,0.021020174,0.133011222,0.728198349,0.999904198,0.998503447,0.993183911,0.000227367,0.677096903,0.000285896,0.999904752,92.35413649,0.405635736,6.661976241,0.000153299,4.56e-06,0.987050295,2.64e-06,0.024613939,6.32e-07,0.000970307,0.073394179,0.999195039,6.48e-09,0.373624027,0.004350756,0.902716041,5.918514331,1.639988457,0.135923564,0.594127655,0.193106085,0.089468375,0.630978703,0.359659582,0.341086358,6.68e-05,0.014429504,0.148911849,0.759272099,0.79340291,0.986551881,0.228651032,0.854768932,0.006137158,0.271845788,0.122415535,0.288663685,8.1e-14,9.58e-15,2.77e-17,2.28e-09,0.999216795,9.18e-05,6.7e-18,3.95e-08,1.7e-16,4.55e-12,4.29e-06,1.23e-13,0.14,0.003
"303","cid5458921","COC1=CC(C)=CC(C)C(O)C(C)CC(C)=CC=CC(OC)C(C(C)C(O)C(C)C2(O)CC(O)C(C)C(C(C)C)O2)OC1=O",622.41,9,4,134.91,7,2,16,9,0,23,12,1,0.298,0.743,59.016,0,0,1,1,-4.191334353,3.289981235,3.271062078,7.723770718,6.963754608,-4.992256785,0.981363952,0.004646241,0.921846151,0.021020174,0.133011222,0.728198349,0.999904198,0.998503447,0.993183911,0.000227367,0.677096903,0.000285896,0.999904752,92.35413649,0.405635736,6.661976241,0.000153299,4.56e-06,0.987050295,2.64e-06,0.024613939,6.32e-07,0.000970307,0.073394179,0.999195039,6.48e-09,0.373624027,0.004350756,0.902716041,5.918514331,1.639988457,0.135923564,0.594127655,0.193106085,0.089468375,0.630978703,0.359659582,0.341086358,6.68e-05,0.014429504,0.148911849,0.759272099,0.79340291,0.986551881,0.228651032,0.854768932,0.006137158,0.271845788,0.122415535,0.288663685,8.1e-14,9.58e-15,2.77e-17,2.28e-09,0.999216795,9.18e-05,6.7e-18,3.95e-08,1.7e-16,4.55e-12,4.29e-06,1.23e-13,0.14,0.003
"304","cid134694634","COC1=CC(C)=CC(C)C(O)C(C)CC(C)=CC=CC(OC)C(C(C)C(O)C(C)C2(O)CC(O)C(C)C(C(C)C)O2)OC1=O",622.41,9,4,134.91,7,2,16,9,0,23,12,1,0.298,0.743,59.016,0,0,1,1,-4.191334353,3.289981235,3.271062078,7.723770718,6.963754608,-4.992256785,0.981363952,0.004646241,0.921846151,0.021020174,0.133011222,0.728198349,0.999904198,0.998503447,0.993183911,0.000227367,0.677096903,0.000285896,0.999904752,92.35413649,0.405635736,6.661976241,0.000153299,4.56e-06,0.987050295,2.64e-06,0.024613939,6.32e-07,0.000970307,0.073394179,0.999195039,6.48e-09,0.373624027,0.004350756,0.902716041,5.918514331,1.639988457,0.135923564,0.594127655,0.193106085,0.089468375,0.630978703,0.359659582,0.341086358,6.68e-05,0.014429504,0.148911849,0.759272099,0.79340291,0.986551881,0.228651032,0.854768932,0.006137158,0.271845788,0.122415535,0.288663685,8.1e-14,9.58e-15,2.77e-17,2.28e-09,0.999216795,9.18e-05,6.7e-18,3.95e-08,1.7e-16,4.55e-12,4.29e-06,1.23e-13,0.14,0.003
"305","cid117059119","COC1=CC(C)=CC(C)C(O)C(C)CC(C)=CC=CC(OC)C(C(C)C(O)C(C)C2(O)CC(O)C(C)C(C(C)C)O2)OC1=O",622.41,9,4,134.91,7,2,16,9,0,23,12,1,0.298,0.743,59.016,0,0,1,1,-4.191334353,3.289981235,3.271062078,7.723770718,6.963754608,-4.992256785,0.981363952,0.004646241,0.921846151,0.021020174,0.133011222,0.728198349,0.999904198,0.998503447,0.993183911,0.000227367,0.677096903,0.000285896,0.999904752,92.35413649,0.405635736,6.661976241,0.000153299,4.56e-06,0.987050295,2.64e-06,0.024613939,6.32e-07,0.000970307,0.073394179,0.999195039,6.48e-09,0.373624027,0.004350756,0.902716041,5.918514331,1.639988457,0.135923564,0.594127655,0.193106085,0.089468375,0.630978703,0.359659582,0.341086358,6.68e-05,0.014429504,0.148911849,0.759272099,0.79340291,0.986551881,0.228651032,0.854768932,0.006137158,0.271845788,0.122415535,0.288663685,8.1e-14,9.58e-15,2.77e-17,2.28e-09,0.999216795,9.18e-05,6.7e-18,3.95e-08,1.7e-16,4.55e-12,4.29e-06,1.23e-13,0.14,0.003
"306","cid146018879","COC1=CC(C)=CC(C)C(O)C(C)CC(C)=CC=CC(OC)C(C(C)C(O)C(C)C2(O)CC(O)C(C)C(C(C)C)O2)OC1=O",622.41,9,4,134.91,7,2,16,9,0,23,12,1,0.298,0.743,59.016,0,0,1,1,-4.191334353,3.289981235,3.271062078,7.723770718,6.963754608,-4.992256785,0.981363952,0.004646241,0.921846151,0.021020174,0.133011222,0.728198349,0.999904198,0.998503447,0.993183911,0.000227367,0.677096903,0.000285896,0.999904752,92.35413649,0.405635736,6.661976241,0.000153299,4.56e-06,0.987050295,2.64e-06,0.024613939,6.32e-07,0.000970307,0.073394179,0.999195039,6.48e-09,0.373624027,0.004350756,0.902716041,5.918514331,1.639988457,0.135923564,0.594127655,0.193106085,0.089468375,0.630978703,0.359659582,0.341086358,6.68e-05,0.014429504,0.148911849,0.759272099,0.79340291,0.986551881,0.228651032,0.854768932,0.006137158,0.271845788,0.122415535,0.288663685,8.1e-14,9.58e-15,2.77e-17,2.28e-09,0.999216795,9.18e-05,6.7e-18,3.95e-08,1.7e-16,4.55e-12,4.29e-06,1.23e-13,0.14,0.003
"307","cid166640169","COC1=CC(C)=CC(C)C(O)C(C)CC(C)=CC=CC(OC)C(C(C)C(O)C(C)C2(O)CC(O)C(C)C(C(C)C)O2)OC1=O",622.41,9,4,134.91,7,2,16,9,0,23,12,1,0.298,0.743,59.016,0,0,1,1,-4.191334353,3.289981235,3.271062078,7.723770718,6.963754608,-4.992256785,0.981363952,0.004646241,0.921846151,0.021020174,0.133011222,0.728198349,0.999904198,0.998503447,0.993183911,0.000227367,0.677096903,0.000285896,0.999904752,92.35413649,0.405635736,6.661976241,0.000153299,4.56e-06,0.987050295,2.64e-06,0.024613939,6.32e-07,0.000970307,0.073394179,0.999195039,6.48e-09,0.373624027,0.004350756,0.902716041,5.918514331,1.639988457,0.135923564,0.594127655,0.193106085,0.089468375,0.630978703,0.359659582,0.341086358,6.68e-05,0.014429504,0.148911849,0.759272099,0.79340291,0.986551881,0.228651032,0.854768932,0.006137158,0.271845788,0.122415535,0.288663685,8.1e-14,9.58e-15,2.77e-17,2.28e-09,0.999216795,9.18e-05,6.7e-18,3.95e-08,1.7e-16,4.55e-12,4.29e-06,1.23e-13,0.14,0.003
"308","cid400769","COC(=O)C12CCC(C)(C)CC1C1C(=O)C=C3C4(C)C=C(C#N)C(=O)C(C)(C)C4CCC3(C)C1(C)CC2",505.32,5,0,84.23,2,5,22,5,0,30,7,0,0.386,0.75,105.429,0,0,1,1,-5.610867522,3.830810688,3.691981492,8.538175606,3.55757766,-5.208845766,0.485124379,0.754200757,2.01e-06,0.000863492,0.002031744,0.002654493,0.650186658,0.7307989,0.997244716,1.98e-06,0.999987364,0.036349595,0.995511651,97.30707644,0.218847362,2.028348476,0.999069154,0.207943559,0.999117911,0.276688665,0.056725837,8.39e-06,3.66e-06,0.999423862,0.992401481,6.35e-05,0.999926567,0.986711323,0.999946237,6.850404847,0.535005108,0.12199562,0.635072172,0.277529061,0.626044512,0.980020285,0.048264265,0.56603688,1.02e-05,0.012846364,0.911991477,0.755001724,0.490520507,0.877233565,0.209205821,0.209606916,0.816914499,0.131971851,0.083770849,0.683406532,0.000276529,0.000100622,4.66e-05,0.061325371,0.083515964,0.308168471,0.000459057,0.801832974,0.372693211,0.000693669,0.556580365,0.018168984,0.393,0.003
"309","cid70700216","COC(=O)C12CCC(C)(C)CC1C1C(=O)C=C3C4(C)C=C(C#N)C(=O)C(C)(C)C4CCC3(C)C1(C)CC2",505.32,5,0,84.23,2,5,22,5,0,30,7,0,0.386,0.75,105.429,0,0,1,1,-5.610867522,3.830810688,3.691981492,8.538175606,3.55757766,-5.208845766,0.485124379,0.754200757,2.01e-06,0.000863492,0.002031744,0.002654493,0.650186658,0.7307989,0.997244716,1.98e-06,0.999987364,0.036349595,0.995511651,97.30707644,0.218847362,2.028348476,0.999069154,0.207943559,0.999117911,0.276688665,0.056725837,8.39e-06,3.66e-06,0.999423862,0.992401481,6.35e-05,0.999926567,0.986711323,0.999946237,6.850404847,0.535005108,0.12199562,0.635072172,0.277529061,0.626044512,0.980020285,0.048264265,0.56603688,1.02e-05,0.012846364,0.911991477,0.755001724,0.490520507,0.877233565,0.209205821,0.209606916,0.816914499,0.131971851,0.083770849,0.683406532,0.000276529,0.000100622,4.66e-05,0.061325371,0.083515964,0.308168471,0.000459057,0.801832974,0.372693211,0.000693669,0.556580365,0.018168984,0.393,0.003
"310","cid24896135","COC(=O)C12CCC(C)(C)CC1C1C(=O)C=C3C4(C)C=C(C#N)C(=O)C(C)(C)C4CCC3(C)C1(C)CC2",505.32,5,0,84.23,2,5,22,5,0,30,7,0,0.386,0.75,105.429,0,0,1,1,-5.610867522,3.830810688,3.691981492,8.538175606,3.55757766,-5.208845766,0.485124379,0.754200757,2.01e-06,0.000863492,0.002031744,0.002654493,0.650186658,0.7307989,0.997244716,1.98e-06,0.999987364,0.036349595,0.995511651,97.30707644,0.218847362,2.028348476,0.999069154,0.207943559,0.999117911,0.276688665,0.056725837,8.39e-06,3.66e-06,0.999423862,0.992401481,6.35e-05,0.999926567,0.986711323,0.999946237,6.850404847,0.535005108,0.12199562,0.635072172,0.277529061,0.626044512,0.980020285,0.048264265,0.56603688,1.02e-05,0.012846364,0.911991477,0.755001724,0.490520507,0.877233565,0.209205821,0.209606916,0.816914499,0.131971851,0.083770849,0.683406532,0.000276529,0.000100622,4.66e-05,0.061325371,0.083515964,0.308168471,0.000459057,0.801832974,0.372693211,0.000693669,0.556580365,0.018168984,0.393,0.003
"311","cid49827815","COC(=O)C12CCC(C)(C)CC1C1C(=O)C=C3C4(C)C=C(C#N)C(=O)C(C)(C)C4CCC3(C)C1(C)CC2",505.32,5,0,84.23,2,5,22,5,0,30,7,0,0.386,0.75,105.429,0,0,1,1,-5.610867522,3.830810688,3.691981492,8.538175606,3.55757766,-5.208845766,0.485124379,0.754200757,2.01e-06,0.000863492,0.002031744,0.002654493,0.650186658,0.7307989,0.997244716,1.98e-06,0.999987364,0.036349595,0.995511651,97.30707644,0.218847362,2.028348476,0.999069154,0.207943559,0.999117911,0.276688665,0.056725837,8.39e-06,3.66e-06,0.999423862,0.992401481,6.35e-05,0.999926567,0.986711323,0.999946237,6.850404847,0.535005108,0.12199562,0.635072172,0.277529061,0.626044512,0.980020285,0.048264265,0.56603688,1.02e-05,0.012846364,0.911991477,0.755001724,0.490520507,0.877233565,0.209205821,0.209606916,0.816914499,0.131971851,0.083770849,0.683406532,0.000276529,0.000100622,4.66e-05,0.061325371,0.083515964,0.308168471,0.000459057,0.801832974,0.372693211,0.000693669,0.556580365,0.018168984,0.393,0.003
"312","cid133109022","COC(=O)C12CCC(C)(C)CC1C1C(=O)C=C3C4(C)C=C(C#N)C(=O)C(C)(C)C4CCC3(C)C1(C)CC2",505.32,5,0,84.23,2,5,22,5,0,30,7,0,0.386,0.75,105.429,0,0,1,1,-5.610867522,3.830810688,3.691981492,8.538175606,3.55757766,-5.208845766,0.485124379,0.754200757,2.01e-06,0.000863492,0.002031744,0.002654493,0.650186658,0.7307989,0.997244716,1.98e-06,0.999987364,0.036349595,0.995511651,97.30707644,0.218847362,2.028348476,0.999069154,0.207943559,0.999117911,0.276688665,0.056725837,8.39e-06,3.66e-06,0.999423862,0.992401481,6.35e-05,0.999926567,0.986711323,0.999946237,6.850404847,0.535005108,0.12199562,0.635072172,0.277529061,0.626044512,0.980020285,0.048264265,0.56603688,1.02e-05,0.012846364,0.911991477,0.755001724,0.490520507,0.877233565,0.209205821,0.209606916,0.816914499,0.131971851,0.083770849,0.683406532,0.000276529,0.000100622,4.66e-05,0.061325371,0.083515964,0.308168471,0.000459057,0.801832974,0.372693211,0.000693669,0.556580365,0.018168984,0.393,0.003
"313","cid139058496","COC(=O)C12CCC(C)(C)CC1C1C(=O)C=C3C4(C)C=C(C#N)C(=O)C(C)(C)C4CCC3(C)C1(C)CC2",505.32,5,0,84.23,2,5,22,5,0,30,7,0,0.386,0.75,105.429,0,0,1,1,-5.610867522,3.830810688,3.691981492,8.538175606,3.55757766,-5.208845766,0.485124379,0.754200757,2.01e-06,0.000863492,0.002031744,0.002654493,0.650186658,0.7307989,0.997244716,1.98e-06,0.999987364,0.036349595,0.995511651,97.30707644,0.218847362,2.028348476,0.999069154,0.207943559,0.999117911,0.276688665,0.056725837,8.39e-06,3.66e-06,0.999423862,0.992401481,6.35e-05,0.999926567,0.986711323,0.999946237,6.850404847,0.535005108,0.12199562,0.635072172,0.277529061,0.626044512,0.980020285,0.048264265,0.56603688,1.02e-05,0.012846364,0.911991477,0.755001724,0.490520507,0.877233565,0.209205821,0.209606916,0.816914499,0.131971851,0.083770849,0.683406532,0.000276529,0.000100622,4.66e-05,0.061325371,0.083515964,0.308168471,0.000459057,0.801832974,0.372693211,0.000693669,0.556580365,0.018168984,0.393,0.003
"314","cid6918638","O=C(C=Cc1cccc(S(=O)(=O)Nc2ccccc2)c1)NO",318.07,6,3,95.5,6,2,6,7,0,16,0,0,0.446,0,13,0,0,0,0,-3.038745465,1.323159605,1.022092465,7.170888813,2.829129663,-5.623837225,0.163656399,0.663503885,0.03347208,6.15e-05,0.001418591,0.016852438,0.340313911,0.635184526,0.984227598,0.000397239,0.842636228,0.019821726,0.418322861,94.45625195,-0.103718813,5.862619466,1.27e-06,0.011295804,0.000726846,0.3554084,0.000246361,5.03e-05,7.52e-06,0.061829623,0.212607294,0.000569318,4.43e-08,0.94405371,0.124132231,3.298949556,1.336034499,0.237582326,0.995588422,0.539219499,0.056751788,0.028326528,0.956757307,0.559988737,2.96e-07,0.011908344,0.004258451,0.952055454,0.00510494,0.233519837,0.475418121,0.632245481,0.999985099,0.17480512,0.171464443,0.570991993,0.143537864,0.775099277,0.110243842,0.00183286,0.04933165,0.00035751,0.000346996,0.154954925,0.010092011,0.00154819,0.644503713,0.00488326,0.902,0.702
"315","cid65628","Cn1c(CCCC(=O)O)nc2cc(N(CCCl)CCCl)ccc21",357.1,5,1,58.36,9,2,9,7,0,11,0,0,0.699,0.5,13,0,0,0,0,-3.153157584,2.026197266,2.220189041,4.716239694,4.284319943,-4.995273192,0.992304027,2.08e-06,0.112146996,7.15e-07,8.58e-06,6.79e-06,0.000385523,0.023020426,0.16802077,0.000456441,0.999610007,0.119759709,0.994015813,95.41605215,-0.669314714,7.476296605,0.998107672,0.034710243,0.032786109,8.47e-06,0.623418868,0.005758177,0.008099593,0.009342751,0.000683776,0.000315322,0.002707294,0.13057664,0.040493958,2.203685875,1.075232207,0.049537156,0.398735166,0.987794161,0.935125649,0.981222212,0.02526788,0.970861256,6.28e-06,0.014854093,0.999996901,0.883223593,0.992166281,0.977423251,0.999618053,0.9502213,0.999953866,0.145424426,0.374638736,0.361760676,0.000195781,0.221161216,8.68e-07,0.000587289,0.0176546,0.006057663,0.001183252,0.995641351,0.002558455,3.07e-05,7.39e-06,0.994330406,0.01,0.034
"316","cid64971","C=C(C)C1CCC2(C(=O)O)CCC3(C)C(CCC4C5(C)CCC(O)C(C)(C)C5CCC43C)C12",456.36,3,2,57.53,2,5,21,3,0,27,10,1,0.436,0.9,104,0,1,1,0,-5.180986716,3.597107166,4.059635986,4.998704972,4.170314694,-5.167338479,0.154510573,0.000250771,0.002364562,0.000991404,0.004307091,0.03423208,0.981077151,0.011870028,0.934015691,0.003640177,0.58393836,0.920767486,0.999276936,89.80035542,-0.139377374,9.052995632,0.158608019,7.31e-07,0.649018466,4.14e-06,0.845492244,6.25e-07,0.000101719,5.3e-06,0.000192899,3.36e-08,0.607260883,0.000408982,0.059659407,7.562425278,1.264340664,0.086470798,0.16375348,0.024614645,0.103998005,0.749720752,0.072069004,0.279856324,0.063963868,0.708415926,0.839467466,0.483265191,0.227459297,0.927411556,0.101357542,0.094832808,0.000223917,0.017552618,0.088518605,0.141768634,3.32e-06,7.76e-06,1.85e-09,3.35e-05,0.001733221,0.026764419,8.57e-05,0.069689423,1.65e-06,0.041118093,0.076712288,1.09e-06,0.12,0
"317","cid82146","C=C(c1ccc(C(=O)O)cc1)c1cc2c(cc1C)C(C)(C)CCC2(C)C",348.21,2,1,37.3,3,3,10,2,0,19,0,0,0.727,0.375,51.576,0,1,1,0,-4.188367289,2.902355786,4.554367502,4.116920029,1.751390904,-5.080279708,0.269521743,0.945799947,0.010400704,0.002188742,0.276004076,0.390153885,0.894284733,0.999549806,0.99851948,0.048835881,0.99995625,9.28e-05,0.966440201,99.04960639,-0.312639469,0.463460998,0.000738509,0.999697447,0.009284368,0.002946142,0.002032117,0.846707225,7.16e-05,9e-05,0.001737796,0.001138758,0.906299055,0.999998569,0.482934237,1.258752173,1.196026484,0.192464292,0.910793245,0.615779757,0.550337195,0.587792277,0.233619049,0.562084019,0.001565171,0.92683959,0.81724602,0.725541532,0.7449857,0.794501305,0.662092328,0.907699525,0.374427438,0.060475942,0.164142951,0.157648101,0.001170539,0.006267743,5.03e-07,0.520077884,0.041829392,0.067142256,0.003800634,0.79103291,0.000254101,0.967870235,0.917828262,0.001021478,0.625,0.029
"318","cid3476986","Cc1ccc2c(c1)C(=O)C1(O)CCN(c3ccccc3)C1=N2",292.12,4,1,52.9,1,4,13,4,0,22,1,1,0.879,0.222,72,0,0,0,0,-3.574251796,2.508712504,2.201920771,8.484189065,2.795941892,-4.328224082,0.040724471,0.890004754,0.008288564,0,5.32e-05,0.000174701,0.001431823,0.719744623,0.033257212,0.00016265,0.999785483,0.044561487,0.254609138,85.45454034,0.245824214,13.94576053,0.811721325,0.999859214,0.280767977,0.999951959,0.455684483,0.015015326,4.31e-05,0.998968005,0.813069403,0.00286712,8.07e-08,0.975182772,0.907999933,2.28324119,1.299172757,0.296844542,0.553977728,0.733443975,0.67565459,0.489813447,0.32092163,0.707518935,0.000414374,0.411601931,0.722507238,0.772436142,0.841573417,0.460496873,0.623411179,0.448085666,0.990220666,0.032697804,0.12528713,0.480658621,0.967298925,0.342483193,0.005151401,0.307899535,0.641073585,0.012452309,0.01064366,0.51758498,0.087347537,0.041004483,0.881835103,0.414012998,0.154,0.317
"319","cid5328940","COc1cc(Nc2c(C#N)cnc3cc(OCCCN4CCN(C)CC4)c(OC)cc23)c(Cl)cc1Cl",529.16,8,1,82.88,9,4,10,10,0,24,0,0,0.379,0.385,53.333,0,0,1,1,-5.214068044,3.275228626,3.958355063,8.984415891,7.837108569,-5.275308315,0.00287635,0.96838814,0.040213678,0.000300765,0.034683168,0.014262676,0.968938893,0.948120475,0.985317647,0.06675785,1,0.001113694,0.996418357,92.56456512,0.682496401,6.52696352,0.999995351,0.711706638,0.999985933,0.007691744,0.000333724,0.901055515,0.004592174,0.941731274,0.999999404,0.032783661,1.91e-10,0.999998927,0.996605754,5.6462007,1.063122188,0.991962373,0.9445135,0.353783309,0.789678752,0.936207473,0.595349252,0.584259033,1.32e-05,0.005959362,0.96500957,0.928701639,0.978707671,0.76537782,0.674737453,0.991781056,0.873161852,0.259887099,0.652363539,0.928568721,0.971340358,0.10410396,0.068984039,0.513129056,0.303024143,0.127483413,0.005673323,0.989862919,0.611609757,0.96912539,0.999714196,0.999255359,0.406,0.01
"320","cid5287620","CC1CCCC=CC2CC(O)CC2C(O)C=CC(=O)O1",280.17,4,2,66.76,0,2,16,4,0,18,5,1,0.526,0.688,32.889,0,0,0,0,-2.907906039,1.441038175,1.326216372,8.574512488,5.340581246,-5.187629833,0.944637954,0.000998612,0.121957973,0.350380778,0.055752575,0.627439409,0.71571961,0.02702396,0.779671788,0.003971419,0.629870415,0.805980325,0.80261749,44.13432307,-0.224247852,55.57843563,1.09e-05,8.51e-06,0.015052933,7.09e-07,0.823551655,8.35e-07,4.59e-06,0.002860649,0.000166272,4.61e-06,0.049609568,0.126321584,0.010664579,2.525729602,2.541835762,0.032377474,0.424114048,0.111374125,0.104560159,0.205324337,0.71537292,0.335190088,0.99710089,0.995248616,0.169911847,0.128211394,0.257250696,0.286635041,0.054216366,0.530534267,0.000566085,0.028194323,0.014036499,0.055236015,1.38e-05,0.001046162,9.14e-06,0.000398821,0.064412855,0.00067695,6.93e-06,0.062060811,1.03e-05,0.002242676,0.000988627,2.12e-05,0.074,0.004
"321","cid5351204","CC1CCCC=CC2CC(O)CC2C(O)C=CC(=O)O1",280.17,4,2,66.76,0,2,16,4,0,18,5,1,0.526,0.688,32.889,0,0,0,0,-2.907906039,1.441038175,1.326216372,8.574512488,5.340581246,-5.187629833,0.944637954,0.000998612,0.121957973,0.350380778,0.055752575,0.627439409,0.71571961,0.02702396,0.779671788,0.003971419,0.629870415,0.805980325,0.80261749,44.13432307,-0.224247852,55.57843563,1.09e-05,8.51e-06,0.015052933,7.09e-07,0.823551655,8.35e-07,4.59e-06,0.002860649,0.000166272,4.61e-06,0.049609568,0.126321584,0.010664579,2.525729602,2.541835762,0.032377474,0.424114048,0.111374125,0.104560159,0.205324337,0.71537292,0.335190088,0.99710089,0.995248616,0.169911847,0.128211394,0.257250696,0.286635041,0.054216366,0.530534267,0.000566085,0.028194323,0.014036499,0.055236015,1.38e-05,0.001046162,9.14e-06,0.000398821,0.064412855,0.00067695,6.93e-06,0.062060811,1.03e-05,0.002242676,0.000988627,2.12e-05,0.074,0.004
"322","cid6364669","CC1CCCC=CC2CC(O)CC2C(O)C=CC(=O)O1",280.17,4,2,66.76,0,2,16,4,0,18,5,1,0.526,0.688,32.889,0,0,0,0,-2.907906039,1.441038175,1.326216372,8.574512488,5.340581246,-5.187629833,0.944637954,0.000998612,0.121957973,0.350380778,0.055752575,0.627439409,0.71571961,0.02702396,0.779671788,0.003971419,0.629870415,0.805980325,0.80261749,44.13432307,-0.224247852,55.57843563,1.09e-05,8.51e-06,0.015052933,7.09e-07,0.823551655,8.35e-07,4.59e-06,0.002860649,0.000166272,4.61e-06,0.049609568,0.126321584,0.010664579,2.525729602,2.541835762,0.032377474,0.424114048,0.111374125,0.104560159,0.205324337,0.71537292,0.335190088,0.99710089,0.995248616,0.169911847,0.128211394,0.257250696,0.286635041,0.054216366,0.530534267,0.000566085,0.028194323,0.014036499,0.055236015,1.38e-05,0.001046162,9.14e-06,0.000398821,0.064412855,0.00067695,6.93e-06,0.062060811,1.03e-05,0.002242676,0.000988627,2.12e-05,0.074,0.004
"323","cid24123450","CC1CCCC=CC2CC(O)CC2C(O)C=CC(=O)O1",280.17,4,2,66.76,0,2,16,4,0,18,5,1,0.526,0.688,32.889,0,0,0,0,-2.907906039,1.441038175,1.326216372,8.574512488,5.340581246,-5.187629833,0.944637954,0.000998612,0.121957973,0.350380778,0.055752575,0.627439409,0.71571961,0.02702396,0.779671788,0.003971419,0.629870415,0.805980325,0.80261749,44.13432307,-0.224247852,55.57843563,1.09e-05,8.51e-06,0.015052933,7.09e-07,0.823551655,8.35e-07,4.59e-06,0.002860649,0.000166272,4.61e-06,0.049609568,0.126321584,0.010664579,2.525729602,2.541835762,0.032377474,0.424114048,0.111374125,0.104560159,0.205324337,0.71537292,0.335190088,0.99710089,0.995248616,0.169911847,0.128211394,0.257250696,0.286635041,0.054216366,0.530534267,0.000566085,0.028194323,0.014036499,0.055236015,1.38e-05,0.001046162,9.14e-06,0.000398821,0.064412855,0.00067695,6.93e-06,0.062060811,1.03e-05,0.002242676,0.000988627,2.12e-05,0.074,0.004
"324","cid6436187","CC1CCCC=CC2CC(O)CC2C(O)C=CC(=O)O1",280.17,4,2,66.76,0,2,16,4,0,18,5,1,0.526,0.688,32.889,0,0,0,0,-2.907906039,1.441038175,1.326216372,8.574512488,5.340581246,-5.187629833,0.944637954,0.000998612,0.121957973,0.350380778,0.055752575,0.627439409,0.71571961,0.02702396,0.779671788,0.003971419,0.629870415,0.805980325,0.80261749,44.13432307,-0.224247852,55.57843563,1.09e-05,8.51e-06,0.015052933,7.09e-07,0.823551655,8.35e-07,4.59e-06,0.002860649,0.000166272,4.61e-06,0.049609568,0.126321584,0.010664579,2.525729602,2.541835762,0.032377474,0.424114048,0.111374125,0.104560159,0.205324337,0.71537292,0.335190088,0.99710089,0.995248616,0.169911847,0.128211394,0.257250696,0.286635041,0.054216366,0.530534267,0.000566085,0.028194323,0.014036499,0.055236015,1.38e-05,0.001046162,9.14e-06,0.000398821,0.064412855,0.00067695,6.93e-06,0.062060811,1.03e-05,0.002242676,0.000988627,2.12e-05,0.074,0.004
"325","cid71308166","CC1CCCC=CC2CC(O)CC2C(O)C=CC(=O)O1",280.17,4,2,66.76,0,2,16,4,0,18,5,1,0.526,0.688,32.889,0,0,0,0,-2.907906039,1.441038175,1.326216372,8.574512488,5.340581246,-5.187629833,0.944637954,0.000998612,0.121957973,0.350380778,0.055752575,0.627439409,0.71571961,0.02702396,0.779671788,0.003971419,0.629870415,0.805980325,0.80261749,44.13432307,-0.224247852,55.57843563,1.09e-05,8.51e-06,0.015052933,7.09e-07,0.823551655,8.35e-07,4.59e-06,0.002860649,0.000166272,4.61e-06,0.049609568,0.126321584,0.010664579,2.525729602,2.541835762,0.032377474,0.424114048,0.111374125,0.104560159,0.205324337,0.71537292,0.335190088,0.99710089,0.995248616,0.169911847,0.128211394,0.257250696,0.286635041,0.054216366,0.530534267,0.000566085,0.028194323,0.014036499,0.055236015,1.38e-05,0.001046162,9.14e-06,0.000398821,0.064412855,0.00067695,6.93e-06,0.062060811,1.03e-05,0.002242676,0.000988627,2.12e-05,0.074,0.004
"326","cid5362868","CC1CCCC=CC2CC(O)CC2C(O)C=CC(=O)O1",280.17,4,2,66.76,0,2,16,4,0,18,5,1,0.526,0.688,32.889,0,0,0,0,-2.907906039,1.441038175,1.326216372,8.574512488,5.340581246,-5.187629833,0.944637954,0.000998612,0.121957973,0.350380778,0.055752575,0.627439409,0.71571961,0.02702396,0.779671788,0.003971419,0.629870415,0.805980325,0.80261749,44.13432307,-0.224247852,55.57843563,1.09e-05,8.51e-06,0.015052933,7.09e-07,0.823551655,8.35e-07,4.59e-06,0.002860649,0.000166272,4.61e-06,0.049609568,0.126321584,0.010664579,2.525729602,2.541835762,0.032377474,0.424114048,0.111374125,0.104560159,0.205324337,0.71537292,0.335190088,0.99710089,0.995248616,0.169911847,0.128211394,0.257250696,0.286635041,0.054216366,0.530534267,0.000566085,0.028194323,0.014036499,0.055236015,1.38e-05,0.001046162,9.14e-06,0.000398821,0.064412855,0.00067695,6.93e-06,0.062060811,1.03e-05,0.002242676,0.000988627,2.12e-05,0.074,0.004
"327","cid133640201","CC1CCCC=CC2CC(O)CC2C(O)C=CC(=O)O1",280.17,4,2,66.76,0,2,16,4,0,18,5,1,0.526,0.688,32.889,0,0,0,0,-2.907906039,1.441038175,1.326216372,8.574512488,5.340581246,-5.187629833,0.944637954,0.000998612,0.121957973,0.350380778,0.055752575,0.627439409,0.71571961,0.02702396,0.779671788,0.003971419,0.629870415,0.805980325,0.80261749,44.13432307,-0.224247852,55.57843563,1.09e-05,8.51e-06,0.015052933,7.09e-07,0.823551655,8.35e-07,4.59e-06,0.002860649,0.000166272,4.61e-06,0.049609568,0.126321584,0.010664579,2.525729602,2.541835762,0.032377474,0.424114048,0.111374125,0.104560159,0.205324337,0.71537292,0.335190088,0.99710089,0.995248616,0.169911847,0.128211394,0.257250696,0.286635041,0.054216366,0.530534267,0.000566085,0.028194323,0.014036499,0.055236015,1.38e-05,0.001046162,9.14e-06,0.000398821,0.064412855,0.00067695,6.93e-06,0.062060811,1.03e-05,0.002242676,0.000988627,2.12e-05,0.074,0.004
"328","cid5477951","CC1CCCC=CC2CC(O)CC2C(O)C=CC(=O)O1",280.17,4,2,66.76,0,2,16,4,0,18,5,1,0.526,0.688,32.889,0,0,0,0,-2.907906039,1.441038175,1.326216372,8.574512488,5.340581246,-5.187629833,0.944637954,0.000998612,0.121957973,0.350380778,0.055752575,0.627439409,0.71571961,0.02702396,0.779671788,0.003971419,0.629870415,0.805980325,0.80261749,44.13432307,-0.224247852,55.57843563,1.09e-05,8.51e-06,0.015052933,7.09e-07,0.823551655,8.35e-07,4.59e-06,0.002860649,0.000166272,4.61e-06,0.049609568,0.126321584,0.010664579,2.525729602,2.541835762,0.032377474,0.424114048,0.111374125,0.104560159,0.205324337,0.71537292,0.335190088,0.99710089,0.995248616,0.169911847,0.128211394,0.257250696,0.286635041,0.054216366,0.530534267,0.000566085,0.028194323,0.014036499,0.055236015,1.38e-05,0.001046162,9.14e-06,0.000398821,0.064412855,0.00067695,6.93e-06,0.062060811,1.03e-05,0.002242676,0.000988627,2.12e-05,0.074,0.004
"329","cid5353446","CC1CCCC=CC2CC(O)CC2C(O)C=CC(=O)O1",280.17,4,2,66.76,0,2,16,4,0,18,5,1,0.526,0.688,32.889,0,0,0,0,-2.907906039,1.441038175,1.326216372,8.574512488,5.340581246,-5.187629833,0.944637954,0.000998612,0.121957973,0.350380778,0.055752575,0.627439409,0.71571961,0.02702396,0.779671788,0.003971419,0.629870415,0.805980325,0.80261749,44.13432307,-0.224247852,55.57843563,1.09e-05,8.51e-06,0.015052933,7.09e-07,0.823551655,8.35e-07,4.59e-06,0.002860649,0.000166272,4.61e-06,0.049609568,0.126321584,0.010664579,2.525729602,2.541835762,0.032377474,0.424114048,0.111374125,0.104560159,0.205324337,0.71537292,0.335190088,0.99710089,0.995248616,0.169911847,0.128211394,0.257250696,0.286635041,0.054216366,0.530534267,0.000566085,0.028194323,0.014036499,0.055236015,1.38e-05,0.001046162,9.14e-06,0.000398821,0.064412855,0.00067695,6.93e-06,0.062060811,1.03e-05,0.002242676,0.000988627,2.12e-05,0.074,0.004
"330","cid25102665","CC1CCCC=CC2CC(O)CC2C(O)C=CC(=O)O1",280.17,4,2,66.76,0,2,16,4,0,18,5,1,0.526,0.688,32.889,0,0,0,0,-2.907906039,1.441038175,1.326216372,8.574512488,5.340581246,-5.187629833,0.944637954,0.000998612,0.121957973,0.350380778,0.055752575,0.627439409,0.71571961,0.02702396,0.779671788,0.003971419,0.629870415,0.805980325,0.80261749,44.13432307,-0.224247852,55.57843563,1.09e-05,8.51e-06,0.015052933,7.09e-07,0.823551655,8.35e-07,4.59e-06,0.002860649,0.000166272,4.61e-06,0.049609568,0.126321584,0.010664579,2.525729602,2.541835762,0.032377474,0.424114048,0.111374125,0.104560159,0.205324337,0.71537292,0.335190088,0.99710089,0.995248616,0.169911847,0.128211394,0.257250696,0.286635041,0.054216366,0.530534267,0.000566085,0.028194323,0.014036499,0.055236015,1.38e-05,0.001046162,9.14e-06,0.000398821,0.064412855,0.00067695,6.93e-06,0.062060811,1.03e-05,0.002242676,0.000988627,2.12e-05,0.074,0.004
"331","cid72353","CC1CCCC=CC2CC(O)CC2C(O)C=CC(=O)O1",280.17,4,2,66.76,0,2,16,4,0,18,5,1,0.526,0.688,32.889,0,0,0,0,-2.907906039,1.441038175,1.326216372,8.574512488,5.340581246,-5.187629833,0.944637954,0.000998612,0.121957973,0.350380778,0.055752575,0.627439409,0.71571961,0.02702396,0.779671788,0.003971419,0.629870415,0.805980325,0.80261749,44.13432307,-0.224247852,55.57843563,1.09e-05,8.51e-06,0.015052933,7.09e-07,0.823551655,8.35e-07,4.59e-06,0.002860649,0.000166272,4.61e-06,0.049609568,0.126321584,0.010664579,2.525729602,2.541835762,0.032377474,0.424114048,0.111374125,0.104560159,0.205324337,0.71537292,0.335190088,0.99710089,0.995248616,0.169911847,0.128211394,0.257250696,0.286635041,0.054216366,0.530534267,0.000566085,0.028194323,0.014036499,0.055236015,1.38e-05,0.001046162,9.14e-06,0.000398821,0.064412855,0.00067695,6.93e-06,0.062060811,1.03e-05,0.002242676,0.000988627,2.12e-05,0.074,0.004
"332","cid657314","CC1CCCC=CC2CC(O)CC2C(O)C=CC(=O)O1",280.17,4,2,66.76,0,2,16,4,0,18,5,1,0.526,0.688,32.889,0,0,0,0,-2.907906039,1.441038175,1.326216372,8.574512488,5.340581246,-5.187629833,0.944637954,0.000998612,0.121957973,0.350380778,0.055752575,0.627439409,0.71571961,0.02702396,0.779671788,0.003971419,0.629870415,0.805980325,0.80261749,44.13432307,-0.224247852,55.57843563,1.09e-05,8.51e-06,0.015052933,7.09e-07,0.823551655,8.35e-07,4.59e-06,0.002860649,0.000166272,4.61e-06,0.049609568,0.126321584,0.010664579,2.525729602,2.541835762,0.032377474,0.424114048,0.111374125,0.104560159,0.205324337,0.71537292,0.335190088,0.99710089,0.995248616,0.169911847,0.128211394,0.257250696,0.286635041,0.054216366,0.530534267,0.000566085,0.028194323,0.014036499,0.055236015,1.38e-05,0.001046162,9.14e-06,0.000398821,0.064412855,0.00067695,6.93e-06,0.062060811,1.03e-05,0.002242676,0.000988627,2.12e-05,0.074,0.004
"333","cid7067352","CC1CCCC=CC2CC(O)CC2C(O)C=CC(=O)O1",280.17,4,2,66.76,0,2,16,4,0,18,5,1,0.526,0.688,32.889,0,0,0,0,-2.907906039,1.441038175,1.326216372,8.574512488,5.340581246,-5.187629833,0.944637954,0.000998612,0.121957973,0.350380778,0.055752575,0.627439409,0.71571961,0.02702396,0.779671788,0.003971419,0.629870415,0.805980325,0.80261749,44.13432307,-0.224247852,55.57843563,1.09e-05,8.51e-06,0.015052933,7.09e-07,0.823551655,8.35e-07,4.59e-06,0.002860649,0.000166272,4.61e-06,0.049609568,0.126321584,0.010664579,2.525729602,2.541835762,0.032377474,0.424114048,0.111374125,0.104560159,0.205324337,0.71537292,0.335190088,0.99710089,0.995248616,0.169911847,0.128211394,0.257250696,0.286635041,0.054216366,0.530534267,0.000566085,0.028194323,0.014036499,0.055236015,1.38e-05,0.001046162,9.14e-06,0.000398821,0.064412855,0.00067695,6.93e-06,0.062060811,1.03e-05,0.002242676,0.000988627,2.12e-05,0.074,0.004
"334","cid44634639","CC1CCCC=CC2CC(O)CC2C(O)C=CC(=O)O1",280.17,4,2,66.76,0,2,16,4,0,18,5,1,0.526,0.688,32.889,0,0,0,0,-2.907906039,1.441038175,1.326216372,8.574512488,5.340581246,-5.187629833,0.944637954,0.000998612,0.121957973,0.350380778,0.055752575,0.627439409,0.71571961,0.02702396,0.779671788,0.003971419,0.629870415,0.805980325,0.80261749,44.13432307,-0.224247852,55.57843563,1.09e-05,8.51e-06,0.015052933,7.09e-07,0.823551655,8.35e-07,4.59e-06,0.002860649,0.000166272,4.61e-06,0.049609568,0.126321584,0.010664579,2.525729602,2.541835762,0.032377474,0.424114048,0.111374125,0.104560159,0.205324337,0.71537292,0.335190088,0.99710089,0.995248616,0.169911847,0.128211394,0.257250696,0.286635041,0.054216366,0.530534267,0.000566085,0.028194323,0.014036499,0.055236015,1.38e-05,0.001046162,9.14e-06,0.000398821,0.064412855,0.00067695,6.93e-06,0.062060811,1.03e-05,0.002242676,0.000988627,2.12e-05,0.074,0.004
"335","cid133611967","CC1CCCC=CC2CC(O)CC2C(O)C=CC(=O)O1",280.17,4,2,66.76,0,2,16,4,0,18,5,1,0.526,0.688,32.889,0,0,0,0,-2.907906039,1.441038175,1.326216372,8.574512488,5.340581246,-5.187629833,0.944637954,0.000998612,0.121957973,0.350380778,0.055752575,0.627439409,0.71571961,0.02702396,0.779671788,0.003971419,0.629870415,0.805980325,0.80261749,44.13432307,-0.224247852,55.57843563,1.09e-05,8.51e-06,0.015052933,7.09e-07,0.823551655,8.35e-07,4.59e-06,0.002860649,0.000166272,4.61e-06,0.049609568,0.126321584,0.010664579,2.525729602,2.541835762,0.032377474,0.424114048,0.111374125,0.104560159,0.205324337,0.71537292,0.335190088,0.99710089,0.995248616,0.169911847,0.128211394,0.257250696,0.286635041,0.054216366,0.530534267,0.000566085,0.028194323,0.014036499,0.055236015,1.38e-05,0.001046162,9.14e-06,0.000398821,0.064412855,0.00067695,6.93e-06,0.062060811,1.03e-05,0.002242676,0.000988627,2.12e-05,0.074,0.004
"336","cid11234052","Cc1cc2c(F)c(Oc3ncnn4cc(OCC(C)O)c(C)c34)ccc2[nH]1",370.14,7,2,84.67,5,4,9,8,0,20,1,0,0.561,0.263,46,0,0,0,0,-3.996417059,2.649268232,2.593946056,10.15250826,6.157521143,-4.973883226,0.873322248,0.027860323,0.05505069,0.001563728,0.037939131,0.02201438,0.13585794,0.996536851,0.991839767,0.051363803,0.997119188,0.001901027,0.993729949,95.28565607,0.028075183,4.505682918,0.996741831,0.122218817,0.951645672,0.048235089,0.991598368,0.001286715,0.980356991,0.068213426,0.998094261,0.016328085,5.75e-06,0.952102304,0.279122502,7.552837987,0.78664787,0.135114908,0.922289312,0.774283707,0.624440372,0.575708866,0.53188473,0.782114863,3.92e-06,0.281798989,0.88232094,0.878455818,0.796915531,0.945755243,0.627701461,0.758149981,0.990953982,0.094799176,0.039477475,0.28755343,0.778027296,0.327904254,0.000925378,0.288424432,0.720806062,0.027926719,0.028473122,0.059320964,0.019947447,0.017267367,0.377243549,0.015780102,0.185,0.092
"337","cid25102847","COc1cc2nccc(Oc3ccc(NC(=O)C4(C(=O)Nc5ccc(F)cc5)CC4)cc3)c2cc1OC",501.17,8,2,98.78,10,5,10,9,0,28,0,0,0.308,0.179,63.273,0,0,1,1,-5.298923204,3.29623688,3.278773132,10.27135027,4.859687375,-4.658813284,0.014873945,0.904211402,2.25e-05,0.000203669,0.00019604,5.17e-05,0.076501071,0.988571107,0.999918699,0.00094503,0.999998808,0.479442716,0.487135738,93.65939253,0.58822003,5.161762409,1.68e-05,0.963458836,0.156313121,0.926171839,0.000144752,1.92e-05,0.87167865,0.004160606,0.924535155,0.001135655,3.54e-10,0.999997735,0.044775181,2.883074719,0.988028884,0.604786098,0.956514239,0.879321575,0.673312843,0.752025723,0.045947123,0.73143357,3.58e-06,0.101750605,0.697306693,0.799667239,0.663673997,0.363551825,0.647993982,0.916804194,0.99798584,0.077191308,0.370578617,0.842798531,0.99857223,0.172429487,0.002940115,0.185502768,0.754524708,0.001382697,0.000168414,0.99808228,0.932552457,0.125178128,0.992499888,0.9852584,0.965,0.034
"338","cid156414","C=CC(=O)Nc1cc2c(Nc3ccc(F)c(Cl)c3)ncnc2cc1OCCCN1CCOCC1",485.16,8,2,88.61,10,4,10,10,0,25,0,0,0.343,0.292,49.677,0,0,1,0,-5.404528991,3.592921804,4.503280959,9.42151639,6.38174674,-5.284109076,0.94398886,0.426519185,0.0237095,0.00030756,0.026239038,0.104390681,0.995015839,0.999897718,0.999996662,0.997937202,0.999999762,0.000159073,0.916811228,92.39553546,0.683944785,6.663369961,0.002292738,0.001130076,0.000420097,0.000158789,7.56e-06,0.957845092,0.970569611,0.998990953,0.999729455,0.00285984,4.06e-11,0.999704301,0.957708836,4.68881312,0.866774486,0.884831488,0.989553452,0.531675339,0.854307115,0.818058014,0.685667634,0.587016046,3.17e-05,0.364996403,0.895839512,0.678566098,0.975393355,0.398971021,0.277402312,0.972260058,0.952400327,0.200644568,0.491195947,0.941404104,0.944679439,0.024838656,0.302392244,0.627092719,0.256471753,0.111352399,0.007258468,0.998737037,0.397234678,0.951396227,0.99838984,0.99683255,0.464,0.011
"339","cid9933475","COc1cc2c(Oc3ccc4[nH]c(C)cc4c3F)ncnc2cc1OCCCN1CCCC1",450.21,7,1,72.5,8,5,10,8,0,26,0,0,0.371,0.36,58.118,0,1,1,0,-4.105273938,2.847045625,3.031254454,9.818996439,7.976076735,-5.354366443,0.985646188,0.074200295,0.050828625,5.96e-06,0.015559196,0.002153039,0.043673515,0.992202044,0.986986578,0.121230282,0.999849558,0.29933241,0.999524355,89.28061939,0.779259525,10.06395716,0.999948382,7.81e-07,0.824338734,3.3e-09,3.93e-06,0.99725455,0.998180032,0.000452219,1,0.930034101,1.07e-08,0.334228426,0.094402179,6.865468833,1.079719728,0.941508174,0.865987599,0.615144014,0.933382571,0.910099745,0.392042398,0.617777884,1.89e-06,0.007208614,0.989175975,0.922180533,0.98906517,0.833658278,0.658160448,0.950359762,0.970685661,0.276401192,0.244476736,0.847236395,0.341077745,0.024247425,0.002348869,0.6840294,0.05074504,0.000513589,0.00057334,0.296199858,0.212332457,0.136303857,0.41478613,0.673478663,0.092,0.006
"340","cid5282054","CC=CCC=CCCC(=O)C1OC1C(N)=O",223.12,4,2,72.69,7,1,3,4,0,7,2,1,0.519,0.5,15.556,0,0,0,0,-3.180174501,2.306901865,2.364275991,8.148727858,5.61029143,-5.459820263,0.53018564,0.143208444,0.073029675,0.012923658,0.047678173,0.161459923,0.221722543,0.089777239,0.543209076,0.006758503,0.13688232,0.348913968,0.701469779,88.50242376,-0.179729225,13.0726926,0.000638889,0.037881494,0.323418766,7.7e-05,0.95086211,6.32e-05,0.872075915,0.031964861,0.0005456,0.896919847,0.071887858,0.757811606,0.455987453,6.152368932,0.774906431,0.093788728,0.246355876,0.769391298,0.426314712,0.139489055,0.802888513,0.375002503,0.041666668,0.90893507,0.577110171,0.399626613,0.560789347,0.414964318,0.227339268,0.253229499,0.939530253,0.056897976,0.045192644,0.14815627,0.0118288,0.005174702,0.02591127,0.004909788,0.131109133,0.007541036,0.104992501,0.438591272,0.008368882,0.155383065,0.199482292,0.122590803,0.006,0
"341","cid2708","O=C(O)CCCc1ccc(N(CCCl)CCCl)cc1",303.08,3,1,40.54,9,1,6,5,0,7,0,0,0.711,0.5,7,0,1,0,0,-3.315201605,2.224556396,3.139688858,4.186667498,1.319178469,-4.630339551,0.942664444,2.25e-05,0.071013264,0.000227988,1.07e-05,1.34e-05,0.0002262,0.086775586,0.019283475,0.003221933,0.999856353,0.182702303,0.91545707,96.6769589,-0.60119269,8.796979138,0.996593416,8.4e-05,0.073454306,0.001083793,0.976734161,0.001113421,0.000151357,0.000101226,0.021860024,0.019368464,0.074739814,0.053701654,0.061378267,4.662360926,0.774648284,0.043140668,0.576577485,0.975545347,0.90855211,0.865774989,0.103334367,0.862181008,0.00837387,0.310216039,0.999970078,0.861978292,0.963084459,0.879911304,0.998188317,0.948089004,0.999326229,0.10300447,0.493769109,0.246002629,3.51e-05,0.471119255,1.53e-06,0.000208139,0.028057605,0.051692694,0.013948349,0.993993461,0.000678929,0.000156662,8.94e-06,0.999559224,0.009,0.01
"342","cid2749","Cc1cc(C2CCCCC2)n(O)c(=O)c1",207.13,3,1,42.23,1,2,6,3,0,13,0,0,0.719,0.583,28.947,0,0,0,0,-3.445936269,2.135169706,2.258061829,6.63210226,3.068166228,-4.784325863,0.043560311,0.326118171,0.004761473,0.00631243,0.0268206,0.127463102,0.272161365,0.976955056,0.982336998,0.046784975,0.984514177,0.059261564,0.984190285,96.99052013,-0.296321739,2.626228228,0.385681629,0.000387126,0.00147919,0.002103928,0.003089072,9.09e-06,0.002570941,0.001302346,0.285980791,0.056123368,0.000190201,0.315756679,0.084786654,8.154597074,1.188493525,0.050965305,0.162914187,0.343621403,0.285701454,0.594422579,0.302396476,0.302318156,0.122844651,0.915120363,0.741794348,0.536347151,0.296977699,0.431950301,0.33713755,0.295094192,0.065366514,0.105520181,0.101529643,0.315474093,0.001204791,0.000154854,3.31e-05,0.970441818,0.009779544,0.000696285,0.641389608,0.942953408,0.999992967,0.998339891,0.417709529,0.994478583,0.057,0.102
"343","cid2756","CN=C(NC#N)NCCSCc1nc[nH]c1C",252.12,6,3,88.89,7,1,5,7,0,7,0,1,0.235,0.5,6,0,0,0,0,-1.642315008,0.446396412,0.472621479,9.604488838,6.09383424,-5.710091141,0.618658364,0.000399823,0.965680957,0.006727219,0.000304103,0.001387119,0.001715004,0.889890492,0.592253685,2.64e-06,0.005012191,0.319795847,0.950619102,22.82457136,0.042195731,80.84565291,0.999741971,0.999993682,0.994220257,1.86e-06,0.006670469,0.001210414,0.012583775,0.996374547,1,0.046839729,0.002707515,0.486146629,0.999999285,6.586951885,0.794052315,0.031006875,0.974689901,0.745218396,0.713948071,0.023134528,0.808600128,0.287540227,0.000160484,0.314730793,0.663823724,0.733988881,0.115846872,0.804742813,0.563760698,0.987876773,0.999712288,0.010703634,0.00121967,0.023978891,0.002399425,2.95e-05,2.41e-05,1.78e-05,0.003507451,1.21e-05,3.25e-06,0.009779622,5.45e-05,2.63e-05,9.07e-06,0.030648826,0.172,0.003
"344","cid119182","Nc1nc(Cl)nc2c1ncn2C1OC(CO)C(O)C1F",303.05,8,4,119.31,2,3,9,10,0,15,4,0,0.649,0.5,63.6,0,0,0,0,-1.712580447,0.214594628,-0.096891473,8.388723164,3.7309829,-5.747338596,0.958574951,0.000146735,0.460318655,0.094155431,0.002683699,0.019820869,0.013498247,0.008093202,0.427717119,0.004171888,0.006885108,0.541624129,0.722542465,36.85932719,0.435893352,59.42371786,0.10986761,3.67e-05,0.000257112,0.000366352,0.100917257,8.01e-06,0.001979151,0.005089232,0.508860409,0.060529009,1.64e-06,0.000655811,0.051383477,12.07572762,1.85804168,0.053730771,0.966236353,0.739790201,0.443934709,0.450893223,0.485388607,0.52928561,2.09e-05,0.542052209,0.715461135,0.885291338,0.961329162,0.914044738,0.657589316,0.613658786,0.996751785,0.135475591,0.048951983,0.301932096,0.000938036,0.009659026,0.002241486,0.008331708,0.004782788,0.00140907,0.001059488,0.333956927,0.000386223,0.000225435,0.002481011,0.979020298,0.094,0
"345","cid11626560","CC(Oc1cc(-c2cnn(C3CCNCC3)c2)cnc1N)c1c(Cl)ccc(F)c1Cl",449.12,6,3,77.99,5,4,6,9,0,23,1,0,0.533,0.333,77.214,0,0,1,0,-4.412220518,3.361380794,3.737576566,9.232576695,7.429918832,-5.322141156,0.005250915,0.312132955,0.005288293,0,9.54e-07,0.001928389,0.006448984,0.989045739,0.9644925,0.748248041,0.999992847,0.016382581,0.999886274,89.52913515,1.301025076,7.934000003,7.08e-06,0.658302486,0.000802541,1.2e-05,3.58e-07,3.43e-06,6.27e-06,0.235156506,1,1,4.23e-05,0.999982476,1.36e-06,9.369100434,0.668922786,0.866304576,0.991343617,0.486117214,0.940076709,0.89930439,0.112692334,0.383945048,9.96e-07,0.020003647,0.99009645,0.978136957,0.99731952,0.952638745,0.7144593,0.998139739,0.998718619,0.213230148,0.355811656,0.610812664,0.026698679,0.001051757,0.000426022,0.337532669,0.006147571,0.000211936,0.004864019,0.525166214,0.001805808,0.007470318,0.136301965,0.00166892,0.986,0.02
"346","cid5281321","CC(C)(O)C=CC(=O)C(C)(O)C1C(O)CC2(C)C3CC=C4C(C=C(O)C(=O)C4(C)C)C3(C)C(=O)CC12C",514.29,7,4,132.13,4,4,17,7,0,24,8,1,0.333,0.7,94.824,0,0,1,1,-3.879579823,1.857519883,1.53785572,5.969840308,4.191553209,-5.200466036,0.99525106,0.000103207,0.261502862,0.014344871,0.012763619,0.180482447,0.997878851,0.031621132,0.998212218,0.009100999,0.891795754,0.014607816,0.999154091,90.75743914,-0.008126452,10.79965249,0.990846097,1.1e-06,0.102497555,0.0181196,0.976840138,1.56e-08,2.93e-08,0.999947786,0.998049259,0.005977865,2.6e-05,0.999354422,0.453946114,5.377791055,1.722273163,0.010934104,0.181196958,0.337427765,0.548207283,0.693239033,0.479154617,0.332311869,2.13e-06,0.010416265,0.563543081,0.497933209,0.074037023,0.902913272,0.276234746,0.670299172,0.989851594,0.118677095,0.073201492,0.407424271,2.81e-06,0.000129461,3.36e-08,0.001515979,0.011592515,9.95e-05,1.82e-07,0.003239974,2.57e-06,0.000264902,0.00031468,0.000188966,0.061,0.001
"347","cid969516","COc1cc(C=CC(=O)CC(=O)C=Cc2ccc(O)c(OC)c2)ccc1O",368.13,6,2,93.06,8,2,6,6,0,16,0,0,0.548,0.143,14,0,0,0,0,-3.830908729,2.648871,2.374309107,8.333750847,5.084131438,-5.416699772,0.124061033,0.022370355,0.004127899,0.004890501,0.484873116,0.465447783,0.999542673,0.995740652,0.999943376,0.28553468,0.640520096,0.030027581,0.881011367,90.85784613,-0.524569203,6.784859593,0.000522115,0.256874472,0.424727082,0.033911951,0.013337284,0.024627334,0.97017765,0.884548604,2.66e-07,0.991835594,1.1e-05,0.99987936,0.928211987,9.635124356,1.196202103,0.409823656,0.009659733,0.410856962,0.176861763,0.325004816,0.997528017,0.123724028,0.052050788,0.863438129,0.744269431,0.340423107,0.394839883,0.187926456,0.038429227,0.269888371,0.015375965,0.104525335,0.628316879,0.652322054,0.934685171,0.12817347,0.825611472,0.049564891,0.917647064,0.486188442,0.871245861,0.987711966,0.041344434,0.989300907,0.99549377,0.865578949,0.991,1
"348","cid17759555","N#Cc1cnc2c(Cl)cc(NCc3cnc[nH]3)cc2c1Nc1ccc(F)c(Cl)c1",426.06,6,3,89.42,5,4,10,9,0,23,0,0,0.384,0.05,22,0,0,1,0,-6.300281746,3.64732065,4.186178169,10.21470685,4.898626564,-5.165855558,0.312725097,0.80738163,2.77e-05,0.000472784,0.00302577,0.044209599,0.974939954,0.897007585,0.96032238,0.00025883,0.999999285,0.066776849,0.262761086,98.12799613,0.424683778,1.121073597,0.575602531,0.999508619,2.2e-08,0.999949336,0.003449913,0.996509373,0.003857939,0.999764025,0.101784579,0.95722729,1.54e-10,1,0.82251668,3.877931477,0.720439766,0.847973287,0.996652186,0.428875029,0.855944574,0.968600452,0.158390626,0.550862551,1.22e-07,0.257711709,0.90827924,0.942506254,0.931007326,0.779052377,0.465856552,0.975254536,0.993619859,0.164512873,0.564583004,0.856831312,0.988170862,0.399440855,0.326981485,0.980724692,0.462694615,0.472020566,0.664503992,0.992136121,0.262563467,0.982456684,0.999974489,0.998732626,0.995,0.006
"349","cid2907","O=P1(N(CCCl)CCCl)NCCCO1",260.02,4,1,41.57,5,1,6,7,0,7,1,1,0.606,1,17,0,0,0,0,-0.892442081,0.835168574,0.805881794,7.611362249,5.707297049,-4.6235457,0.617483914,0.010003418,0.002119791,1.34e-05,3.25e-05,1.17e-05,2.55e-05,0.18407324,0.003093381,3.32e-06,0.999105513,0.000829335,0.802475452,17.69667043,-0.134855895,80.02074469,1,8.58e-07,1,5.82e-06,1,5.01e-06,0.998924196,3.74e-05,1,0.000896592,1,2.6e-07,0.998649061,4.289142859,1.945540431,0.000769239,0.980550766,0.998727977,0.982385218,0.329423279,0.996228576,0.999641776,0.007171214,0.885801196,0.916469872,0.997516632,0.999806106,0.04878629,0.988372862,0.999730766,1,0.003358192,0.009032162,0.165593773,2.84e-07,0.011111702,1.1e-05,0.003298175,0.005367085,7.34e-05,0.000119724,0.132644325,6.75e-05,4.81e-06,6.41e-05,0.005914491,0.003,0.007
"350","cid5311281","C=C1C(C)C2C(Cc3ccccc3)NC(=O)C23OC(=O)C=CC(O)CCCC(C)CC=CC3C1O",479.27,6,3,95.86,2,4,21,6,0,32,8,1,0.446,0.517,118.182,0,0,1,0,-4.458691932,3.080215117,2.96061728,7.144320421,5.180844766,-5.348842908,0.616395593,0.036042586,0.052112773,0.00988847,0.025589347,0.516206712,0.922764257,0.163664207,0.821228445,0.003044591,0.979365706,0.903929055,0.795001686,82.45238354,-0.257829199,11.96785651,1.78e-08,4.84e-07,0.001114148,2.65e-09,0.002475477,5.72e-09,2.02e-06,0.000160996,1.35e-06,6.59e-09,1.69e-09,0.008862278,0.036747266,4.876025287,1.738102571,0.032107662,0.070594594,0.051291302,0.289671004,0.656440794,0.006808821,0.110066511,5.07e-05,0.038645506,0.360623837,0.199535966,0.850390136,0.802481532,0.02746019,0.105898574,0.124671906,0.068757959,0.069592483,0.256681114,2.71e-07,2.89e-06,3.3e-09,2.02e-06,0.010294615,4.84e-07,7.94e-09,0.006126047,2.51e-07,0.000122721,5.2e-05,7.37e-07,0.633,0
"351","cid44462760","CC(C)(C)c1nc(-c2cccc(NS(=O)(=O)c3c(F)cccc3F)c2F)c(-c2ccnc(N)n2)s1",519.1,7,3,110.86,6,4,6,12,0,25,0,0,0.367,0.174,29,0,0,1,1,-5.539137504,3.77668061,4.456990365,9.166518027,3.83917047,-5.062460585,0.001255131,0.998096883,7.11e-06,1.23e-05,0.000660002,0.10746336,0.060361862,0.999881029,0.998336673,8.68e-07,0.999942183,9.45e-07,0.555010557,99.43677796,-0.03839954,0.374022008,2.3e-08,0.97490418,0.000182592,0.999874473,0.000140774,0.000739345,2.92e-09,0.848198295,0.91544348,0.409513384,3.16e-10,0.982518017,0.316476792,2.233686055,0.927767097,0.148915425,0.999977589,0.348282129,0.328126878,0.102598049,0.037336405,0.459796071,3.15e-07,0.072379619,0.028170059,0.986737072,0.797522128,0.958848715,0.712778687,0.97037977,0.999999166,0.040103428,0.019784503,0.055239316,0.204940662,0.003522846,4.68e-05,3.54e-06,0.00337412,1.22e-07,1.07e-06,0.16745168,4.74e-07,1.78e-06,0.341672599,4.43e-05,0.988,0.002
"352","cid135398738","CN(C)N=Nc1nc[nH]c1C(N)=O",182.09,7,3,99.73,3,1,5,7,0,7,0,0,0.511,0.333,7,0,0,0,1,-1.872021327,0.123688869,-0.063108648,8.9294069,3.224027372,-4.742808152,0.540919006,0.000447026,0.584459305,0.000305176,0.000193655,0.000766039,0.138936162,0.105110198,0.550675094,0.001919396,0.000374899,0.977203131,0.406160682,8.755439921,0.009876674,89.29336012,0.999870539,7.91e-07,0.014338451,1.38e-05,0.001320526,5.83e-06,0.00373396,3.12e-05,0.738645375,6.09e-05,1.62e-06,0.000697684,0.010012398,1.972722759,1.659354443,0.011826181,0.946195841,0.998043656,0.955635548,0.190579489,0.983813643,0.993852019,0.000118468,0.502015233,0.75227505,0.740222991,0.437116444,0.552639067,0.929873586,0.978697956,0.999901414,0.007251369,0.000375488,0.036058474,0.101910353,0.015703503,0.001523249,0.004305576,0.011972549,0.000219681,0.010701252,0.218650237,0.000541868,9.51e-05,0.190522447,0.01888096,0.055,0.001
"353","cid2942","CN(C)N=Nc1nc[nH]c1C(N)=O",182.09,7,3,99.73,3,1,5,7,0,7,0,0,0.511,0.333,7,0,0,0,1,-1.872021327,0.123688869,-0.063108648,8.9294069,3.224027372,-4.742808152,0.540919006,0.000447026,0.584459305,0.000305176,0.000193655,0.000766039,0.138936162,0.105110198,0.550675094,0.001919396,0.000374899,0.977203131,0.406160682,8.755439921,0.009876674,89.29336012,0.999870539,7.91e-07,0.014338451,1.38e-05,0.001320526,5.83e-06,0.00373396,3.12e-05,0.738645375,6.09e-05,1.62e-06,0.000697684,0.010012398,1.972722759,1.659354443,0.011826181,0.946195841,0.998043656,0.955635548,0.190579489,0.983813643,0.993852019,0.000118468,0.502015233,0.75227505,0.740222991,0.437116444,0.552639067,0.929873586,0.978697956,0.999901414,0.007251369,0.000375488,0.036058474,0.101910353,0.015703503,0.001523249,0.004305576,0.011972549,0.000219681,0.010701252,0.218650237,0.000541868,9.51e-05,0.190522447,0.01888096,0.055,0.001
"354","cid6914657","O=C(C=Cc1cccnc1)NCCCCC1CCN(C(=O)c2ccccc2)CC1",391.23,5,1,62.3,10,3,6,5,0,21,0,0,0.548,0.375,34.545,0,0,0,0,-3.510317837,2.481104688,2.311774853,9.648428002,5.772468724,-5.005119868,0.110308759,0.822929561,0.661110699,0.158339441,0.460088313,0.786978364,0.96826154,0.432400793,0.573747039,0.008534779,0.992103934,0.119566217,0.536532342,98.15243617,-0.388364672,1.390111074,0.004685926,0.871746361,0.972107351,0.791853428,0.312048435,0.00999401,0.224263623,0.000884831,0.447144598,0.858640015,2.02e-07,0.997122109,0.111160003,5.538475443,0.300812575,0.764285743,0.861439466,0.283644855,0.372824758,0.447345227,0.954205453,0.307093799,1.92e-06,0.293551564,0.698649824,0.680983961,0.620083869,0.322865158,0.129843742,0.772477508,0.89601624,0.100809783,0.100941308,0.192229554,0.002271269,0.000499252,0.000401363,0.012190623,0.522255182,0.184896067,0.008317321,0.079778463,0.00370559,0.065104991,0.00186414,0.023923697,0.678,0.664
"355","cid3062316","Cc1nc(Nc2ncc(C(=O)Nc3c(C)cccc3Cl)s2)cc(N2CCN(CCO)CC2)n1",487.16,9,3,106.51,8,4,6,11,0,24,0,0,0.466,0.364,52.133,0,0,1,0,-4.853458775,3.114865993,3.320814093,8.459581142,5.690957836,-5.482879415,0.007292556,0.86596483,0.039713185,0.00150454,0.829977423,0.997517182,0.998177712,0.96437639,0.987109423,2.51e-05,0.999996066,0.000993098,0.995802462,96.31690903,1.450145091,3.3896694,0.998362839,0.005602577,0.741764963,0.366376758,0.861843407,9.39e-05,0.023096029,0.400609225,0.997215152,0.018913979,1.28e-09,0.004006181,0.242370456,4.952697689,0.787256586,0.913961172,0.999957561,0.699404478,0.611907601,0.304814994,0.708024502,0.942376018,9.07e-12,0.001185818,0.825987041,0.974688053,0.859374225,0.901144087,0.616923094,0.987068534,0.999999523,0.394827724,0.213361219,0.865106106,0.197984889,0.197792083,0.00020594,0.017871488,0.052025948,0.000238085,7.69e-06,0.62458086,0.00645043,0.001501601,0.021179019,0.027798206,0.28,0.14
"356","cid451668","Nc1ncn(C2CC(O)C(CO)O2)c(=O)n1",228.09,8,4,123.49,2,2,6,8,0,12,3,0,0.527,0.625,43.385,0,0,0,0,-0.711430515,-1.53203971,-1.782751551,9.26694807,2.998536578,-5.748683431,0.99239713,0.000199271,0.056889325,0.801272526,0.133522868,0.677283883,0.27861172,0.002234676,0.154901162,0.000704936,0.005634774,0.111483626,0.846588612,-2.188311677,0.675879111,115.4913366,0.010883283,2.52e-07,0.004426446,7.36e-06,0.850649893,0.000113618,0.019840419,0.000171255,0.907272279,1.19e-05,9.4e-07,5.02e-05,0.053859457,11.73524921,1.919792073,0.064899996,0.97660768,0.678561926,0.385026664,0.281122506,0.407888651,0.776017785,7.13e-05,0.41789344,0.320903391,0.871791065,0.971695006,0.808210909,0.441397339,0.48539108,0.998437822,0.090431929,0.052829612,0.2243101,0.002495422,0.00208052,0.000439858,0.004972186,0.103789032,0.012400217,0.000144317,0.869265974,0.012824986,0.00129173,0.000910694,0.969914377,0.003,0
"357","cid5743","CC1CC2C3CCC4=CC(=O)C=CC4(C)C3(F)C(O)CC2(C)C1(O)C(=O)CO",392.2,5,3,94.83,2,4,17,6,0,22,8,1,0.667,0.727,81.579,0,0,0,0,-4.068090611,2.049742754,1.764388622,7.282957994,3.634955023,-4.773735956,0.732902825,0.019935029,0.034302816,0.019485652,0.072023273,0.254782736,0.985867099,0.0082018,0.455890954,0.00524956,0.990141213,0.907200992,0.990924597,69.20953758,0.067749038,29.22198276,0.007030239,0.00010013,0.01406044,0.000345888,0.021952877,2.11e-05,1.68e-06,0.72720629,0.985742331,1.58e-07,2.42e-06,0.677094579,0.779537618,2.841211315,2.519949399,0.073672459,0.012415943,0.301054329,0.269581944,0.860322118,0.044287954,0.550332785,2.44e-05,0.045273207,0.47171542,0.594794929,0.196759343,0.842910707,0.179626346,0.053283658,0.908012688,0.078301892,0.012260432,0.390006304,0.000425247,0.981161833,0.818891644,0.002418183,0.13683258,0.000130816,3.82e-07,0.054389972,0.000264831,0.000257588,4.95e-05,0.014386878,0.051,0.027
"358","cid46926350","CCc1cnn2c(NCc3ccc[n+]([O-])c3)cc(N3CCCCC3CCO)nc12",396.23,8,2,92.63,7,4,9,8,0,22,1,0,0.47,0.476,69.774,0,0,0,0,-3.795091298,2.222114077,2.075773514,7.183823443,5.315299711,-5.552333872,0.081846014,0.039504714,0.013474707,0.009667814,0.007932425,0.147089541,0.425625086,0.050725602,0.356135011,0.21178019,0.964959264,0.627221048,0.891090155,71.9228315,-0.473572869,21.96202026,0.749163449,0.567102373,0.917557895,0.059564408,0.720337272,0.000760944,0.682357192,0.1006203,0.063663088,0.995257914,0.463889271,0.999574482,0.922329426,5.930902365,0.674907695,0.519315541,0.923687875,0.389932185,0.276701868,0.927589357,0.917803347,0.515711427,1.48e-07,0.110441729,0.729685187,0.568624377,0.681099415,0.344147742,0.037501536,0.52140981,0.99990201,0.214943796,0.022613686,0.613233268,0.002043021,0.008156615,0.000111214,0.071064733,0.035259522,0.000593062,0.000544058,0.504316211,0.003849767,0.002280403,0.008851027,0.000306533,0.536,0.043
"359","cid31703","COc1cccc2c1C(=O)c1c(O)c3c(c(O)c1C2=O)CC(O)(C(=O)CO)CC3OC1CC(N)C(O)C(C)O1",543.17,12,7,206.07,5,5,18,12,0,30,6,1,0.235,0.444,121.154,1,0,1,1,-2.878543148,1.717525145,1.219152513,7.816279392,6.468583891,-6.258836168,0.999329567,0.0006464,0.992997646,0.999132335,0.959486797,0.999511101,0.999962064,0.316383749,0.993608832,0.029773548,0.019254571,4.33e-06,0.958069146,84.41602312,1.454900332,15.57411856,0.002189104,5.14e-10,0.059754498,2.68e-09,5.94e-06,9.81e-10,2.77e-07,0.000580501,0.143077746,2.94e-06,2.42e-13,0.000235012,1.91e-05,13.03235326,3.308061459,0.187846154,0.96241951,0.988593459,0.894275784,0.841791153,0.925291777,0.924894273,7.82e-10,0.002803535,0.643480122,0.945255101,0.426928371,0.943225622,0.873259902,0.785434604,0.9971053,0.592906952,0.957297802,0.818930328,0.072269849,0.147423461,0.488661975,0.023107976,0.979639709,0.027096141,7.21e-06,0.477694124,0.229763791,0.000108603,0.262486041,0.882293999,0.092,0.007
"360","cid11396600","C=C1C(=CC=C2CCCC3(C)C(C(C)CC=CC(O)(CC)CC)=CCC23)CC(O)CC1F",442.32,2,2,40.46,7,3,9,3,0,20,5,1,0.411,0.655,55.583,0,1,1,0,-5.112924094,4.334530987,5.744125356,9.14608877,5.414753824,-4.917838059,0.019806199,0.081245519,0.022754407,0.000277102,0.000651658,0.004435658,0.360959888,0.039643869,0.410853595,0.104863681,0.962640703,0.801723957,0.993721783,97.21346398,0.273317531,2.63366789,0.784309208,0.000479654,0.953912497,0.023932897,0.380347669,0.000902043,0.000168178,0.828213036,0.001256422,0.00285321,0.709038198,0.999541283,0.9628461,9.408060952,0.388961938,0.547020018,0.097564265,0.240342423,0.854733348,0.983722866,0.12396057,0.634563446,4.29e-08,0.000857221,0.87630105,0.690479398,0.386643857,0.962805748,0.211248696,0.441295207,0.699795067,0.153488263,0.280050755,0.858682394,0.000115482,1.33e-05,2.77e-05,0.000653025,0.098211326,0.001914998,0.002956005,0.999358356,0.000403027,0.994076133,0.998880327,0.947087765,0.563,0.014
"361","cid4261","Nc1ccccc1NC(=O)c1ccc(CNC(=O)OCc2cccnc2)cc1",376.15,7,4,106.34,9,3,6,7,0,20,0,0,0.572,0.095,16,0,0,0,0,-3.234278393,2.058754913,1.735002913,8.859607644,5.283232889,-5.362788193,0.612882853,0.321946621,1.22e-05,0.118030012,0.066981673,0.892514817,0.070477605,0.948941648,0.997535467,4.46e-06,0.347672284,0.038781997,0.145485312,62.30177582,0.006955937,38.46660979,0.00075895,0.998641074,0.032771032,0.999628544,7.98e-05,0.750570178,0.002359707,0.99997592,0.014856104,0.999249637,2.05e-10,0.999909997,0.000389016,3.225129066,0.804637062,0.663575351,0.993135452,0.78667897,0.140419498,0.620866299,0.856068134,0.603096485,9.17e-09,0.471937627,0.385929972,0.468368113,0.979322016,0.27327013,0.154777557,0.673487544,0.999912262,0.163354814,0.051711634,0.74284631,0.891970515,0.074541733,0.001450261,0.011050926,0.634638965,0.002275907,0.033867657,0.888918161,0.034068089,0.048546433,0.856997013,0.398080856,0.455,0.342
"362","cid65064","O=C(OC1Cc2c(O)cc(O)cc2OC1c1cc(O)c(O)c(O)c1)c1cc(O)c(O)c(O)c1",458.08,11,8,197.37,4,4,10,11,0,24,2,0,0.212,0.136,87.48,1,0,1,0,-3.494762316,1.265598737,1.423860601,7.0749869,2.899967897,-6.727349237,0.713807285,0.000123476,0.004593437,0.001490414,0.995664622,0.998208914,0.999962422,0.928420722,0.978792846,0.864734352,0.007880758,0.009618383,0.999670267,88.95903891,-0.337267846,11.41948479,8.4e-06,0.000196446,3.28e-08,0.982270181,6.12e-05,1.16e-08,1.95e-08,0.997655272,1.17e-08,0.869318664,3.56e-26,1,0.941746712,6.923957606,2.283579602,0.060559738,0.777422309,0.616874933,0.287554413,0.92096591,0.999970317,0.212051332,0.000327803,0.988073647,0.426228046,0.176583648,0.000146051,0.985215664,0.000782022,0.000706627,0.998475611,0.001491105,0.999316454,0.732878745,0.03789046,0.008892705,0.061326031,0.022272298,0.012534576,0.025988348,0.001019806,0.027556524,3.65e-05,0.00286242,0.22210224,0.002091794,0.906,0.697
"363","cid11214940","CCOc1ccccc1-n1c(C(C)N2CCN(C(=O)COc3ccc(Cl)cc3)CC2)nc2ccccc2c1=O",546.2,8,0,76.9,9,5,10,9,0,31,1,0,0.318,0.3,89.744,0,0,1,1,-4.566080964,3.131206325,3.375668008,7.610089426,6.544324574,-5.284767066,1.05e-05,0.999991179,0.001988755,2.38e-07,5.36e-06,0.000424206,0.039630353,0.949237764,0.996456802,0.019360738,1,0.564885378,0.822595596,98.39257611,-0.272485753,1.159722674,0.999999285,0.997226179,0.999910712,0.999998569,0.999998689,0.016721731,0.984564304,0.90106833,0.999998689,0.70779556,7.69e-07,1,0.999900579,3.45679068,0.544039988,0.928443968,0.821555018,0.239262685,0.448948592,0.611762822,0.348187417,0.684224904,2.86e-08,0.00106198,0.387309074,0.443957359,0.936743677,0.534308612,0.121715009,0.656404972,0.973177254,0.055209596,0.149381652,0.852388024,0.940808415,0.050819904,0.061263785,0.029694268,0.956885755,0.108315885,0.000141355,0.99312675,0.032056432,0.310273468,0.703037262,0.319978893,0.305,0.013
"364","cid24775005","Cc1c(C(=O)Nc2ccc(N3CC(C)OC(C)C3)nc2)cccc1-c1ccc(OC(F)(F)F)cc1",485.19,6,1,63.69,7,4,6,9,0,25,2,0,0.493,0.308,84.118,0,1,1,0,-7.076244578,3.972970917,5.456843235,10.59682636,4.782158708,-4.951472605,0.058100417,0.194160357,0.044162735,9.78e-06,4.41e-06,4.97e-05,0.043021441,0.783076644,0.999016523,0.001007109,0.999914646,0.091283761,0.998096049,97.0696165,0.399514799,3.058713959,0.998312593,0.83643198,0.158224583,0.356450528,0.895182252,4.51e-07,0.063337766,1.14e-05,0.132669955,0.100394562,0.000635912,0.997398019,0.96574837,2.643198663,1.09554467,0.979260981,0.99990201,0.606733263,0.73148787,0.961727023,0.136539415,0.442932159,1.05e-09,0.031676963,0.847493172,0.970246553,0.965572953,0.923569202,0.529372513,0.999171257,0.999853611,0.380288929,0.824230194,0.984272718,0.883248568,0.200582594,0.001349648,0.885131299,0.386682928,0.000544662,0.000985116,0.953129053,0.09628804,0.022959094,0.274872124,0.490659893,0.984,0.792
"365","cid176870","C#Cc1cccc(Nc2ncnc3cc(OCCOC)c(OCCOC)cc23)c1",393.17,7,1,74.73,10,3,10,7,0,18,0,0,0.418,0.273,16,0,0,0,0,-3.654346974,2.998100126,2.716416722,9.064419298,6.036781921,-4.443993329,0.835743487,0.166606501,0.023587342,0.007179558,0.000697494,0.003339648,0.031642735,0.803085148,0.999909282,0.998773873,0.999997377,6.63e-06,0.000851148,93.93476546,-0.211629897,6.890608153,0.999995828,0.17457366,0.011616464,0.846612036,0.002716714,0.24253802,0.104586564,0.989288211,0.992580891,0.987441778,0.01640374,0.999954939,0.524686396,7.612187097,1.280783561,0.406373173,0.792071939,0.894200861,0.68144834,0.556724489,0.748835325,0.907405019,1.34e-05,0.138427615,0.670398772,0.939078927,0.324542522,0.887169003,0.474457145,0.99204731,0.161301494,0.244786531,0.025610128,0.270259589,0.978750587,0.999634385,0.765817523,0.974472463,0.626022518,0.055787124,0.003647004,0.928655565,0.70711118,0.015141489,0.993932545,0.526922226,0.045,0.196
"366","cid9840324","CCOC(=O)C1(CCCCCCOc2ccc(Cl)cc2)CO1",326.13,4,0,48.06,11,2,6,5,0,10,1,0,0.37,0.588,37.778,0,1,1,0,-5.258245669,3.734677675,4.494496401,8.847088774,3.953985268,-4.768580475,0.039797429,0.867962003,0.011008384,0.01549983,0.050458372,0.034471214,0.146412134,0.986779332,0.997434318,0.019177657,0.999989271,0.67853266,0.723290384,98.85566156,0.04592819,0.955369581,0.749801338,0.999990106,0.006102705,0.999779165,0.512893796,0.977881968,0.053597681,0.992519259,0.638210297,1,1.69e-05,1,0.998688161,6.494089705,0.329514769,0.677174926,0.828601778,0.599849105,0.29863739,0.224995807,0.962815523,0.720396519,0.16056177,0.698060453,0.16810599,0.375116527,0.790325165,0.179168344,0.098936155,0.478721708,0.038477797,0.097157001,0.110441141,0.632712364,0.510527909,0.031913128,0.010148005,0.770288467,0.158850059,0.032022249,0.003491677,0.240213916,0.097465076,0.232661635,0.488933116,0.377569079,0.181,0.021
"367","cid36462","COc1cc(C2c3cc4c(cc3C(OC3OC5COC(C)OC5C(O)C3O)C3COC(=O)C23)OCO4)cc(OC)c1O",588.18,13,3,160.83,5,7,16,13,0,37,10,1,0.43,0.552,143.111,1,0,1,1,-3.194164829,1.106899767,0.519729032,7.219266185,4.499724146,-6.099710081,0.213707462,0.011707632,0.097267002,0.000124931,0.001427889,1.78e-05,0.246839702,0.188037455,0.545420587,0.002455803,0.996251404,0.242759049,0.995784461,97.05523474,-0.632495604,3.227512983,0.019800192,0.000362526,0.999975324,0.0026815,0.994093716,5.11e-05,0.001521428,0.903701842,0.068743668,0.070548184,0.016913645,0.000337196,0.002398045,1.58810261,3.636644116,0.108158782,0.99386853,0.935961545,0.523760557,0.695997655,0.879088163,0.735546172,1.11e-06,0.037055362,0.122830242,0.823981643,0.929248333,0.86591959,0.319590122,0.673392594,0.993271768,0.347530127,0.232296973,0.65457505,0.72118783,0.00413912,0.000725107,0.004415024,0.01940335,0.000127203,4.5e-08,0.319033176,0.039456613,0.071046002,0.026795536,0.907092094,0.076,0
"368","cid107970","CCCCCCCCc1ccc(CCC(N)(CO)CO)cc1",307.25,3,4,66.48,12,1,6,3,0,6,0,0,0.519,0.684,8,0,1,0,0,-3.123728425,2.763601649,3.14310131,8.092007864,7.336939808,-5.081356973,0.014308636,0.088054255,0.229865357,0.542549312,0.232356369,0.427120328,0.83855553,0.536375999,0.890901923,0.607747555,0.969643593,0.399419338,0.47329849,100.3598824,1.275306519,0.136593569,0.016698219,0.800273657,0.999967575,3.33e-10,0.998540282,0.995371282,0.999971509,4.85e-08,0.999999404,2.16e-05,2.77e-08,0.85598594,2.2e-05,5.105034112,1.046238219,0.52677542,0.010492278,0.204767719,0.102523848,0.095654927,0.826864243,0.226307675,0.011453427,0.768631339,0.7639153,0.879967451,0.3997612,0.915119827,0.772952318,0.937556744,3.65e-05,0.037178043,0.113691643,0.193432838,1.12e-05,0.027374199,0.000141887,0.000282314,0.729711413,0.003985528,0.000149231,0.039486036,5.39e-05,0.000886193,0.164089471,4.41e-05,0.107,0.181
"369","cid3385","O=c1[nH]cc(F)c(=O)[nH]1",130.02,4,2,65.72,0,1,6,5,0,8,0,0,0.483,0,6,0,0,0,1,-1.637626263,-0.619227203,-0.673715962,8.02096591,1.389658755,-5.297594155,0.870158672,0.331378669,0.10853444,0.922683656,0.138568759,0.926688313,0.594332516,0.918685973,0.985117555,0.044750787,0.716494381,0.015075064,0.584149063,24.20179094,-0.286045647,60.50409681,0.99995923,3.13e-05,0.000231453,2.42e-06,5.42e-06,1.91e-08,9.36e-07,5.73e-08,0.953339338,1.25e-07,1.06e-07,0.003927425,0.0083849,7.703821618,2.150050073,0.039675578,0.996487617,0.196859673,0.67122823,0.086524598,0.012542228,0.048397675,0.020566164,0.924593627,0.81124723,0.89885515,0.985601127,0.821264207,0.571094513,0.916836977,0.999995351,0.024132876,0.016985908,0.032640755,0.001823228,8.37e-05,0.001936613,0.000306079,0.817926705,0.722907901,0.034336992,0.075079292,0.999991655,0.908661425,0.001772021,0.997285962,0.054,0
"370","cid446155","CC(C)n1c(C=CC(O)CC(O)CC(=O)O)c(-c2ccc(F)cc2)c2ccccc21",411.18,5,3,82.69,8,3,9,6,0,18,2,0,0.505,0.292,40,0,0,1,0,-4.77009695,3.034936665,4.01409961,4.66813073,3.072406084,-4.580084151,0.18322809,0.000205065,0.014021282,0.001227081,0.015371919,0.973050272,0.997850844,0.047233928,0.334016144,0.299552172,0.999983549,0.464819759,0.998627901,98.03834892,-0.3670509,0.978879144,0.004591387,9.6e-09,0.999999642,0.999999642,1,0.001319659,0.999998093,4.37e-07,0.981824219,1.26e-17,0.934731841,0.999996424,0.999989867,14.90235013,1.285558745,0.225690693,0.438385755,0.337220371,0.288267672,0.853178501,0.281075835,0.210679188,4.76e-07,0.005097298,0.632243574,0.846688509,0.845939815,0.990891039,0.338985205,0.99417901,0.934951127,0.049281694,0.059201967,0.411548167,0.884494543,0.962024152,0.012938474,0.984810412,0.179182589,0.000332066,0.001514553,0.033055346,6.68e-05,1.1e-05,0.137077257,0.004657842,0.081,0.006
"371","cid1548972","CC(C)n1c(C=CC(O)CC(O)CC(=O)O)c(-c2ccc(F)cc2)c2ccccc21",411.18,5,3,82.69,8,3,9,6,0,18,2,0,0.505,0.292,40,0,0,1,0,-4.77009695,3.034936665,4.01409961,4.66813073,3.072406084,-4.580084151,0.18322809,0.000205065,0.014021282,0.001227081,0.015371919,0.973050272,0.997850844,0.047233928,0.334016144,0.299552172,0.999983549,0.464819759,0.998627901,98.03834892,-0.3670509,0.978879144,0.004591387,9.6e-09,0.999999642,0.999999642,1,0.001319659,0.999998093,4.37e-07,0.981824219,1.26e-17,0.934731841,0.999996424,0.999989867,14.90235013,1.285558745,0.225690693,0.438385755,0.337220371,0.288267672,0.853178501,0.281075835,0.210679188,4.76e-07,0.005097298,0.632243574,0.846688509,0.845939815,0.990891039,0.338985205,0.99417901,0.934951127,0.049281694,0.059201967,0.411548167,0.884494543,0.962024152,0.012938474,0.984810412,0.179182589,0.000332066,0.001514553,0.033055346,6.68e-05,1.1e-05,0.137077257,0.004657842,0.081,0.006
"372","cid5353627","CC(C)n1c(C=CC(O)CC(O)CC(=O)O)c(-c2ccc(F)cc2)c2ccccc21",411.18,5,3,82.69,8,3,9,6,0,18,2,0,0.505,0.292,40,0,0,1,0,-4.77009695,3.034936665,4.01409961,4.66813073,3.072406084,-4.580084151,0.18322809,0.000205065,0.014021282,0.001227081,0.015371919,0.973050272,0.997850844,0.047233928,0.334016144,0.299552172,0.999983549,0.464819759,0.998627901,98.03834892,-0.3670509,0.978879144,0.004591387,9.6e-09,0.999999642,0.999999642,1,0.001319659,0.999998093,4.37e-07,0.981824219,1.26e-17,0.934731841,0.999996424,0.999989867,14.90235013,1.285558745,0.225690693,0.438385755,0.337220371,0.288267672,0.853178501,0.281075835,0.210679188,4.76e-07,0.005097298,0.632243574,0.846688509,0.845939815,0.990891039,0.338985205,0.99417901,0.934951127,0.049281694,0.059201967,0.411548167,0.884494543,0.962024152,0.012938474,0.984810412,0.179182589,0.000332066,0.001514553,0.033055346,6.68e-05,1.1e-05,0.137077257,0.004657842,0.081,0.006
"373","cid3403","CC(C)n1c(C=CC(O)CC(O)CC(=O)O)c(-c2ccc(F)cc2)c2ccccc21",411.18,5,3,82.69,8,3,9,6,0,18,2,0,0.505,0.292,40,0,0,1,0,-4.77009695,3.034936665,4.01409961,4.66813073,3.072406084,-4.580084151,0.18322809,0.000205065,0.014021282,0.001227081,0.015371919,0.973050272,0.997850844,0.047233928,0.334016144,0.299552172,0.999983549,0.464819759,0.998627901,98.03834892,-0.3670509,0.978879144,0.004591387,9.6e-09,0.999999642,0.999999642,1,0.001319659,0.999998093,4.37e-07,0.981824219,1.26e-17,0.934731841,0.999996424,0.999989867,14.90235013,1.285558745,0.225690693,0.438385755,0.337220371,0.288267672,0.853178501,0.281075835,0.210679188,4.76e-07,0.005097298,0.632243574,0.846688509,0.845939815,0.990891039,0.338985205,0.99417901,0.934951127,0.049281694,0.059201967,0.411548167,0.884494543,0.962024152,0.012938474,0.984810412,0.179182589,0.000332066,0.001514553,0.033055346,6.68e-05,1.1e-05,0.137077257,0.004657842,0.081,0.006
"374","cid42642645","COc1cc2c(Oc3ccc(NC(=O)C4(C(=O)Nc5ccc(F)cc5)CC4)cc3F)ccnc2cc1OCCCN1CCOCC1",632.24,10,2,111.25,14,6,10,12,0,34,0,0,0.15,0.324,78.578,0,0,1,1,-4.377865705,2.876321478,2.91303763,9.406444216,7.059253244,-5.177224603,0.546386123,0.524086118,5.11e-05,4.65e-06,1.7e-05,5.6e-06,0.004955411,0.860955,0.996910393,5.48e-05,0.999998689,0.801413,0.970677316,88.29443133,0.561195893,10.30321298,6.87e-05,0.000958638,0.11233779,0.019510174,2.53e-09,0.000210559,0.008176112,0.00087956,0.999915004,1.02e-05,5.9e-16,0.999998331,0.987377107,4.04566287,0.972602537,0.925464034,0.947124541,0.875944138,0.794938922,0.60454458,0.055695415,0.690825164,2.59e-08,0.001925173,0.55358398,0.863433778,0.834544301,0.523329079,0.501577258,0.991979599,0.992103696,0.16175206,0.304874212,0.896995842,0.987280905,0.045633581,0.018173473,0.812305391,0.678804934,0.004591417,0.000215474,0.999747097,0.957948446,0.208156154,0.997289538,0.994329274,0.437,0.062
"375","cid104741","CC12CCC3c4ccc(O)cc4CC(CCCCCCCCC[S+]([O-])CCCC(F)(F)C(F)(F)F)C3C1CCC2O",606.32,3,2,63.52,15,4,17,9,0,20,7,1,0.127,0.812,101.379,1,1,1,1,-5.087688363,4.346229489,5.792677291,8.538190316,5.47875134,-5.083997549,0.024942016,0.000299703,0.601631641,0.059159219,0.994969422,0.999196662,0.999916825,0.001128635,0.924134076,0.102733389,0.699448287,0.007533414,0.995729744,98.71606791,0.118456079,1.175310243,0.996607542,0.949989855,0.534188807,0.217927635,0.017107474,3.32e-06,0.373122871,0.079403348,0.912127733,0.001542225,0.102841526,0.999999046,0.709123015,7.75557289,0.886508739,0.168111145,0.10548427,0.120539613,0.59982121,0.999954224,0.999999404,0.488513887,0.000156326,0.122403562,0.999824822,0.07131654,0.004830212,0.061834201,3.52e-05,0.000678908,0.050992992,0.039682426,9.98e-05,0.999276936,0.000477809,0.079308651,0.012098094,0.70784384,0.915258944,0.827153921,0.007819514,0.889136195,0.004347855,0.205494747,0.941923738,0.206318095,0.766,0.004
"376","cid123631","COc1cc2ncnc(Nc3ccc(F)c(Cl)c3)c2cc1OCCCN1CCOCC1",446.15,7,1,68.74,8,4,10,9,0,23,0,0,0.518,0.364,47.6,0,1,1,0,-5.141416537,3.605673207,4.276212507,9.221513316,6.458756969,-4.910654797,0.841898978,0.336307079,0.068046317,5.39e-05,0.000500321,0.000256121,0.055771291,0.993678272,0.99936527,0.973642051,0.999998689,0.049259629,0.945933163,89.40280632,0.409093964,10.53118269,0.39093554,0.000695297,0.572581589,0.001354127,6.66e-05,0.980064571,0.975456297,0.558565497,0.999976516,0.314238876,4.47e-09,0.999943137,0.997036695,6.422201222,0.843885931,0.89863956,0.970844805,0.608231187,0.736204505,0.647250056,0.458427787,0.678282499,2.32e-05,0.152197465,0.769675732,0.761232793,0.965023994,0.449870586,0.422848195,0.98562485,0.751971543,0.254040331,0.368562788,0.86675024,0.981868148,0.15329048,0.13566044,0.764937639,0.599396229,0.023546798,0.020639338,0.975738823,0.847904921,0.303134203,0.987905622,0.931935847,0.085,0.006
"377","cid60750","Nc1ccn(C2OC(CO)C(O)C2(F)F)c(=O)n1",263.07,7,4,110.6,2,2,6,9,0,12,3,1,0.612,0.556,53.571,0,0,0,0,-0.367639794,-1.471200384,-1.574899032,10.20037038,3.691913228,-5.421008197,0.970304787,5.35e-05,0.020713022,0.609762043,0.262734652,0.894390255,0.516847044,0.000254924,0.029227262,0.000714045,0.002935506,0.163183197,0.637351215,27.10471118,0.100397945,73.44938844,0.231100246,7.59e-08,0.739918888,9.59e-07,0.999988437,1.42e-07,0.993567526,0.003747788,0.999964356,6.92e-06,3.01e-05,2.86e-05,0.015588206,4.948082553,1.790771982,0.052085627,0.881492794,0.782290697,0.358739227,0.164159387,0.553378522,0.585330904,7.57e-05,0.509324312,0.719564438,0.767095685,0.968201578,0.802070022,0.503173888,0.460351706,0.999476135,0.106774904,0.029428795,0.249699563,0.002537969,0.005794885,0.000871837,0.004617541,0.25343138,0.008296987,1.94e-05,0.1407267,0.001578899,7.22e-05,0.000129563,0.838658035,0.008,0
"378","cid3503","Cc1cc2c(C(C)C)c(O)c(O)c(C=O)c2c(O)c1-c1c(C)cc2c(C(C)C)c(O)c(O)c(C=O)c2c1O",518.19,8,6,155.52,5,4,10,8,0,24,0,1,0.131,0.267,32,1,0,1,1,-4.237602125,2.767431746,3.394727632,5.340711251,3.506824695,-5.282284354,0.830584526,0.008320199,8.04e-05,0.059345007,0.973573666,0.993149014,0.999237802,0.998889863,0.911384821,0.004272401,0.998545408,0.000163891,0.999999404,98.12854838,-0.003434717,0.897904993,0.820773125,6.01e-07,0.000158408,0.919001698,0.99921608,6.2e-10,0.005359487,4.67e-07,0.919215381,0.762632787,5.87e-08,0.999983788,0.756376922,8.325406838,1.829003775,0.053553838,0.803702354,0.368415475,0.564051628,0.886181653,0.940786242,0.5205881,0.002293039,0.886381745,0.942391694,0.578321517,0.048650611,0.911705315,0.233622044,0.821026444,0.912462473,0.057448644,0.91072613,0.676134109,0.712894738,0.00265272,0.053069502,0.268315375,0.471656859,0.296541274,0.397678047,0.968562365,0.939552963,0.990103483,0.999825895,0.992376804,0.712,0.003
"379","cid441298","CC(C)=CCCC1(C)C(CC=C(C)C)CC2(CC=C(C)C)C(=O)C1(C(=O)C(C)C)C(=O)C(CC=C(C)C)=C2O",536.39,4,1,71.44,11,2,8,4,0,17,4,1,0.211,0.629,56.561,1,1,1,1,-6.123086582,5.171829309,7.892261548,9.414418079,3.754667456,-4.651176131,0.376160949,0.994495451,6.17e-07,2.71e-05,0.00150919,0.000169635,0.328813612,0.999879837,0.997303963,5.98e-05,0.999677896,3.69e-05,0.998084068,91.89584717,0.171900682,9.590908636,1.68e-07,0.999999762,0.999996781,0.982908964,5.16e-06,4.15e-05,5.95e-08,0.203406274,0.891694605,0.999331117,2.34e-05,0.999961972,0.999996185,5.992638848,0.664183605,0.016625812,0.11299707,0.141355306,0.834835708,0.174102977,0.652661502,0.242994517,1.21e-05,0.003594123,0.871434927,0.613799334,0.072602153,0.749597311,0.529756784,0.637343466,0.894312263,0.011817903,0.130415559,0.046495412,0.008946382,0.000817565,0.001311761,0.000209975,0.098484226,0.001519023,0.000388169,0.232230395,0.000216671,0.050497532,0.412869453,0.016243702,0.92,0.015
"380","cid24821094","C=CC(=O)N1CCCC(n2nc(-c3ccc(Oc4ccccc4)cc3)c3c(N)ncnc32)C1",440.2,8,2,99.16,6,5,9,8,0,30,1,0,0.467,0.2,86.667,0,0,1,0,-4.425632432,3.238864768,3.592111393,9.355952021,6.075974534,-5.131788966,6.19e-05,0.884954333,0.053573769,5.13e-06,0.000630677,0.008738399,0.266843438,0.953715503,0.992828429,0.829334557,0.999896884,0.203597799,0.956520379,96.69501902,0.963557401,2.863238674,2.87e-05,0.853671312,0.000133899,0.701704383,0.410052866,0.001236626,0.056079924,0.015837213,0.00058381,0.01768853,2.37e-06,0.999997973,0.913144946,4.604610398,0.55223843,0.517976642,0.992563546,0.855733275,0.471054792,0.970600963,0.244054809,0.862855613,4.28e-08,0.10114076,0.919797242,0.859173119,0.995820165,0.859403372,0.829163909,0.589147568,0.99982965,0.113934077,0.517282248,0.972337008,0.079993747,0.01584661,0.07190875,0.23474057,0.511114717,0.020301579,0.399272859,0.993086874,0.716469586,0.014631597,0.528161347,0.545129597,0.455,0.133
"381","cid3690","O=P1(NCCCl)OCCCN1CCCl",260.02,4,1,41.57,5,1,6,7,0,7,1,1,0.606,1,17,0,0,0,0,-0.904514111,0.843374749,0.802681398,6.614881296,4.579052086,-5.362652425,0.564360857,0.012941604,0.00261291,4.77e-05,0.000112176,1.31e-05,8.24e-05,0.223361045,0.004730931,8.53e-07,0.999672294,0.000679415,0.79866451,2.700459285,-0.148505758,99.87952896,1,3.02e-05,1,7.58e-06,0.824289978,0.000123437,5.32e-05,0.000531713,0.999998927,0.01290189,0.999999762,4.52e-05,0.944866598,4.896256043,1.997641711,0.000914974,0.913660765,0.998898387,0.991924584,0.689156711,0.952039957,0.999700546,0.002121153,0.476258457,0.998582363,0.997276008,0.999672413,0.181457296,0.99432677,0.99964273,1,0.008050255,0.024581222,0.346451551,2.76e-05,0.028866256,2.5e-05,0.024176676,0.014689818,0.000396375,0.001193015,0.589690268,0.001420893,6.24e-05,0.000487347,0.003892666,0.003,0.005
"382","cid5291","Cc1ccc(NC(=O)c2ccc(CN3CCN(C)CC3)cc2)cc1Nc1nccc(-c2cccnc2)n1",493.26,8,2,86.28,8,5,6,8,0,31,0,0,0.389,0.241,57.778,0,0,1,0,-3.044672732,2.821539803,2.593681588,7.790531439,7.50779684,-5.37856022,7.35e-05,0.98730731,0.969892502,0.000139236,0.006528735,0.002236724,0.032797217,0.003851461,0.000690332,0.897423208,0.999862313,0.030725233,0.999551952,92.46780001,0.474565274,6.110428971,0.999705613,0.015536995,0.188885361,0.00030336,0.000207204,0.99962914,0.000827865,0.281793088,0.999996305,0.815107107,4.02e-11,0.787476838,0.301830769,2.740151941,0.912452619,0.994781911,0.994486988,0.535774469,0.639304876,0.944896102,0.618905783,0.454619437,1.52e-09,0.029057242,0.945134997,0.886997819,0.981145918,0.586845517,0.392269105,0.98698473,0.998902082,0.312707365,0.302387267,0.876605511,0.999508739,0.009756643,1.18e-05,0.006192465,0.400755674,1.37e-05,6.23e-05,0.961447775,0.151125371,0.006541595,0.548353493,0.087967411,0.226,0.794
"383","cid2949965","CC(Nc1nc(N2CCCC2)nc2ccccc12)c1ccccc1",318.18,4,1,41.05,4,4,10,4,0,22,1,0,0.774,0.3,62.846,0,1,1,0,-5.078270614,4.011418029,4.64978586,10.45797544,5.839502879,-4.728272861,0.002672501,0.99122566,0.003030764,3.1e-06,0.00139457,0.017102778,0.308778584,0.880165458,0.896970332,0.197756246,0.998000562,0.993769109,0.985497952,99.06975611,0.30787972,0.560277857,0.072927929,0.986065149,0.175269037,0.963104665,0.000456642,0.970053911,0.000319441,0.877610385,0.884903014,0.998990476,0.201231971,0.921871364,0.99167645,6.04972125,0.710805073,0.692272305,0.674064696,0.418693095,0.367028415,0.62615943,0.080998838,0.581925929,2.31e-06,0.214908987,0.68762958,0.814094126,0.937624097,0.610094011,0.502884269,0.800645649,0.755873203,0.077868223,0.550544977,0.700551033,0.276858687,0.046514578,0.027989957,0.010061,0.419496298,0.001976799,0.071207583,0.40236026,0.101131484,0.085128605,0.156832904,0.607994974,0.419,0.004
"384","cid216468","NS(=O)(=O)c1ccc(S(=O)(=O)Nc2cccc3c(Cl)c[nH]c23)cc1",385,7,4,122.12,4,3,9,10,0,20,0,0,0.637,0,21,0,0,0,0,-3.367233193,1.87883382,1.696340601,7.38510846,2.825281811,-4.80833836,0.793755233,0.441200405,0.003677218,5.29e-05,0.000271022,0.003088653,0.01595819,0.501522124,0.9229877,0.009306201,0.971787989,0.822473049,0.837771297,98.69761143,-0.253140034,0.126003856,0.00183309,0.699217439,0.138878062,0.995427728,0.97203213,0.020195723,0.00017043,0.767565966,0.24868378,0.72909534,2.05e-08,0.805690348,0.921699166,0.181258578,0.740053331,0.182793766,0.999998331,0.03172392,0.239532977,0.489182323,0.002903365,0.363172472,9.23e-07,0.042119451,0.031980842,0.966210544,0.024180293,0.457106531,0.395265371,0.111392245,0.999981999,0.07963977,0.109319165,0.329594105,0.007740525,0.190576926,0.023785552,1.72e-05,0.07639204,0.001414406,0.000117197,0.065106027,2.06e-05,1.71e-05,0.75254631,0.000120169,0.427,0
"385","cid151289","CN1c2ccccc2C(=O)N2CCc3c([nH]c4ccccc34)C21",303.14,4,1,39.34,0,5,21,4,0,26,1,1,0.692,0.211,81.522,0,0,0,0,-3.659317526,2.625356317,2.57504695,9.193482582,5.38260538,-4.620031284,0.321196228,0.863040686,0.724387825,0.014263928,0.023596346,0.359779954,0.942820515,0.981622338,0.992916465,0.95354867,0.9977355,0.637131631,0.705391884,94.7221172,0.235561866,5.478685691,0.999634147,0.913755298,0.990657449,0.516050398,0.702314138,0.000871217,0.402605891,0.926423967,0.999157906,0.941218376,0.032020401,0.015498488,0.997606993,7.665723836,1.145384676,0.272668391,0.846437097,0.484197855,0.732725739,0.641901851,0.812980175,0.463867426,0.000133356,0.34887135,0.943917513,0.81908083,0.860080123,0.852623701,0.503774285,0.84585458,0.97530669,0.085138291,0.091329239,0.304994851,0.763046086,0.007102186,0.000882534,0.069920182,0.582114756,0.004644759,0.000475226,0.047058199,0.013193226,0.010801582,0.02415603,0.546483219,0.372,0.222
"386","cid638278","O=C(C=Cc1ccc(O)cc1)c1ccc(O)cc1O",256.07,4,3,77.76,3,2,6,4,0,14,0,0,0.583,0,12,0,0,0,0,-3.451673225,2.723765789,2.748150043,8.581750243,5.697735766,-4.874817582,0.381807268,0.068025135,0.044592947,0.003764212,0.466714144,0.852143377,0.99169678,0.983550966,0.996864855,0.691200972,0.289816976,0.011013426,0.542375982,95.83547157,-0.248799798,6.135519038,0.044983014,0.984069288,0.000323677,0.898242533,0.998724282,0.999681473,0.999974847,0.998704195,8.18e-06,0.99862349,1.79e-08,1,0.18615517,5.324048455,1.497112739,0.196071744,0.056078058,0.521411836,0.143542111,0.526601374,0.970118284,0.166202337,0.12694189,0.997493625,0.636969984,0.450639635,0.47946617,0.204940811,0.02995747,0.162556365,0.517566681,0.070912331,0.426001549,0.81120652,0.900756955,0.025610059,0.154995382,0.420892447,0.98642391,0.961731851,0.314239115,0.998119414,0.528969288,0.985724807,0.999232888,0.994156241,0.923,1
"387","cid72967","O=C(NO)c1ccncc1",138.04,4,2,62.22,2,1,6,4,0,7,0,0,0.43,0,5,0,0,0,1,-0.680908966,-0.308861877,-0.555330696,8.77329362,3.811364696,-4.777996549,0.626807332,0.028649909,0.520546973,0.019360602,0.019516826,0.335239768,0.621518075,0.627979696,0.234606788,0.369238108,0.023685826,0.065616809,0.188023701,25.64506513,-0.036365322,69.05715728,0.002023502,0.051259305,9.95e-06,0.039075829,0.02119967,0.002160643,0.006757559,0.011857316,0.024627447,0.007690165,7.11e-06,0.052672692,0.035208754,6.872206035,1.665119113,0.182391033,0.986501873,0.977239013,0.311856091,0.082553744,0.994087219,0.81564647,6.47e-05,0.829389989,0.429512441,0.821427107,0.091156483,0.138092026,0.78567344,0.894392073,0.990714431,0.13947548,0.004894062,0.435158998,0.346113056,0.003425468,0.00036381,0.000979884,0.336049587,0.000928937,0.000194926,0.276139826,0.388507754,0.000185499,0.003878424,0.011482758,0,0
"388","cid5311037","CCn1c(=O)c2c(nc(C=Cc3ccc(OC)c(OC)c3)n2C)n(CC)c1=O",384.18,8,0,80.28,6,3,9,8,0,19,0,0,0.65,0.35,20,0,0,0,0,-4.239048928,2.819335777,2.814753246,8.738593988,5.507972806,-4.981995503,0.000280612,0.085314356,0.03499553,2.54e-05,0.000113249,8.77e-05,0.002015233,0.489240974,0.890868843,0.054370072,0.99999404,0.96090275,0.986656547,89.71015347,0.183333077,9.685249753,0.997648776,0.001291492,0.998596966,0.003552494,0.270486414,0.000194864,0.911935985,0.043325868,0.991341293,0.0736349,0.998943508,0.451693207,0.967428267,5.62977414,1.14606996,0.327920884,0.813988149,0.718997836,0.356377691,0.55571425,0.93530035,0.578076541,0.000223107,0.09633749,0.74818629,0.729045928,0.956844509,0.624210894,0.377493173,0.660181999,0.86608839,0.119796678,0.190079212,0.55592823,0.976468325,0.003478647,2.79e-05,0.013773804,0.127068743,2.08e-05,1.84e-07,0.085126989,0.805286765,0.000323734,0.000469499,0.001565299,0.183,0.991
"389","cid55283","CCC(C)n1ncn(-c2ccc(N3CCN(c4ccc(OCC5COC(Cn6cncn6)(c6ccc(Cl)cc6Cl)O5)cc4)CC3)cc2)c1=O",704.24,12,0,104.7,11,7,6,14,0,40,3,0,0.174,0.371,128.375,1,0,1,1,-4.906629219,4.293392273,5.745059274,10.30835877,6.089507396,-4.935292534,2.01e-06,0.972303987,0.238549381,0,2.48e-05,0.00014627,0.000154734,0.643802643,0.072674341,0.052433282,1,0.002845411,0.999475896,99.14478772,0.160510366,0.405687405,0.708477795,0.000179829,1.43e-10,0.000239746,1.73e-10,1.05e-09,5.14e-08,0.965548038,1,1,7.85e-17,1.45e-11,0.999997497,6.005706856,0.353513067,0.991103888,0.999712884,0.868630588,0.909111857,0.771510541,0.001575378,0.92054683,1.47e-15,3.31e-07,0.781601608,0.948817909,0.999382019,0.987165213,0.782556951,0.970386386,0.999999642,0.317156821,0.923020542,0.998694003,0.831692457,0.005087033,3.73e-07,0.168473974,0.017224332,0.000109519,1.04e-06,0.882429123,9.88e-05,0.000652712,0.002450202,6.48e-05,0.85,0.009
"390","cid208908","CS(=O)(=O)CCNCc1ccc(-c2ccc3ncnc(Nc4ccc(OCc5cccc(F)c5)c(Cl)c4)c3c2)o1",580.13,8,2,106.35,11,5,10,11,0,30,0,0,0.179,0.172,29,0,0,1,1,-5.155365137,3.471384172,4.545369577,8.739471152,7.060042571,-5.304086482,0.999216557,0.164794698,1.13e-06,0.052289844,0.996400167,0.99452372,0.000821888,0.999149442,0.998175383,0.004962015,0.999999404,2.27e-07,0.952121437,98.97852844,0.133340501,0.69357393,0.01117782,0.93008852,0.000301674,0.167361662,0.650658011,0.018034406,0.942494392,0.98100543,0.999323726,0.990328252,3.16e-08,0.999999881,0.99195379,3.810675177,0.684956811,0.860384881,0.999649644,0.762547255,0.433182031,0.856888771,0.024742052,0.489598036,2.28e-07,0.018463781,0.346477777,0.931930125,0.903201342,0.763647914,0.593926132,0.984748185,0.999741733,0.099898458,0.411833972,0.822785378,0.031489141,0.00338901,0.005971065,0.000369387,0.489996403,0.004392439,0.000580978,0.706492603,0.000412465,0.996296823,0.375232488,0.000764448,0.998,0.605
"391","cid9823820","COc1cc2nccc(Oc3ccc(NC(=O)NC4CC4)c(Cl)c3)c2cc1C(N)=O",426.11,8,4,115.57,8,4,10,9,0,22,0,0,0.549,0.19,51.52,0,0,1,0,-4.548736448,2.805479551,2.893529575,8.982379051,6.440785242,-5.345405571,0.874214172,0.054331612,0.213111773,0.002723157,0.00022465,0.004886687,0.250920355,0.998165667,0.999962687,0.006986519,0.994008422,0.000223166,0.805447817,98.82114002,-0.032716632,1.061232218,0.976235032,0.958857417,0.055689976,0.707696497,0.030570144,5.84e-05,0.625558317,0.392437011,0.671402037,0.999737799,5.01e-06,0.99729687,0.568721116,1.22120755,1.745852887,0.637291372,0.996025562,0.711957753,0.433530092,0.79944098,0.198329598,0.534965813,7.4e-09,0.056825977,0.716218293,0.894904673,0.820723474,0.631400347,0.828930438,0.783883989,0.996993661,0.158926964,0.282145858,0.74961412,0.549107432,0.014293357,0.001323403,0.004985062,0.027188729,0.002202218,9.24e-05,0.783992589,0.000290613,0.007073665,0.934636652,0.13589026,0.598,0.264
"392","cid6917907","CCC(C=CC1OC(=O)C=CC1C)=CC(C)CC=CC(C)=CC(C)C(=O)C(C)C(O)C(C)CC(C)=CC(=O)O",540.35,6,2,100.9,15,1,6,6,0,14,7,1,0.135,0.545,33.255,1,0,1,1,-4.494194358,4.694602426,6.457220342,6.075525774,2.154437398,-5.065760355,0.99300319,0.000272184,0.002364351,1.86e-05,0.000607491,0.001324475,0.07914418,0.27813375,0.925392985,8.24e-07,0.998582363,0.003683722,0.999961853,87.87902196,-0.558296259,9.862130186,0.008449924,7.24e-06,0.511682034,9.77e-05,0.998273253,8.02e-09,1.33e-07,0.000227144,0.390251011,1.15e-06,0.744176328,0.963552833,0.456241608,3.324599458,0.913059696,0.063756377,0.590122283,0.085484654,0.469117224,0.708898067,0.602768481,0.126347393,7.76e-05,0.057548959,0.364409208,0.424813479,0.579679966,0.90804255,0.164397925,0.915076911,0.628975391,0.038907874,0.009233654,0.214246914,1.78e-06,9.81e-05,0.00398331,2.77e-05,0.108047478,0.000432708,0.004383144,0.908857644,5.97e-06,0.64424783,0.001925022,0.014250726,0.657,0.087
"393","cid11485656","Cc1ccc(F)c(NC(=O)Nc2ccc(-c3cccc4[nH]nc(N)c34)cc2)c1",375.15,6,5,95.83,5,4,9,7,0,23,0,0,0.41,0.048,22,0,0,1,0,-6.186242177,3.859333137,4.161034086,10.22622221,3.7766959,-5.006443394,0.991852701,0.431935191,0.037843592,0.002944946,0.045685887,0.011738479,0.821963415,0.999806106,0.999777973,1.7e-06,0.99989748,0.000941723,0.9265697,98.56525676,0.026312747,1.057779253,0.000360332,0.999290586,6.1e-06,0.693295419,0.079998456,0.012627678,0.000649487,0.02107932,0.788381994,0.997743845,2.86e-12,1,0.523382843,3.281095926,0.766136362,0.514984667,0.998835623,0.877889872,0.482565939,0.730738163,0.181754991,0.503738105,5.41e-07,0.494147241,0.688327909,0.905510128,0.96560818,0.723437607,0.82496202,0.945820928,0.999923468,0.17111893,0.14695771,0.712041914,0.999714315,0.007677459,0.000181031,0.18432644,0.146795332,0.000335072,7.25e-05,0.959291399,0.007241075,0.054899849,0.999290466,0.253303677,0.998,0.883
"394","cid11640390","CC1(O)CC(c2nc(-c3ccc4ccc(-c5ccccc5)nc4c3)c3c(N)nccn23)C1",421.19,6,3,89.33,3,6,10,6,0,31,0,0,0.436,0.192,72.258,0,0,1,0,-5.196400288,3.325523328,3.981419691,10.4486545,6.103997317,-4.847612576,0.293346286,0.019218663,0.018561359,1.56e-05,0.002349198,0.021911085,0.33580178,0.966615677,0.995601654,0.253239632,0.998407066,0.318192095,0.909039676,97.44497519,0.466645944,2.771100898,0.04594129,0.235074207,0.028458185,0.001397427,0.996202409,0.006065827,0.039636236,0.018411465,0.009812208,0.22015807,0.000103667,0.99422437,0.896259308,5.010007976,1.455177549,0.675141096,0.935266554,0.929809034,0.67076987,0.962830424,0.023594758,0.868358493,3.68e-11,0.008070752,0.884435058,0.925436676,0.985161424,0.958004117,0.744556546,0.975122571,0.999260962,0.181682378,0.408817977,0.885333359,0.844804525,0.192277953,0.159913361,0.790470064,0.635161579,0.033541385,0.905417621,0.980664372,0.451512247,0.44669202,0.998871505,0.898362994,0.698,0.805
"395","cid3025944","Nc1nc(OCc2cc(Br)cs2)c2[nH]cnc2n1",324.96,6,3,89.71,3,3,9,8,0,15,0,0,0.771,0.1,15,0,0,0,0,-3.882164436,2.63335986,2.503405027,9.082324872,3.932006611,-4.83948313,0.327571243,0.157417208,0.002754857,0.122733712,0.134240866,0.636066347,0.25477916,0.774712086,0.934484959,0.019229829,0.877425492,0.265425384,0.553812444,93.87635448,-0.101037611,6.122446632,0.427406669,0.999975681,0.002232534,0.854847491,0.001380508,0.029331286,0.002296524,0.989007592,0.927820802,0.932814121,0.023664264,0.999998689,0.778743386,6.918924729,0.937215008,0.18862468,0.990478516,0.463571042,0.651839256,0.690090418,0.229568511,0.687819421,0.000288466,0.765280902,0.679654896,0.7782498,0.657767713,0.510668695,0.288573503,0.269878894,0.984371603,0.092806064,0.179520637,0.415085793,0.700229168,0.01422191,9.01e-05,0.02864488,0.402069062,0.001080983,0.000443937,0.691627204,0.003065937,0.000790344,0.099789262,0.06920702,0.246,0.112
"396","cid53232","CCC(C)C(=O)OC1CC(C)C=C2C=CC(C)C(CCC3CC(O)CC(=O)O3)C21",404.26,5,1,72.83,7,3,10,5,0,19,8,1,0.672,0.75,49.524,0,1,1,0,-4.630851975,3.899306587,4.05921428,7.669470732,4.838561853,-4.828422719,0.250856787,0.947923779,0.715793431,0.038587034,0.646771878,0.991699535,0.999052397,0.975463867,0.9693923,0.247477084,0.998175859,0.668230116,0.995013058,94.82391228,0.189852603,5.447553901,0.004445408,6.15e-05,0.842100084,0.00340528,0.002457267,2.94e-05,3.82e-07,0.999942303,0.999775946,1.8e-07,0.164487302,0.99273479,0.994759858,6.403700691,0.827054086,0.292210907,0.385972738,0.243909568,0.091551974,0.838121653,0.853957832,0.271034479,0.000153691,0.032041363,0.167499527,0.874177575,0.834093809,0.958659828,0.352009237,0.979361475,0.023348529,0.110700607,0.066791669,0.208756298,1.47e-05,0.021697734,8.32e-05,0.025288034,0.5634045,0.001581722,3.89e-05,0.002788889,4.95e-06,1.36e-06,0.000533079,0.000546143,0.287,0.001
"397","cid6438330","CCCCC(C)C=C(C)C=C(C)C(=O)NC1=CC(O)(C=CC=CC=CC(=O)NC2=C(O)CCC2=O)C2OC2C1=O",550.27,9,4,145.33,14,3,7,9,0,22,4,1,0.165,0.419,53.455,0,0,1,1,-4.990837114,4.16676328,4.845350973,7.609506061,4.920400521,-5.26579421,0.879065871,0.646884263,0.012759602,0.941913456,0.361358941,0.998282783,0.995472637,0.636971474,0.999662161,0.000205087,0.985359073,8.51e-05,0.938052773,98.50561357,-0.124165561,1.585218077,3e-05,0.000472072,0.002292842,0.001432277,0.020761138,2.49e-07,4.57e-06,0.000283706,0.001144408,7.78e-05,3.01e-06,0.28774184,0.573328018,2.807996272,0.973315365,0.12845099,0.878993809,0.557776213,0.441324413,0.623559296,0.663315892,0.128270388,8.46e-08,0.093284711,0.811019659,0.667165101,0.306259423,0.693860531,0.485431612,0.785803139,0.880135179,0.239080504,0.395667851,0.43560797,0.000878023,8.86e-05,0.000647317,0.007116367,0.004498068,0.000104224,9e-05,0.999912381,6.78e-05,0.993281245,0.865947485,0.815040648,0.772,0.07
"398","cid24797083","O=C(c1ccccc1O)c1[nH]c(Cl)c(Cl)c1-n1c(C(=O)c2ccccc2O)cc(Cl)c1Cl",507.96,6,3,95.32,5,4,6,10,0,24,0,0,0.275,0,26,1,0,1,1,-6.180711935,3.624938842,5.75222281,7.95628233,0.842808461,-5.048637565,0.146322742,0.797105849,0.000174855,2.5e-06,1.07e-06,0.000745952,0.403560042,0.999732196,0.999953985,0.007292076,0.999952078,0.867496073,0.107951902,99.24169877,-0.616945086,0.294254959,0.159176916,0.993901014,0.004449237,0.995960891,0.515529156,0.012179823,0.004038028,0.021588173,0.007024546,0.625320971,2.77e-07,0.999750078,0.709856749,3.569714327,0.726919503,0.062408082,0.883108795,0.666814446,0.471527696,0.939624012,0.98700279,0.157268256,0.002187299,0.97127974,0.999970317,0.440150261,0.257382721,0.857412696,0.41585198,0.862102628,0.956985235,0.469350636,0.907102883,0.955711007,0.861831963,0.059223861,0.008274935,0.644001126,0.950593352,0.287988484,0.347655594,0.825664282,0.070343003,0.601667941,0.999166965,0.504229128,1,0.026
"399","cid10074640","Cc1ccc(NC(=O)c2ccc(CN3CCN(C)CC3)cc2)cc1Nc1nc(-c2cccnc2)cs1",498.22,7,2,73.39,8,5,6,8,0,30,0,0,0.362,0.25,57.943,0,0,1,0,-3.447744414,3.020495885,2.969191094,9.062850358,7.741574027,-5.315451987,0.000557431,0.987886548,0.959237874,0.001519024,0.047217369,0.04479146,0.02293694,0.001537386,0.000426326,0.008515432,0.999709308,0.124198131,0.99894315,96.46855602,0.522510302,3.94971332,0.975263715,0.975802362,0.514636755,0.420102298,5e-08,0.999998689,0.000372994,0.371078044,0.999389887,0.999411106,2.15e-13,0.936013997,0.690340996,3.386919698,0.63495026,0.984753251,0.99693656,0.62213552,0.631347418,0.878600419,0.709117651,0.389795303,1.12e-08,0.018634846,0.970924258,0.881449461,0.96594888,0.641846299,0.414860696,0.98182112,0.999456465,0.23107633,0.169373915,0.78155148,0.999955297,0.007893885,0.000802954,0.346580446,0.469808757,3.36e-05,0.013996228,0.995445251,0.689776838,0.348362118,0.986403942,0.489566147,0.897,0.879
"400","cid126941","CN(Cc1cnc2nc(N)nc(N)c2n1)c1ccc(C(=O)NC(CCC(=O)O)C(=O)O)cc1",454.17,13,7,210.54,10,3,10,13,0,20,1,0,0.295,0.25,42,1,0,1,0,-3.937672325,0.533531877,-2.1628702,1.601359555,4.234386521,-5.956894472,0.999328971,4.1e-07,0.244634807,4.73e-05,4.53e-06,6.39e-05,0.000339746,0.005752185,0.940347731,4.29e-05,0.00018313,1.21e-05,0.99335587,47.35380793,-0.366008433,44.30383492,5.78e-08,4.73e-17,2.29e-08,2.13e-18,0.819539845,1.39e-15,4.21e-10,1.28e-14,2.54e-08,1.55e-16,6.08e-22,4.86e-09,0.000339566,1.974661816,2.925979725,0.033830848,0.999490142,0.086786583,0.368861556,0.908530235,0.032891307,0.464994252,7.1e-13,0.006316256,0.510280311,0.961553276,0.875435174,0.980188847,0.908899426,0.986910403,0.999957919,0.490215391,0.036612265,0.399864286,0.004909507,2.94e-06,0.000122634,0.000321489,0.207377061,0.000213415,0.112180062,0.199861676,6.33e-05,7.62e-05,0.000175374,0.999591291,0.045,0.186
"401","cid5746","COC12C(COC(N)=O)C3=C(C(=O)C(C)=C(N)C3=O)N1CC1NC12",334.13,9,5,146.89,4,4,13,9,0,19,4,1,0.411,0.533,63.304,0,0,0,0,-2.866237086,-0.019961953,-0.555834163,10.67358469,3.418671681,-5.628515158,0.941724122,0.001609694,0.910656989,0.072487354,0.060435116,0.103141606,0.257120669,0.125854045,0.654782057,0.000137497,0.016275797,0.003633136,0.98672694,21.28321527,-0.102878131,77.13456425,4.57e-05,0.045994427,0.033636671,0.001277751,1.37e-06,0.841935098,5.4e-05,0.013408332,0.893081486,0.000270416,1.01e-08,0.989173889,0.775797009,6.4171028,1.218329148,0.0807366,0.731797814,0.964968383,0.762110472,0.56164062,0.384876102,0.981181443,2.06e-09,0.000704676,0.047053006,0.908850074,0.876345873,0.778686941,0.90818423,0.777233541,0.999999881,0.320009112,0.00816871,0.424387753,0.168665186,0.000334436,0.002698687,0.044492301,0.050346568,0.173714563,0.000108067,0.669665575,0.032153148,0.130279705,0.039391518,0.999667048,0.031,0.002
"402","cid25062766","N#CCNC(=O)c1ccc(-c2ccnc(Nc3ccc(N4CCOCC4)cc3)n2)cc1",414.18,8,2,103.17,7,4,6,8,0,26,0,0,0.598,0.217,45.714,0,0,1,0,-3.003635718,2.273186818,1.948537348,8.068924448,5.372581717,-5.069235322,0.238559425,0.022645025,0.009497912,2.3e-05,0.039380908,0.088545084,0.97973806,0.993960738,0.998609126,8.88e-05,0.999229193,8.86e-05,0.677274048,89.9672283,0.249453629,7.708824149,0.000658658,0.181408733,0.022340789,0.000902169,3.19e-06,5.82e-05,0.008489685,0.049882423,0.354234785,2.47e-06,7.05e-11,0.985144615,0.049596742,3.588938105,0.613759026,0.845608354,0.996314347,0.798469961,0.539167523,0.488105088,0.026696939,0.781222999,7.75e-08,0.339247108,0.892929077,0.919056892,0.948792756,0.691072345,0.238174856,0.969633102,0.999569476,0.229298458,0.123208947,0.768597901,0.415237665,0.003545892,0.011565899,0.010320961,0.838478625,0.001451495,0.004285009,0.997189343,0.097277515,0.000998349,0.209299967,0.03994162,0.453,0.56
"403","cid5281672","O=c1c(O)c(-c2cc(O)c(O)c(O)c2)oc2cc(O)cc(O)c12",318.04,8,6,151.59,1,3,10,8,0,18,0,1,0.371,0,20,0,0,0,0,-3.442944828,1.082597217,1.115211661,6.263342114,1.438171675,-6.453767402,0.802631378,0.020515971,0.134826198,0.318059921,0.559783876,0.993408364,0.998276943,0.876393855,0.996716559,0.993010819,0.136009216,0.000454077,0.793854654,97.23073304,-0.851366377,2.265440697,0.326380581,0.002221005,3.85e-07,0.995218813,0.004364188,0.000198649,0.997719586,0.998531342,4.98e-11,1.27e-05,7e-16,0.999999762,0.996453643,6.77493043,1.629168859,0.040222973,0.839328051,0.657129467,0.443332583,0.864024997,0.995917499,0.501711786,0.493143857,0.998903275,0.652477503,0.325381428,0.000876808,0.473624498,0.014666163,0.003110142,0.994630218,0.00725507,0.938488781,0.489190072,0.964158058,0.133203611,0.071753889,0.643166542,0.786587954,0.575115621,0.477612913,0.899284422,0.039699521,0.843429923,0.996692419,0.916261733,0.909,0.358
"404","cid54613361","Cc1c(C(C(Cl)Cl)C(O)C2CC(C)C(=O)O2)ccc2c1C(=O)C1C2CC(Br)C23OC(COC2O)CC13C",616.06,7,2,102.29,4,6,18,10,0,30,11,1,0.387,0.704,182.609,0,0,1,1,-4.862532502,2.996113701,2.891300315,8.414947784,5.2894174,-5.006568392,0.995518804,7e-06,0.00010153,1.19e-07,1.19e-07,1.19e-07,0.847440183,0.817377985,0.991490066,1.05e-05,0.999941945,0.051846638,0.997479498,94.81787897,0.124815015,3.823496894,7.6e-06,3.41e-05,0.765564859,0.002305157,0.000355112,4.03e-05,3.05e-07,0.001404584,0.995491803,0.000516977,2.91e-07,0.818972945,0.858977258,2.669252936,2.583277735,0.289119899,0.984404743,0.934799373,0.959854186,0.981358826,0.891535878,0.555713415,7.87e-16,7.21e-07,0.634389758,0.926129818,0.995087445,0.999774396,0.181299537,0.91324687,0.990365744,0.493373007,0.598692536,0.973014593,5.48e-06,0.02172255,1.03e-07,1.38e-05,0.054700427,1.83e-06,3.84e-08,0.007456627,3.44e-06,7.45e-07,4.32e-05,0.000436952,0.196,0.003
"405","cid72376","O=C1NC2C(=CC(O)C(O)C2O)c2cc3c(c(O)c21)OCO3",307.07,8,5,128.48,0,4,17,8,0,21,4,1,0.403,0.357,81.105,0,0,0,0,-2.64265769,0.597347109,-0.205559793,7.933747116,4.998888837,-6.031089033,0.993516326,0.000265609,0.636387885,0.48080647,0.112086713,0.175276101,0.797895625,0.482621253,0.840934515,0.013950842,0.055456262,0.099081054,0.584769726,72.38609896,-0.413597492,28.09803702,0.005156425,0.000924455,0.006267695,0.008782861,0.424177468,0.00893044,0.002104446,0.003132945,0.000368828,0.007165536,2.95e-07,0.01983851,0.324799806,2.823702061,1.927680476,0.042704083,0.749760151,0.686143398,0.424446732,0.662923157,0.031705286,0.559162438,1.21e-06,0.166072518,0.398562282,0.653448284,0.600913823,0.910907388,0.294980705,0.427564293,0.989342332,0.276025683,0.223583221,0.420088083,0.72287786,0.190687835,0.045265786,0.002158108,0.419869781,0.025459349,3.56e-05,0.058387481,0.012320331,0.026538821,0.116160944,0.11205475,0.158,0.002
"406","cid2828334","CN1C(=O)C(Cc2c[nH]c3ccccc23)NC1=S",259.08,4,2,48.13,2,3,9,5,0,17,1,0,0.802,0.231,50,0,0,0,0,-2.965638278,2.255975408,1.990667906,10.99498872,4.458329475,-5.041229542,0.61715591,0.264386863,0.020281132,0.008959234,0.088558257,0.066058636,0.44368273,0.690118492,0.839042425,0.000197744,0.939879656,0.117158964,0.588620603,52.94838975,-0.05686295,46.11209068,0.305992573,0.955370009,0.941290975,0.493763179,0.74558419,0.00468334,0.277594,0.886165917,0.382902712,0.200835928,0.065255627,0.920578957,0.958099306,7.203845603,2.739658156,0.026468994,0.965867341,0.496462822,0.80183655,0.726930618,0.185737595,0.567833722,4.24e-06,0.162049159,0.599202693,0.390987515,0.910996616,0.221444592,0.086366512,0.061999369,0.999844432,0.046486314,0.062413551,0.477203578,0.858351827,0.000405617,0.00032367,0.095270768,0.050828323,0.000467081,0.0003093,0.162685588,0.159059748,0.011914439,0.010789055,0.163494751,0.704,0.41
"407","cid1239801","N=C1SC(=Cc2cn[nH]c2-c2ccc(F)cc2)C(=O)N1c1nccs1",371.03,6,2,85.73,3,4,6,9,0,24,0,0,0.687,0,42,0,0,0,0,-4.428385397,2.926421844,2.514387309,7.33181571,3.12945646,-5.196844715,0.203426316,0.448198766,3.37e-06,0.192898393,0.034918964,0.228780985,0.05753541,0.859972417,0.903122067,8.06e-07,0.999930739,0.49778983,0.555946648,97.07858852,0.060967154,2.555782715,0.002381969,0.999996781,5.9e-07,0.999999285,0.057019044,0.757485867,0.058321271,0.998811483,0.00366241,0.999948502,1.67e-11,1,0.700364888,3.967937569,0.678896141,0.353142321,0.998850942,0.537689626,0.855078995,0.748736262,0.971103907,0.77858448,4.86e-07,0.165613309,0.99217695,0.854700446,0.671928287,0.466031492,0.398955286,0.9671911,0.999904871,0.10473869,0.096664235,0.82423085,0.583596051,0.004799754,4.77e-05,0.001773256,0.117794394,1.99e-05,0.000314506,0.832599342,0.008242133,0.00260823,0.207481533,0.006520918,0.985,0.997
"408","cid1566236","COc1nccnc1NS(=O)(=O)c1ccc(NC(=O)C=Cc2ccc([N+](=O)[O-])s2)cc1",461.05,11,2,153.42,9,3,6,13,0,22,0,0,0.295,0.056,20,0,0,1,0,-4.454858276,2.556097456,2.293408235,6.941019068,1.649700262,-5.107477477,0.98397404,0.031292934,0.000246167,0.004706442,0.017867804,0.015389442,0.689923376,0.18116881,0.9696154,0.000107103,0.992328584,0.001098745,0.99533385,99.03009681,-0.580194399,0.5879816,3.88e-06,0.214008689,0.147123098,0.97805059,0.15225926,1.31e-05,2.36e-06,0.902954876,0.9631446,0.028128874,2.48e-16,0.767430604,0.000876162,0.377066993,1.240450157,0.053261902,0.999999881,0.600500584,0.173710138,0.071411707,0.976350725,0.483919501,2.36e-06,0.074867278,0.142692089,0.563082159,9.45e-05,0.064149842,0.24531804,0.076181039,1,0.059307095,0.009636287,0.36182633,0.005084143,0.038340922,0.004889562,2.73e-07,0.000735988,1.08e-07,0.000117476,0.468974888,9.08e-07,2.72e-05,0.033870153,0.002879925,1,0.957
"409","cid3011155","COc1nc(N)nc2c1ncn2C1OC(CO)C(O)C1O",297.11,10,5,148.77,3,3,9,10,0,15,4,0,0.506,0.545,62.471,0,0,0,0,-1.497579788,-0.243685461,-0.619628289,9.921959032,3.71992981,-5.86177579,0.965471029,4.42e-05,0.797227442,0.957731463,0.088615716,0.866539076,0.896783203,0.004768458,0.428903759,0.048757695,0.002258674,0.145614341,0.860388041,24.79268037,0.64974987,70.50137524,0.000154562,2.48e-06,0.001017526,2.83e-05,0.153363436,1.67e-05,0.000126331,0.000102251,0.01525145,0.026648981,4.41e-06,0.015813077,0.181155667,8.460687231,2.044037314,0.052855827,0.96777302,0.669166684,0.496947736,0.298949689,0.201546982,0.477720946,5.26e-08,0.117532521,0.38991639,0.854636967,0.930389345,0.957738578,0.605511189,0.595926583,0.991122723,0.151987553,0.103709087,0.374411166,0.052871276,0.020564597,3.62e-05,0.000111204,0.015766289,1.19e-05,1.5e-06,0.12496946,0.000119813,9.84e-05,0.000175646,0.109543204,0.108,0.001
"410","cid16115403","CCCC1CC(OC)CC(C)CC2CC(OC(=O)C=CCCc3coc(C=CCNC(=O)OC)n3)CC(CC(=O)O1)O2",590.32,11,1,135.42,14,3,14,11,0,26,6,1,0.215,0.677,69.231,1,0,1,1,-5.100161535,3.809426882,4.455020873,7.925871287,5.14053958,-4.911420645,0.000983424,0.782931924,0.000618369,0.000624597,0.003943443,0.148817658,0.559839904,0.424456567,0.995076597,0.00524358,0.999938488,0.665091336,0.996671438,90.29652041,0.226254491,4.893358398,0.006170825,0.026820213,0.999998212,0.000160659,0.964762509,2.12e-08,0.039283678,0.999425888,0.576469958,6.89e-08,0.999123991,0.980135024,0.541660249,5.112589025,0.722505491,0.398068786,0.494782269,0.402818948,0.093709134,0.693487525,0.998818576,0.193396464,2.69e-05,0.026776606,0.015444871,0.670028985,0.778461516,0.710454404,0.054545276,0.953623712,0.110120602,0.073831797,0.071086504,0.286303192,0.000170348,1.29e-05,1.83e-05,4.73e-05,0.777252555,5.14e-05,4.34e-08,0.62352711,0.001558855,1.74e-06,9.33e-06,0.055669818,0.143,0.009
"411","cid9915743","CCOc1cc2ncc(C#N)c(Nc3ccc(OCc4ccccn4)c(Cl)c3)c2cc1NC(=O)C=CCN(C)C",556.2,9,2,112.4,12,4,10,10,0,26,0,0,0.218,0.2,24,0,0,1,1,-5.71057029,3.56552631,4.28782549,9.629590253,7.387454573,-5.782411119,0.992391407,0.005920626,1.45e-05,0.001100183,0.000915051,0.054502487,0.990196869,0.993970156,0.999790251,5.09e-07,0.99996686,0.000142269,0.438321978,99.05039413,0.868041006,0.929251019,0.916637599,0.876602113,0.139923155,0.92844516,0.707615554,0.00016177,0.994780481,0.989712119,0.999999642,0.049941007,4.24e-09,1,0.989501059,6.431879706,0.591355712,0.964228988,0.963048637,0.589913607,0.671655416,0.961213231,0.348810196,0.616719604,7.79e-08,0.008591316,0.949772239,0.92180407,0.79069221,0.74545902,0.308784217,0.909777999,0.934430122,0.282130271,0.31159094,0.898712039,0.977142274,0.074006297,0.019499628,0.612934291,0.050360736,0.002599951,0.000455894,0.998829305,0.02393147,0.971704781,0.999193609,0.999820054,0.836,0.226
"412","cid19582717","O=C(NC1CC1)c1cc(-c2cccs2)on1",234.05,4,1,55.13,4,3,5,5,0,14,0,0,0.886,0.273,34,0,0,0,0,-3.440772336,2.590931847,2.196509315,6.646802262,4.074752113,-4.631191323,0.801092744,0.487028092,0.746172845,0.5145832,0.381181717,0.790783629,0.960296541,0.701019883,0.831445158,0.733133912,0.949009717,0.10459514,0.32577765,95.12152952,-0.063599941,3.861092962,0.010813051,0.999371231,0.099290371,0.664791644,0.208832011,0.000819044,0.745763004,0.989922464,0.031355351,0.270393848,1.65e-06,0.99747473,0.994500279,2.293959997,1.104721092,0.264127791,0.999965906,0.647336364,0.334293574,0.807625532,0.297126234,0.277850628,0.000203915,0.272111058,0.997941434,0.985572398,0.175479576,0.798226774,0.756394327,0.914147735,0.999782503,0.148594633,0.067299657,0.566712379,0.812345684,0.109577373,0.551369488,0.248052895,0.845950782,0.05803632,0.327704847,0.919624209,0.84257865,0.233989656,0.792512357,0.363402009,0.279,0.964
"413","cid4477","O=C(Nc1ccc([N+](=O)[O-])cc1Cl)c1cc(Cl)ccc1O",325.99,6,2,92.47,4,2,6,8,0,14,0,0,0.661,0,14,0,0,1,0,-5.605460146,3.485312076,4.622843897,8.475169982,-0.61642808,-4.892167597,0.712617755,0.07597658,0.001865899,3.39e-05,0.000319481,0.007877648,0.07871002,0.933753908,0.972609818,0.035649538,0.997137308,0.025711272,0.999217153,99.31343676,-0.386376766,0.316650782,0.023034189,0.00657778,1.37e-05,0.088963933,0.170346633,0.000883124,0.01585169,0.021877894,0.005849323,0.214488909,4.36e-08,0.876190364,0.410365999,4.817836857,0.756380953,0.439590126,0.998681366,0.862505555,0.386927158,0.620268345,0.994956315,0.140528053,0.000289784,0.964873254,0.873975039,0.576957881,0.022626258,0.139971614,0.399115413,0.736839056,0.999988794,0.139977559,0.626477301,0.895090461,0.997691631,0.01005309,0.015019466,0.756146073,0.896329045,0.650631607,0.023434814,0.997784317,0.192694753,0.901531398,0.999937654,0.995686829,0.996,0.585
"414","cid644241","Cc1cn(-c2cc(NC(=O)c3ccc(C)c(Nc4nccc(-c5cccnc5)n4)c3)cc(C(F)(F)F)c2)cn1",529.18,8,2,97.62,8,5,6,11,0,30,0,0,0.266,0.107,30,0,0,1,1,-5.358158614,3.219836529,4.153193503,9.635355188,4.457077951,-5.159550111,0.027953453,0.997294486,0.007662284,1.43e-06,0.044165611,0.003379107,0.955391757,0.999504089,0.999955654,0.451469481,0.99999845,0.000155893,0.999618769,97.45794564,0.119133964,2.681457462,0.001604034,0.046202239,1.37e-06,0.002579252,0.97905308,0.018581958,0.613819659,0.999607384,0.999990702,0.000355941,1.91e-11,1,0.999833107,3.868082306,0.71968477,0.994725287,0.999948978,0.229336992,0.690101564,0.978919625,0.124546967,0.472204119,6.22e-14,0.005972169,0.619933724,0.967582762,0.998011231,0.976999223,0.572149813,0.995086133,0.999999881,0.694084704,0.845670283,0.942829669,0.998728693,0.014048336,1.57e-07,0.005348976,0.094217151,3.45e-06,2.45e-07,0.489461064,0.001285122,0.000271946,0.066423886,0.003677167,0.922,0.242
"415","cid135423438","COC(=O)c1ccc2c(C(=Nc3ccc(N(C)C(=O)CN4CCN(C)CC4)cc3)c3ccccc3)c(O)[nH]c2c1",539.25,9,2,101.47,9,5,9,9,0,31,0,0,0.272,0.258,63.949,0,0,1,1,-3.510084523,3.059794623,3.109815503,9.420579984,8.366166203,-5.430468041,0.989060879,0.210710451,0.040499128,0.002336383,0.040484309,0.060649216,0.981333904,0.992886603,0.999873281,0.031274624,0.998350024,0.068838604,0.995891213,97.66117593,0.922402376,2.087116683,0.972023666,0.014278316,0.102889486,0.000367868,0.001696313,4.59e-07,0.185623899,3.76e-05,0.010632218,1.9e-05,4.42e-13,0.214006543,0.999944329,1.965572488,1.034612171,0.770294785,0.957626164,0.413020939,0.61620307,0.879410386,0.594999969,0.279180884,1.73e-07,0.045139734,0.981208205,0.456217855,0.903358638,0.638644695,0.215167284,0.986197412,0.983690798,0.166085258,0.309475183,0.771366954,0.854315877,0.002855608,0.000603103,0.03704641,0.601843655,0.000412283,4.06e-06,0.092286557,0.45245555,0.006081622,0.092197396,0.079831935,0.617,0.216
"416","cid216345","COc1ccc(C2=NC(c3ccc(Cl)cc3)C(c3ccc(Cl)cc3)N2C(=O)N2CCNC(=O)C2)c(OC(C)C)c1",580.16,8,1,83.47,8,5,6,10,0,31,2,0,0.394,0.3,97.692,0,0,1,1,-4.636261966,3.609131748,4.133064639,8.378435389,5.986707836,-5.028157654,0.000286404,0.987558007,0.000241444,3.53e-05,6.4e-05,0.00218606,0.162987471,0.993415952,0.999539852,0.001272833,0.999999881,0.917940021,0.976379693,99.16882974,0.312172838,0.725621073,0.163033754,0.9832533,0.983960867,0.972832263,0.011818978,0.085208811,0.001145627,0.934710801,0.000107099,0.65279144,3.26e-05,0.992837608,0.988762915,2.966404955,1.270829495,0.739650071,0.963879406,0.132598117,0.358172506,0.772831619,0.459165365,0.499220401,3.09e-08,0.000790494,0.191243216,0.765182316,0.996229351,0.899301231,0.563791096,0.988672793,0.988565624,0.028341966,0.085001014,0.923186719,0.008323214,0.000243783,4.79e-07,9.63e-05,0.001729486,1.08e-06,9.2e-07,0.012310737,3.34e-07,0.000111491,0.00148799,5.47e-05,0.937,0.01
"417","cid16755649","COc1ccc(C2=NC(c3ccc(Cl)cc3)C(c3ccc(Cl)cc3)N2C(=O)N2CCNC(=O)C2)c(OC(C)C)c1",580.16,8,1,83.47,8,5,6,10,0,31,2,0,0.394,0.3,97.692,0,0,1,1,-4.636261966,3.609131748,4.133064639,8.378435389,5.986707836,-5.028157654,0.000286404,0.987558007,0.000241444,3.53e-05,6.4e-05,0.00218606,0.162987471,0.993415952,0.999539852,0.001272833,0.999999881,0.917940021,0.976379693,99.16882974,0.312172838,0.725621073,0.163033754,0.9832533,0.983960867,0.972832263,0.011818978,0.085208811,0.001145627,0.934710801,0.000107099,0.65279144,3.26e-05,0.992837608,0.988762915,2.966404955,1.270829495,0.739650071,0.963879406,0.132598117,0.358172506,0.772831619,0.459165365,0.499220401,3.09e-08,0.000790494,0.191243216,0.765182316,0.996229351,0.899301231,0.563791096,0.988672793,0.988565624,0.028341966,0.085001014,0.923186719,0.008323214,0.000243783,4.79e-07,9.63e-05,0.001729486,1.08e-06,9.2e-07,0.012310737,3.34e-07,0.000111491,0.00148799,5.47e-05,0.937,0.01
"418","cid11433190","COc1ccc(C2=NC(c3ccc(Cl)cc3)C(c3ccc(Cl)cc3)N2C(=O)N2CCNC(=O)C2)c(OC(C)C)c1",580.16,8,1,83.47,8,5,6,10,0,31,2,0,0.394,0.3,97.692,0,0,1,1,-4.636261966,3.609131748,4.133064639,8.378435389,5.986707836,-5.028157654,0.000286404,0.987558007,0.000241444,3.53e-05,6.4e-05,0.00218606,0.162987471,0.993415952,0.999539852,0.001272833,0.999999881,0.917940021,0.976379693,99.16882974,0.312172838,0.725621073,0.163033754,0.9832533,0.983960867,0.972832263,0.011818978,0.085208811,0.001145627,0.934710801,0.000107099,0.65279144,3.26e-05,0.992837608,0.988762915,2.966404955,1.270829495,0.739650071,0.963879406,0.132598117,0.358172506,0.772831619,0.459165365,0.499220401,3.09e-08,0.000790494,0.191243216,0.765182316,0.996229351,0.899301231,0.563791096,0.988672793,0.988565624,0.028341966,0.085001014,0.923186719,0.008323214,0.000243783,4.79e-07,9.63e-05,0.001729486,1.08e-06,9.2e-07,0.012310737,3.34e-07,0.000111491,0.00148799,5.47e-05,0.937,0.01
"419","cid11404337","COc1cc(=C2C=c3ccccc3=N2)[nH]c1=Cc1[nH]c(C)cc1C",317.15,4,2,53.17,2,4,9,4,0,22,0,1,0.728,0.15,42,0,1,0,0,-4.269999982,3.151993094,3.29164074,12.75678775,6.949154517,-4.89411263,0.075295307,0.871009529,0.181238636,2.84e-05,0.014536619,0.022511005,0.47650069,0.989619315,0.986947179,0.117795214,0.999963284,0.624907196,0.937709868,98.14774949,0.164152092,1.756162393,0.998825133,0.952135265,0.98019743,0.037504196,0.800496399,0.002937202,0.987804294,0.865830541,0.949900806,0.461681038,0.203730375,0.998456717,0.193292782,8.437500147,0.577277675,0.585764349,0.997345746,0.841325045,0.845704734,0.966169357,0.92757529,0.791565001,6.2e-09,0.400056779,0.996152699,0.973677874,0.893745065,0.894401073,0.974986672,0.985846102,0.999818623,0.432367265,0.568284333,0.905432165,0.997833908,0.026424196,0.000786026,0.390144557,0.402727395,0.017513232,0.000802432,0.642534494,0.30766198,0.231203735,0.943033993,0.241838992,0.993,0.997
"420","cid45356963","COc1cc(=C2C=c3ccccc3=N2)[nH]c1=Cc1[nH]c(C)cc1C",317.15,4,2,53.17,2,4,9,4,0,22,0,1,0.728,0.15,42,0,1,0,0,-4.269999982,3.151993094,3.29164074,12.75678775,6.949154517,-4.89411263,0.075295307,0.871009529,0.181238636,2.84e-05,0.014536619,0.022511005,0.47650069,0.989619315,0.986947179,0.117795214,0.999963284,0.624907196,0.937709868,98.14774949,0.164152092,1.756162393,0.998825133,0.952135265,0.98019743,0.037504196,0.800496399,0.002937202,0.987804294,0.865830541,0.949900806,0.461681038,0.203730375,0.998456717,0.193292782,8.437500147,0.577277675,0.585764349,0.997345746,0.841325045,0.845704734,0.966169357,0.92757529,0.791565001,6.2e-09,0.400056779,0.996152699,0.973677874,0.893745065,0.894401073,0.974986672,0.985846102,0.999818623,0.432367265,0.568284333,0.905432165,0.997833908,0.026424196,0.000786026,0.390144557,0.402727395,0.017513232,0.000802432,0.642534494,0.30766198,0.231203735,0.943033993,0.241838992,0.993,0.997
"421","cid66751253","COc1cc(=C2C=c3ccccc3=N2)[nH]c1=Cc1[nH]c(C)cc1C",317.15,4,2,53.17,2,4,9,4,0,22,0,1,0.728,0.15,42,0,1,0,0,-4.269999982,3.151993094,3.29164074,12.75678775,6.949154517,-4.89411263,0.075295307,0.871009529,0.181238636,2.84e-05,0.014536619,0.022511005,0.47650069,0.989619315,0.986947179,0.117795214,0.999963284,0.624907196,0.937709868,98.14774949,0.164152092,1.756162393,0.998825133,0.952135265,0.98019743,0.037504196,0.800496399,0.002937202,0.987804294,0.865830541,0.949900806,0.461681038,0.203730375,0.998456717,0.193292782,8.437500147,0.577277675,0.585764349,0.997345746,0.841325045,0.845704734,0.966169357,0.92757529,0.791565001,6.2e-09,0.400056779,0.996152699,0.973677874,0.893745065,0.894401073,0.974986672,0.985846102,0.999818623,0.432367265,0.568284333,0.905432165,0.997833908,0.026424196,0.000786026,0.390144557,0.402727395,0.017513232,0.000802432,0.642534494,0.30766198,0.231203735,0.943033993,0.241838992,0.993,0.997
"422","cid57353643","COc1cc(=C2C=c3ccccc3=N2)[nH]c1=Cc1[nH]c(C)cc1C",317.15,4,2,53.17,2,4,9,4,0,22,0,1,0.728,0.15,42,0,1,0,0,-4.269999982,3.151993094,3.29164074,12.75678775,6.949154517,-4.89411263,0.075295307,0.871009529,0.181238636,2.84e-05,0.014536619,0.022511005,0.47650069,0.989619315,0.986947179,0.117795214,0.999963284,0.624907196,0.937709868,98.14774949,0.164152092,1.756162393,0.998825133,0.952135265,0.98019743,0.037504196,0.800496399,0.002937202,0.987804294,0.865830541,0.949900806,0.461681038,0.203730375,0.998456717,0.193292782,8.437500147,0.577277675,0.585764349,0.997345746,0.841325045,0.845704734,0.966169357,0.92757529,0.791565001,6.2e-09,0.400056779,0.996152699,0.973677874,0.893745065,0.894401073,0.974986672,0.985846102,0.999818623,0.432367265,0.568284333,0.905432165,0.997833908,0.026424196,0.000786026,0.390144557,0.402727395,0.017513232,0.000802432,0.642534494,0.30766198,0.231203735,0.943033993,0.241838992,0.993,0.997
"423","cid46930997","COc1cc(=C2C=c3ccccc3=N2)[nH]c1=Cc1[nH]c(C)cc1C",317.15,4,2,53.17,2,4,9,4,0,22,0,1,0.728,0.15,42,0,1,0,0,-4.269999982,3.151993094,3.29164074,12.75678775,6.949154517,-4.89411263,0.075295307,0.871009529,0.181238636,2.84e-05,0.014536619,0.022511005,0.47650069,0.989619315,0.986947179,0.117795214,0.999963284,0.624907196,0.937709868,98.14774949,0.164152092,1.756162393,0.998825133,0.952135265,0.98019743,0.037504196,0.800496399,0.002937202,0.987804294,0.865830541,0.949900806,0.461681038,0.203730375,0.998456717,0.193292782,8.437500147,0.577277675,0.585764349,0.997345746,0.841325045,0.845704734,0.966169357,0.92757529,0.791565001,6.2e-09,0.400056779,0.996152699,0.973677874,0.893745065,0.894401073,0.974986672,0.985846102,0.999818623,0.432367265,0.568284333,0.905432165,0.997833908,0.026424196,0.000786026,0.390144557,0.402727395,0.017513232,0.000802432,0.642534494,0.30766198,0.231203735,0.943033993,0.241838992,0.993,0.997
"424","cid40637217","COc1cc(=C2C=c3ccccc3=N2)[nH]c1=Cc1[nH]c(C)cc1C",317.15,4,2,53.17,2,4,9,4,0,22,0,1,0.728,0.15,42,0,1,0,0,-4.269999982,3.151993094,3.29164074,12.75678775,6.949154517,-4.89411263,0.075295307,0.871009529,0.181238636,2.84e-05,0.014536619,0.022511005,0.47650069,0.989619315,0.986947179,0.117795214,0.999963284,0.624907196,0.937709868,98.14774949,0.164152092,1.756162393,0.998825133,0.952135265,0.98019743,0.037504196,0.800496399,0.002937202,0.987804294,0.865830541,0.949900806,0.461681038,0.203730375,0.998456717,0.193292782,8.437500147,0.577277675,0.585764349,0.997345746,0.841325045,0.845704734,0.966169357,0.92757529,0.791565001,6.2e-09,0.400056779,0.996152699,0.973677874,0.893745065,0.894401073,0.974986672,0.985846102,0.999818623,0.432367265,0.568284333,0.905432165,0.997833908,0.026424196,0.000786026,0.390144557,0.402727395,0.017513232,0.000802432,0.642534494,0.30766198,0.231203735,0.943033993,0.241838992,0.993,0.997
"425","cid11244031","COc1cc(=C2C=c3ccccc3=N2)[nH]c1=Cc1[nH]c(C)cc1C",317.15,4,2,53.17,2,4,9,4,0,22,0,1,0.728,0.15,42,0,1,0,0,-4.269999982,3.151993094,3.29164074,12.75678775,6.949154517,-4.89411263,0.075295307,0.871009529,0.181238636,2.84e-05,0.014536619,0.022511005,0.47650069,0.989619315,0.986947179,0.117795214,0.999963284,0.624907196,0.937709868,98.14774949,0.164152092,1.756162393,0.998825133,0.952135265,0.98019743,0.037504196,0.800496399,0.002937202,0.987804294,0.865830541,0.949900806,0.461681038,0.203730375,0.998456717,0.193292782,8.437500147,0.577277675,0.585764349,0.997345746,0.841325045,0.845704734,0.966169357,0.92757529,0.791565001,6.2e-09,0.400056779,0.996152699,0.973677874,0.893745065,0.894401073,0.974986672,0.985846102,0.999818623,0.432367265,0.568284333,0.905432165,0.997833908,0.026424196,0.000786026,0.390144557,0.402727395,0.017513232,0.000802432,0.642534494,0.30766198,0.231203735,0.943033993,0.241838992,0.993,0.997
"426","cid23725625","O=C(c1cc(Cc2n[nH]c(=O)c3ccccc23)ccc1F)N1CCN(C(=O)C2CC2)CC1",434.18,7,1,86.37,6,5,10,8,0,29,0,0,0.683,0.333,65.812,0,0,1,0,-2.798178679,1.529177297,1.134025017,6.926468497,4.455620987,-5.422412335,0.352233171,0.884608686,0.883832574,0.000973582,0.222976565,0.305288494,0.588881344,0.998607814,0.985697746,0.000359625,0.99989903,0.295373589,0.98452121,96.42388997,-0.277057311,3.263799643,0.054987039,0.999463022,0.995503724,0.921059668,0.849984288,5.59e-09,0.065684929,0.266300917,0.999992371,0.000327327,3.4e-08,0.931236804,0.99668014,4.567303695,0.854840174,0.730050504,0.883025944,0.468362838,0.700507522,0.802823663,0.028676799,0.317968369,5.87e-09,0.002402089,0.855632484,0.904016912,0.914258242,0.770208299,0.373247713,0.879022837,0.999915838,0.101173192,0.107585758,0.526789606,0.258634835,0.002584587,0.000328759,0.000265862,0.534314573,0.000795007,3.05e-05,0.925334692,0.040261555,0.017547635,0.000885767,0.000249088,0.027,0.01
"427","cid285033","COC(=O)CC(O)(CCCC(C)(C)O)C(=O)OC1C(OC)=CC23CCCN2CCc2cc4c(cc2C13)OCO4",545.26,10,2,123.99,11,5,20,10,0,26,4,1,0.448,0.655,148.75,0,0,1,1,-3.326590034,2.120691954,1.736394581,9.082215856,8.088777897,-4.975451995,0.184874877,0.016929653,0.133197546,7.68e-05,0.055125296,0.002930403,0.946256377,0.629122913,0.903398097,0.036536619,0.996791065,0.987419307,0.982471049,50.72306079,0.242200423,46.79195183,0.999832511,0.135574222,0.636868834,1.65e-05,0.450009048,0.0009478,0.271774054,0.999273956,0.998427868,0.038842477,0.001315109,0.006254534,0.988690853,6.417387178,0.842649927,0.243613079,0.034405328,0.332261384,0.196549177,0.899105549,0.90791434,0.761761725,2.91e-05,0.00510518,0.568098664,0.731884062,0.481970608,0.865438402,0.242423072,0.85414207,0.736305416,0.123739697,0.004887237,0.118764251,0.122093804,0.004578974,0.002899823,0.878563344,0.039039634,0.001545956,1.13e-05,0.053480841,0.092615545,0.242776975,0.395001084,0.995488465,0.007,0
"428","cid439501","CC1OC(OC2CC(O)C3(CO)C4C(O)CC5(C)C(C6=CC(=O)OC6)CCC5(O)C4CCC3(O)C2)C(O)C(O)C1O",584.28,12,8,206.6,4,6,17,12,0,32,15,1,0.14,0.897,121.964,1,0,1,1,-0.878676472,-0.801322271,-1.772815555,6.319452446,5.127986587,-6.948311683,0.999999762,1.02e-08,0.999835968,0.999815726,0.993609732,0.998244202,0.99976235,0.000339232,0.088243127,0.000164383,0.000765456,0.000110317,0.937490821,25.78975508,-0.634159872,82.77807941,5.55e-07,1.97e-12,0.003244329,1.11e-10,0.820044041,4.5e-10,1.59e-08,5.23e-07,0.216443971,4.2e-11,1.13e-09,0.001807839,1.32e-05,2.590169486,5.040983468,0.128046766,0.153590739,0.847097874,0.898512423,0.98633647,0.166791901,0.527323246,1.47e-13,2.75e-06,0.326432168,0.691565156,0.176592603,0.994427085,0.078756973,0.144827306,0.949409068,0.430923164,0.142740935,0.88991493,9.51e-07,0.12090569,9.33e-05,0.000489497,0.473051757,0.00157826,9.59e-08,0.005853428,0.000243866,6.31e-05,0.003259643,0.001613309,0.008,0
"429","cid45100481","CCCCCCCCCCC1C(=O)OC1CCc1ccc(OC)c(OC)c1",376.26,4,0,44.76,14,2,6,4,0,11,2,0,0.308,0.696,37.231,0,1,1,0,-5.302155082,4.117336041,6.058389227,8.483084198,3.656383986,-4.996348667,0.000561962,0.640475631,0.047133002,0.517706394,0.437452793,0.766449451,0.685450047,0.959188163,0.999976754,0.593988121,0.99859482,0.002908824,0.918076694,99.25562778,0.379025673,0.471105439,5.61e-05,0.413099945,0.959870756,0.005300673,0.99270165,0.00041212,0.946895063,0.999991417,0.994774699,0.359590441,0.968814373,0.999994397,0.702927649,4.347876452,0.691847256,0.54170692,0.710155129,0.134589404,0.089362942,0.364182442,0.971123099,0.338914007,0.348970294,0.915508449,0.445362329,0.69450289,0.235382169,0.546263337,0.31637305,0.802701116,0.000259366,0.053796452,0.346698761,0.230370596,0.012681274,0.030324105,0.000170747,0.005408475,0.223076969,0.000968364,0.001018518,0.02966263,0.000522754,0.028630368,0.151586309,0.003353151,0.556,0.007
"430","cid135928012","O=C(C=Cc1ccc(C(=O)NN=Cc2ccc(O)c(O)c2O)cc1)NO",357.1,9,6,151.48,7,2,6,9,0,16,0,0,0.155,0,14,0,0,0,0,-3.852847358,0.630934525,0.347491977,7.96969529,3.641295557,-5.685099988,0.998003304,1.35e-05,0.877636909,0.001580358,0.982726797,0.913414136,0.994892461,0.06338913,0.996092379,9.49e-08,5.22e-06,3.13e-06,0.009850163,79.88304157,-0.054556732,22.71790726,2.22e-07,1.67e-11,3.51e-11,2.46e-05,3.37e-06,6.26e-13,5.97e-09,1.73e-08,7.69e-08,4.1e-10,2.81e-23,0.999879599,4.37e-06,5.103918251,1.9895423,0.109319814,0.988864064,0.99704808,0.184192136,0.22458382,0.999948263,0.83560288,9.97e-08,0.13031961,0.083716117,0.534556389,0.00157529,0.452259958,0.208440915,0.131709576,0.999990225,0.024672054,0.162614629,0.832542121,0.968558192,0.007728068,0.019235013,0.000959082,0.21424605,0.001031289,0.000715146,0.661705613,0.430406719,0.022326326,0.288189262,0.859309077,1,1
"431","cid26596","CCCCc1ccc2nc(NC(=O)OC)[nH]c2c1",247.13,5,2,67.01,6,2,9,5,0,11,0,0,0.872,0.385,11,0,1,0,0,-4.412504938,3.298354749,3.222053787,10.15301606,4.221471693,-4.892133124,0.018632846,0.538043082,0.215188518,0.339726448,0.352369487,0.995843782,0.993183396,0.998109579,0.997855723,0.045629986,0.608564496,0.37025407,0.545937538,98.99711262,0.136039982,0.753360726,0.999040663,3.39e-06,0.641150951,0.000139578,0.997563243,1.09e-06,0.000536853,3.97e-05,0.942894101,0.001258033,3.6e-08,0.996348619,0.660279632,2.743837618,0.812070294,0.57475692,0.991689563,0.382642806,0.416028053,0.768464029,0.798239231,0.519286752,3.43e-06,0.831451952,0.754647434,0.563480377,0.434277743,0.5947932,0.773064911,0.951986909,0.776706278,0.216388002,0.956847668,0.949861109,0.998673677,0.890918612,0.805687368,0.274812937,0.947174132,0.005632383,0.044053659,0.983015716,0.957164526,0.022732148,0.877093315,0.999934077,0.198,0.95
"432","cid7251185","C=C1C(=O)OC2C1CCC(C)=CCCC1(C)OC21",248.14,3,0,38.83,0,3,14,3,0,18,4,1,0.286,0.667,47.52,0,0,0,0,-3.111874775,2.337723643,2.084730325,7.630348207,5.100724583,-4.502815572,0.357589751,0.690708339,0.008783454,0.159423351,0.117111146,0.443940997,0.615217209,0.931300998,0.982386112,0.007303224,0.972351074,0.378468722,0.773115814,91.26847762,0.342163618,7.087479246,0.054286856,0.030351778,0.83611542,0.004251738,0.319374084,0.002894805,0.049380261,0.180350915,0.138635531,0.033274479,0.880063832,0.381389648,0.626338005,5.153381742,2.026577854,0.025804671,0.716882288,0.330813438,0.217982441,0.528369248,0.931511104,0.71099937,0.129264235,0.833690166,0.122080252,0.663257718,0.587336898,0.637614131,0.285593271,0.200507492,0.114962302,0.097237974,0.132340252,0.180478081,0.000655243,0.00278805,0.001199106,0.017244168,0.063163802,0.002170906,0.021588964,0.892666161,0.021214416,0.149941593,0.003733419,0.709414899,0.07,0
"433","cid6473881","C=C1C(=O)OC2C1CCC(C)=CCCC1(C)OC21",248.14,3,0,38.83,0,3,14,3,0,18,4,1,0.286,0.667,47.52,0,0,0,0,-3.111874775,2.337723643,2.084730325,7.630348207,5.100724583,-4.502815572,0.357589751,0.690708339,0.008783454,0.159423351,0.117111146,0.443940997,0.615217209,0.931300998,0.982386112,0.007303224,0.972351074,0.378468722,0.773115814,91.26847762,0.342163618,7.087479246,0.054286856,0.030351778,0.83611542,0.004251738,0.319374084,0.002894805,0.049380261,0.180350915,0.138635531,0.033274479,0.880063832,0.381389648,0.626338005,5.153381742,2.026577854,0.025804671,0.716882288,0.330813438,0.217982441,0.528369248,0.931511104,0.71099937,0.129264235,0.833690166,0.122080252,0.663257718,0.587336898,0.637614131,0.285593271,0.200507492,0.114962302,0.097237974,0.132340252,0.180478081,0.000655243,0.00278805,0.001199106,0.017244168,0.063163802,0.002170906,0.021588964,0.892666161,0.021214416,0.149941593,0.003733419,0.709414899,0.07,0
"434","cid5420804","C=C1C(=O)OC2C1CCC(C)=CCCC1(C)OC21",248.14,3,0,38.83,0,3,14,3,0,18,4,1,0.286,0.667,47.52,0,0,0,0,-3.111874775,2.337723643,2.084730325,7.630348207,5.100724583,-4.502815572,0.357589751,0.690708339,0.008783454,0.159423351,0.117111146,0.443940997,0.615217209,0.931300998,0.982386112,0.007303224,0.972351074,0.378468722,0.773115814,91.26847762,0.342163618,7.087479246,0.054286856,0.030351778,0.83611542,0.004251738,0.319374084,0.002894805,0.049380261,0.180350915,0.138635531,0.033274479,0.880063832,0.381389648,0.626338005,5.153381742,2.026577854,0.025804671,0.716882288,0.330813438,0.217982441,0.528369248,0.931511104,0.71099937,0.129264235,0.833690166,0.122080252,0.663257718,0.587336898,0.637614131,0.285593271,0.200507492,0.114962302,0.097237974,0.132340252,0.180478081,0.000655243,0.00278805,0.001199106,0.017244168,0.063163802,0.002170906,0.021588964,0.892666161,0.021214416,0.149941593,0.003733419,0.709414899,0.07,0
"435","cid4692","C=C1C(=O)OC2C1CCC(C)=CCCC1(C)OC21",248.14,3,0,38.83,0,3,14,3,0,18,4,1,0.286,0.667,47.52,0,0,0,0,-3.111874775,2.337723643,2.084730325,7.630348207,5.100724583,-4.502815572,0.357589751,0.690708339,0.008783454,0.159423351,0.117111146,0.443940997,0.615217209,0.931300998,0.982386112,0.007303224,0.972351074,0.378468722,0.773115814,91.26847762,0.342163618,7.087479246,0.054286856,0.030351778,0.83611542,0.004251738,0.319374084,0.002894805,0.049380261,0.180350915,0.138635531,0.033274479,0.880063832,0.381389648,0.626338005,5.153381742,2.026577854,0.025804671,0.716882288,0.330813438,0.217982441,0.528369248,0.931511104,0.71099937,0.129264235,0.833690166,0.122080252,0.663257718,0.587336898,0.637614131,0.285593271,0.200507492,0.114962302,0.097237974,0.132340252,0.180478081,0.000655243,0.00278805,0.001199106,0.017244168,0.063163802,0.002170906,0.021588964,0.892666161,0.021214416,0.149941593,0.003733419,0.709414899,0.07,0
"436","cid5420805","C=C1C(=O)OC2C1CCC(C)=CCCC1(C)OC21",248.14,3,0,38.83,0,3,14,3,0,18,4,1,0.286,0.667,47.52,0,0,0,0,-3.111874775,2.337723643,2.084730325,7.630348207,5.100724583,-4.502815572,0.357589751,0.690708339,0.008783454,0.159423351,0.117111146,0.443940997,0.615217209,0.931300998,0.982386112,0.007303224,0.972351074,0.378468722,0.773115814,91.26847762,0.342163618,7.087479246,0.054286856,0.030351778,0.83611542,0.004251738,0.319374084,0.002894805,0.049380261,0.180350915,0.138635531,0.033274479,0.880063832,0.381389648,0.626338005,5.153381742,2.026577854,0.025804671,0.716882288,0.330813438,0.217982441,0.528369248,0.931511104,0.71099937,0.129264235,0.833690166,0.122080252,0.663257718,0.587336898,0.637614131,0.285593271,0.200507492,0.114962302,0.097237974,0.132340252,0.180478081,0.000655243,0.00278805,0.001199106,0.017244168,0.063163802,0.002170906,0.021588964,0.892666161,0.021214416,0.149941593,0.003733419,0.709414899,0.07,0
"437","cid5353864","C=C1C(=O)OC2C1CCC(C)=CCCC1(C)OC21",248.14,3,0,38.83,0,3,14,3,0,18,4,1,0.286,0.667,47.52,0,0,0,0,-3.111874775,2.337723643,2.084730325,7.630348207,5.100724583,-4.502815572,0.357589751,0.690708339,0.008783454,0.159423351,0.117111146,0.443940997,0.615217209,0.931300998,0.982386112,0.007303224,0.972351074,0.378468722,0.773115814,91.26847762,0.342163618,7.087479246,0.054286856,0.030351778,0.83611542,0.004251738,0.319374084,0.002894805,0.049380261,0.180350915,0.138635531,0.033274479,0.880063832,0.381389648,0.626338005,5.153381742,2.026577854,0.025804671,0.716882288,0.330813438,0.217982441,0.528369248,0.931511104,0.71099937,0.129264235,0.833690166,0.122080252,0.663257718,0.587336898,0.637614131,0.285593271,0.200507492,0.114962302,0.097237974,0.132340252,0.180478081,0.000655243,0.00278805,0.001199106,0.017244168,0.063163802,0.002170906,0.021588964,0.892666161,0.021214416,0.149941593,0.003733419,0.709414899,0.07,0
"438","cid108068","C=C1C(=O)OC2C1CCC(C)=CCCC1(C)OC21",248.14,3,0,38.83,0,3,14,3,0,18,4,1,0.286,0.667,47.52,0,0,0,0,-3.111874775,2.337723643,2.084730325,7.630348207,5.100724583,-4.502815572,0.357589751,0.690708339,0.008783454,0.159423351,0.117111146,0.443940997,0.615217209,0.931300998,0.982386112,0.007303224,0.972351074,0.378468722,0.773115814,91.26847762,0.342163618,7.087479246,0.054286856,0.030351778,0.83611542,0.004251738,0.319374084,0.002894805,0.049380261,0.180350915,0.138635531,0.033274479,0.880063832,0.381389648,0.626338005,5.153381742,2.026577854,0.025804671,0.716882288,0.330813438,0.217982441,0.528369248,0.931511104,0.71099937,0.129264235,0.833690166,0.122080252,0.663257718,0.587336898,0.637614131,0.285593271,0.200507492,0.114962302,0.097237974,0.132340252,0.180478081,0.000655243,0.00278805,0.001199106,0.017244168,0.063163802,0.002170906,0.021588964,0.892666161,0.021214416,0.149941593,0.003733419,0.709414899,0.07,0
"439","cid5702252","C=C1C(=O)OC2C1CCC(C)=CCCC1(C)OC21",248.14,3,0,38.83,0,3,14,3,0,18,4,1,0.286,0.667,47.52,0,0,0,0,-3.111874775,2.337723643,2.084730325,7.630348207,5.100724583,-4.502815572,0.357589751,0.690708339,0.008783454,0.159423351,0.117111146,0.443940997,0.615217209,0.931300998,0.982386112,0.007303224,0.972351074,0.378468722,0.773115814,91.26847762,0.342163618,7.087479246,0.054286856,0.030351778,0.83611542,0.004251738,0.319374084,0.002894805,0.049380261,0.180350915,0.138635531,0.033274479,0.880063832,0.381389648,0.626338005,5.153381742,2.026577854,0.025804671,0.716882288,0.330813438,0.217982441,0.528369248,0.931511104,0.71099937,0.129264235,0.833690166,0.122080252,0.663257718,0.587336898,0.637614131,0.285593271,0.200507492,0.114962302,0.097237974,0.132340252,0.180478081,0.000655243,0.00278805,0.001199106,0.017244168,0.063163802,0.002170906,0.021588964,0.892666161,0.021214416,0.149941593,0.003733419,0.709414899,0.07,0
"440","cid5320420","C=C1C(=O)OC2C1CCC(C)=CCCC1(C)OC21",248.14,3,0,38.83,0,3,14,3,0,18,4,1,0.286,0.667,47.52,0,0,0,0,-3.111874775,2.337723643,2.084730325,7.630348207,5.100724583,-4.502815572,0.357589751,0.690708339,0.008783454,0.159423351,0.117111146,0.443940997,0.615217209,0.931300998,0.982386112,0.007303224,0.972351074,0.378468722,0.773115814,91.26847762,0.342163618,7.087479246,0.054286856,0.030351778,0.83611542,0.004251738,0.319374084,0.002894805,0.049380261,0.180350915,0.138635531,0.033274479,0.880063832,0.381389648,0.626338005,5.153381742,2.026577854,0.025804671,0.716882288,0.330813438,0.217982441,0.528369248,0.931511104,0.71099937,0.129264235,0.833690166,0.122080252,0.663257718,0.587336898,0.637614131,0.285593271,0.200507492,0.114962302,0.097237974,0.132340252,0.180478081,0.000655243,0.00278805,0.001199106,0.017244168,0.063163802,0.002170906,0.021588964,0.892666161,0.021214416,0.149941593,0.003733419,0.709414899,0.07,0
"441","cid11972532","C=C1C(=O)OC2C1CCC(C)=CCCC1(C)OC21",248.14,3,0,38.83,0,3,14,3,0,18,4,1,0.286,0.667,47.52,0,0,0,0,-3.111874775,2.337723643,2.084730325,7.630348207,5.100724583,-4.502815572,0.357589751,0.690708339,0.008783454,0.159423351,0.117111146,0.443940997,0.615217209,0.931300998,0.982386112,0.007303224,0.972351074,0.378468722,0.773115814,91.26847762,0.342163618,7.087479246,0.054286856,0.030351778,0.83611542,0.004251738,0.319374084,0.002894805,0.049380261,0.180350915,0.138635531,0.033274479,0.880063832,0.381389648,0.626338005,5.153381742,2.026577854,0.025804671,0.716882288,0.330813438,0.217982441,0.528369248,0.931511104,0.71099937,0.129264235,0.833690166,0.122080252,0.663257718,0.587336898,0.637614131,0.285593271,0.200507492,0.114962302,0.097237974,0.132340252,0.180478081,0.000655243,0.00278805,0.001199106,0.017244168,0.063163802,0.002170906,0.021588964,0.892666161,0.021214416,0.149941593,0.003733419,0.709414899,0.07,0
"442","cid6708471","C=C1C(=O)OC2C1CCC(C)=CCCC1(C)OC21",248.14,3,0,38.83,0,3,14,3,0,18,4,1,0.286,0.667,47.52,0,0,0,0,-3.111874775,2.337723643,2.084730325,7.630348207,5.100724583,-4.502815572,0.357589751,0.690708339,0.008783454,0.159423351,0.117111146,0.443940997,0.615217209,0.931300998,0.982386112,0.007303224,0.972351074,0.378468722,0.773115814,91.26847762,0.342163618,7.087479246,0.054286856,0.030351778,0.83611542,0.004251738,0.319374084,0.002894805,0.049380261,0.180350915,0.138635531,0.033274479,0.880063832,0.381389648,0.626338005,5.153381742,2.026577854,0.025804671,0.716882288,0.330813438,0.217982441,0.528369248,0.931511104,0.71099937,0.129264235,0.833690166,0.122080252,0.663257718,0.587336898,0.637614131,0.285593271,0.200507492,0.114962302,0.097237974,0.132340252,0.180478081,0.000655243,0.00278805,0.001199106,0.017244168,0.063163802,0.002170906,0.021588964,0.892666161,0.021214416,0.149941593,0.003733419,0.709414899,0.07,0
"443","cid73759808","C=C1C(=O)OC2C1CCC(C)=CCCC1(C)OC21",248.14,3,0,38.83,0,3,14,3,0,18,4,1,0.286,0.667,47.52,0,0,0,0,-3.111874775,2.337723643,2.084730325,7.630348207,5.100724583,-4.502815572,0.357589751,0.690708339,0.008783454,0.159423351,0.117111146,0.443940997,0.615217209,0.931300998,0.982386112,0.007303224,0.972351074,0.378468722,0.773115814,91.26847762,0.342163618,7.087479246,0.054286856,0.030351778,0.83611542,0.004251738,0.319374084,0.002894805,0.049380261,0.180350915,0.138635531,0.033274479,0.880063832,0.381389648,0.626338005,5.153381742,2.026577854,0.025804671,0.716882288,0.330813438,0.217982441,0.528369248,0.931511104,0.71099937,0.129264235,0.833690166,0.122080252,0.663257718,0.587336898,0.637614131,0.285593271,0.200507492,0.114962302,0.097237974,0.132340252,0.180478081,0.000655243,0.00278805,0.001199106,0.017244168,0.063163802,0.002170906,0.021588964,0.892666161,0.021214416,0.149941593,0.003733419,0.709414899,0.07,0
"444","cid23631982","C=C1C(=O)OC2C1CCC(C)=CCCC1(C)OC21",248.14,3,0,38.83,0,3,14,3,0,18,4,1,0.286,0.667,47.52,0,0,0,0,-3.111874775,2.337723643,2.084730325,7.630348207,5.100724583,-4.502815572,0.357589751,0.690708339,0.008783454,0.159423351,0.117111146,0.443940997,0.615217209,0.931300998,0.982386112,0.007303224,0.972351074,0.378468722,0.773115814,91.26847762,0.342163618,7.087479246,0.054286856,0.030351778,0.83611542,0.004251738,0.319374084,0.002894805,0.049380261,0.180350915,0.138635531,0.033274479,0.880063832,0.381389648,0.626338005,5.153381742,2.026577854,0.025804671,0.716882288,0.330813438,0.217982441,0.528369248,0.931511104,0.71099937,0.129264235,0.833690166,0.122080252,0.663257718,0.587336898,0.637614131,0.285593271,0.200507492,0.114962302,0.097237974,0.132340252,0.180478081,0.000655243,0.00278805,0.001199106,0.017244168,0.063163802,0.002170906,0.021588964,0.892666161,0.021214416,0.149941593,0.003733419,0.709414899,0.07,0
"445","cid124463365","C=C1C(=O)OC2C1CCC(C)=CCCC1(C)OC21",248.14,3,0,38.83,0,3,14,3,0,18,4,1,0.286,0.667,47.52,0,0,0,0,-3.111874775,2.337723643,2.084730325,7.630348207,5.100724583,-4.502815572,0.357589751,0.690708339,0.008783454,0.159423351,0.117111146,0.443940997,0.615217209,0.931300998,0.982386112,0.007303224,0.972351074,0.378468722,0.773115814,91.26847762,0.342163618,7.087479246,0.054286856,0.030351778,0.83611542,0.004251738,0.319374084,0.002894805,0.049380261,0.180350915,0.138635531,0.033274479,0.880063832,0.381389648,0.626338005,5.153381742,2.026577854,0.025804671,0.716882288,0.330813438,0.217982441,0.528369248,0.931511104,0.71099937,0.129264235,0.833690166,0.122080252,0.663257718,0.587336898,0.637614131,0.285593271,0.200507492,0.114962302,0.097237974,0.132340252,0.180478081,0.000655243,0.00278805,0.001199106,0.017244168,0.063163802,0.002170906,0.021588964,0.892666161,0.021214416,0.149941593,0.003733419,0.709414899,0.07,0
"446","cid123134657","C=C1C(=O)OC2C1CCC(C)=CCCC1(C)OC21",248.14,3,0,38.83,0,3,14,3,0,18,4,1,0.286,0.667,47.52,0,0,0,0,-3.111874775,2.337723643,2.084730325,7.630348207,5.100724583,-4.502815572,0.357589751,0.690708339,0.008783454,0.159423351,0.117111146,0.443940997,0.615217209,0.931300998,0.982386112,0.007303224,0.972351074,0.378468722,0.773115814,91.26847762,0.342163618,7.087479246,0.054286856,0.030351778,0.83611542,0.004251738,0.319374084,0.002894805,0.049380261,0.180350915,0.138635531,0.033274479,0.880063832,0.381389648,0.626338005,5.153381742,2.026577854,0.025804671,0.716882288,0.330813438,0.217982441,0.528369248,0.931511104,0.71099937,0.129264235,0.833690166,0.122080252,0.663257718,0.587336898,0.637614131,0.285593271,0.200507492,0.114962302,0.097237974,0.132340252,0.180478081,0.000655243,0.00278805,0.001199106,0.017244168,0.063163802,0.002170906,0.021588964,0.892666161,0.021214416,0.149941593,0.003733419,0.709414899,0.07,0
"447","cid163198965","C=C1C(=O)OC2C1CCC(C)=CCCC1(C)OC21",248.14,3,0,38.83,0,3,14,3,0,18,4,1,0.286,0.667,47.52,0,0,0,0,-3.111874775,2.337723643,2.084730325,7.630348207,5.100724583,-4.502815572,0.357589751,0.690708339,0.008783454,0.159423351,0.117111146,0.443940997,0.615217209,0.931300998,0.982386112,0.007303224,0.972351074,0.378468722,0.773115814,91.26847762,0.342163618,7.087479246,0.054286856,0.030351778,0.83611542,0.004251738,0.319374084,0.002894805,0.049380261,0.180350915,0.138635531,0.033274479,0.880063832,0.381389648,0.626338005,5.153381742,2.026577854,0.025804671,0.716882288,0.330813438,0.217982441,0.528369248,0.931511104,0.71099937,0.129264235,0.833690166,0.122080252,0.663257718,0.587336898,0.637614131,0.285593271,0.200507492,0.114962302,0.097237974,0.132340252,0.180478081,0.000655243,0.00278805,0.001199106,0.017244168,0.063163802,0.002170906,0.021588964,0.892666161,0.021214416,0.149941593,0.003733419,0.709414899,0.07,0
"448","cid10113978","Cc1ccc(Nc2nccc(N(C)c3ccc4c(C)n(C)nc4c3)n2)cc1S(N)(=O)=O",437.16,9,3,119.03,5,4,9,10,0,24,0,0,0.492,0.19,26,0,0,1,0,-4.428645506,2.983364032,2.655325811,8.930786422,4.206020688,-5.157538913,0.308300346,0.031835619,0.001389766,3.7e-06,0.011425555,0.003272176,0.9979462,0.999948382,0.99995625,0.005847385,0.999943018,0.000191836,0.996849954,98.39833412,-0.568375688,1.297534183,0.719547689,1.53e-05,0.000225466,0.001354799,0.00020292,5.3e-06,0.05986901,0.023412026,0.695030451,0.007028522,5.27e-09,0.997626245,0.726087272,4.388543206,0.543068249,0.595320761,0.999808133,0.610931814,0.578524649,0.918667138,0.000943292,0.877303362,1.08e-08,0.081751414,0.81865859,0.958908141,0.476415277,0.834386885,0.764746189,0.701923549,0.999999285,0.181954548,0.051628105,0.899915576,0.950463235,0.086993605,0.00011264,5.76e-05,0.193090737,0.000112036,1.11e-06,0.518852055,0.00230436,0.000251073,0.07679598,0.001646932,0.366,0.88
"449","cid16720766","NS(=O)(=O)OCC1CC(n2ccc3c(NC4CCc5ccccc54)ncnc32)CC1O",443.16,9,4,132.36,6,5,9,10,0,27,4,0,0.531,0.429,98.933,0,0,1,0,-3.625696441,2.143091974,1.98869866,8.997699886,5.239944646,-5.756259683,0.338618934,0.167924061,0.002780249,1.56e-05,0.000873983,0.011328697,0.454338849,0.660177946,0.980474591,0.088770561,0.996696591,0.913547516,0.988077044,78.58985297,0.410608387,18.76197491,2.58e-06,0.018345093,0.000761093,0.000126566,0.006335742,0.003653179,0.04355751,0.222195596,0.046889625,0.009726813,3.19e-08,0.875398636,0.03647035,8.628241037,1.063361695,0.615507066,0.999929428,0.931536794,0.710128367,0.983724713,0.055080798,0.461455017,2.38e-11,0.000243832,0.586639464,0.995869339,0.815212965,0.986762106,0.705394864,0.695050836,0.99999702,0.376974612,0.022217322,0.843716979,0.003277092,0.041125596,0.004948918,0.000452173,0.698601842,0.170069307,0.006139067,0.252874702,0.012446787,0.000685233,0.664287627,0.06498789,0.278,0.064
"450","cid4788","O=C(CCc1ccc(O)cc1)c1c(O)cc(O)cc1O",274.08,5,4,97.99,4,2,6,5,0,13,0,0,0.641,0.133,13,0,0,0,0,-2.957111204,2.59345168,2.348463875,7.923143275,6.503668427,-4.778905873,0.337219745,0.264680326,0.031232959,6.45e-05,0.00728327,0.496764064,0.991823807,0.996618092,0.999847651,0.477847427,0.96234858,0.001652559,0.851184607,92.11893613,-0.148261679,9.179938505,0.996789515,0.93970114,0.017299503,0.994368851,0.996387482,0.984337866,0.998179674,0.996080935,0.021647852,0.794716299,2.12e-07,0.999960542,0.988807499,8.31403408,1.111715333,0.089867003,0.013422192,0.286905825,0.31912303,0.705544233,0.725929141,0.301928937,0.149136052,0.996001422,0.908070505,0.428532809,0.328834474,0.123222306,0.077545129,0.053965721,0.930000901,0.02902065,0.333183914,0.792872131,0.256169379,0.000544387,0.000182917,0.401878953,0.960533261,0.715728223,0.049001381,0.94891727,0.010282883,0.032658804,0.996529758,0.022699142,0.66,0.512
"451","cid327653","NS(=O)(=O)C#Cc1ccccc1",181.02,3,2,60.16,0,1,6,4,0,9,0,0,0.584,0,7,0,0,0,1,-2.314395434,1.020503188,1.061044194,8.157026349,2.773017652,-4.807439584,0.883740127,0.072524905,0.004086432,0.002572954,0.003511548,0.003916502,0.058047414,0.079076059,0.468294591,0.009245235,0.536945343,0.626979589,0.642636597,87.08628784,0.036213833,13.40235805,0.003213091,0.002626707,0.001002252,0.037315562,0.985266268,2.7e-08,0.000112561,1.03e-06,0.004663981,7.78e-05,2.91e-05,0.986714661,0.005432984,5.572709399,1.513644527,0.095673621,0.964505792,0.639319539,0.392929405,0.693759799,0.765830815,0.39490968,0.681099296,0.966346979,0.647636235,0.707451046,0.368625134,0.293177247,0.233331114,0.049394097,0.949748278,0.032116823,0.007095787,0.195681944,0.004817546,0.094607159,0.011880597,0.006682702,0.47652939,0.372974217,0.001025009,0.159697831,0.002289157,0.024310373,0.836299896,0.046392221,0.009,0.049
"452","cid637858","COc1cc(C=CC(=O)N2CCC=CC2=O)cc(OC)c1OC",317.13,6,0,65.07,6,2,6,6,0,15,0,0,0.778,0.294,28.364,0,0,0,0,-2.987239126,2.623107458,2.163068375,7.879536095,5.382317763,-4.751240989,0.165994957,0.234868467,0.093055733,0.005429804,0.071759164,0.030279815,0.622499764,0.221485466,0.964491427,0.036234424,0.992136836,0.946280062,0.983117819,91.98335336,-0.253546994,6.748181771,0.812410295,0.002447134,0.138401866,0.001342037,2.52e-06,1.47e-07,4.61e-06,3.38e-05,0.038860969,3.09e-05,4.07e-07,0.68371731,0.838588953,5.808682856,1.48575004,0.199097484,0.370247632,0.468463451,0.433127463,0.610231757,0.808686614,0.519831717,0.210444346,0.801246762,0.688112855,0.546200395,0.786252022,0.283860356,0.417386681,0.373490334,0.762571454,0.134193107,0.126886785,0.456648141,0.124251217,0.008808714,0.002306247,0.001534309,0.685499907,0.005245363,6.6e-05,0.477480948,0.005230799,0.035568368,0.039033525,0.037426807,0.426,0.999
"453","cid136227331","O=C1NC(=NS(=O)(=O)c2cccc3ccccc23)SC1=Cc1ccc(Br)cc1",471.96,5,1,75.6,3,4,10,8,0,27,0,0,0.567,0,46,0,0,1,0,-4.213677523,2.612566944,3.111629779,6.59416552,2.583313178,-5.023006947,0.85442847,0.281685442,1.36e-05,1.86e-05,4.65e-06,3.22e-05,5.36e-06,0.913749218,0.876418412,4.43e-09,0.997899652,0.013017843,0.116996713,98.92132146,-0.16847568,0.728193344,0.028196374,0.999955535,0.019333573,0.999997854,0.673221231,0.000740148,3.15e-05,0.974258006,0.107932024,0.680621564,4.13e-08,0.999999881,0.981303155,3.523806173,0.681122783,0.108250007,0.999877691,0.259684503,0.336246938,0.736699581,0.983786166,0.438716561,0.000311966,0.733929813,0.197512656,0.821377039,0.374275327,0.213377789,0.316958904,0.387289912,0.99979037,0.021361664,0.110913396,0.447822332,0.242683738,0.030384453,0.016920267,0.04662089,0.061396748,0.002101444,0.033837922,0.485203981,7.58e-05,0.061069742,0.976008415,0.045693114,1,1
"454","cid12003241","Cc1cc(Nc2ncc3c(n2)N(C)C(=O)N(c2cc(NC(=O)c4cccc(C(F)(F)F)c4)ccc2C)C3)n(C)n1",550.21,10,2,108.28,7,5,10,13,0,30,0,0,0.344,0.222,68,0,0,1,1,-5.66821656,3.211458868,3.658691094,8.620137869,4.901190781,-5.10765969,0.003044523,0.999285877,0.871430695,5.96e-07,0.000501037,0.000212252,0.130113959,0.998867631,0.989262521,0.000767551,0.999996185,0.012169621,0.999944448,97.75788632,0.090799625,1.977658486,0.987051129,0.067967072,0.740445673,0.119758911,0.001248411,0.000218341,3.17e-05,0.920607328,0.999943376,7.96e-05,2.91e-08,0.999187291,0.231577486,3.711117567,0.699690376,0.950635254,0.999271452,0.534881115,0.697278321,0.934495687,0.072025307,0.580843925,1.87e-14,0.0012556,0.65080893,0.964157939,0.952948213,0.893273592,0.760869801,0.997141302,1,0.580362737,0.752833724,0.970662057,0.998185694,0.004071626,0.000860934,0.151901409,0.752409101,0.005132793,0.000123397,0.977886558,0.939430594,0.022177206,0.994524598,0.97732085,0.717,0.062
"455","cid4915","CNNCc1ccc(C(=O)NC(C)C)cc1",221.15,4,3,53.16,6,1,6,4,0,7,0,0,0.651,0.417,7,0,0,0,0,-0.566495311,0.19542733,0.281253641,9.85873195,7.88486876,-5.048127525,0.044530112,0.033114057,0.869175196,0.003656685,0.000830531,0.014815807,0.042888641,0.024641596,0.005550891,0.036880549,0.080421768,0.948768198,0.694902897,46.54046886,0.469309211,50.77684056,0.999999881,0.012100124,0.99999249,6.72e-09,2.32e-09,5.09e-06,0.101091832,0.00071417,0.649480999,5.2e-05,0.000589803,0.02376063,0.185731113,8.824922088,1.597496716,0.255395323,0.709577978,0.937074661,0.948592365,0.521379232,0.834139585,0.997910678,0.000145693,0.030985087,0.999899268,0.997018218,0.052866247,0.945738316,0.142807081,0.994101584,0.999999642,0.122616015,1.49e-05,0.002093167,0.027669057,0.000442599,0.000484806,0.026880603,0.86329037,0.001024785,8.16e-05,0.027691111,7.72e-05,1.26e-05,0.000112998,0.000702242,0.015,0.002
"456","cid4917","CN1CCN(CCCN2c3ccccc3Sc3ccc(Cl)cc32)CC1",373.14,3,0,9.72,4,4,14,5,0,22,0,0,0.775,0.4,45.714,0,1,1,0,-4.117596665,4.10721938,4.981796142,11.17790776,8.316718065,-4.640765386,5.12e-05,0.997912705,0.998737633,5.25e-06,0.975983789,0.852109104,0.999697094,0.230696872,0.020653734,0.95367831,1,0.99998343,0.93321842,95.60894721,1.169071873,3.13691045,1,0.999111235,1,2.42e-05,0.999999404,0.999996066,0.999923944,0.046661515,1,0.998727977,0.974821627,0.013471235,0.999583304,8.296129004,0.407522102,0.982281923,0.96929878,0.27183938,0.700542033,0.667263031,0.999341786,0.184147388,0.008662741,0.03894588,0.997597277,0.690462053,0.992817163,0.386428565,0.618142128,0.934676111,0.558718026,0.088876113,0.825199485,0.932679415,0.129814968,0.175936028,0.002983182,0.121164083,0.051861785,0.003378625,0.001344853,0.30930993,0.011162809,0.257803619,0.474387854,0.170903072,0.477,0.002
"457","cid5284329","c1ccc2c(Oc3nc(Nc4ccc(N5CCOCC5)cc4)c4ncn(C5CCCCC5)c4n3)cccc2c1",520.26,8,1,77.33,6,7,10,8,0,39,0,0,0.262,0.323,82.098,1,0,1,1,-6.556590866,4.149789865,5.779501001,11.08091323,3.927967754,-4.749543989,1.38e-05,0.987853169,7.54e-05,1.19e-07,4.41e-06,0.005225718,0.046722472,0.99978894,0.999969363,0.000888814,0.999999762,0.122387305,0.948003948,97.94522734,0.216897691,2.038978696,0.872220457,0.999854684,0.202078536,0.803235173,0.770809412,0.548053324,0.995788991,0.402920812,0.000652684,0.999139786,0.001258696,0.998617291,0.937436998,4.813777538,0.413872382,0.727798104,0.998577952,0.691488087,0.211892024,0.734819591,0.077764153,0.865001857,1.81e-08,0.019134978,0.74373281,0.969508588,0.987306118,0.882587075,0.544586122,0.939474821,0.971971512,0.237055734,0.312303871,0.916825652,0.57950145,0.39864713,0.00030891,0.978598416,0.768012822,0.002062555,0.950953841,0.99684602,0.897565544,0.450604916,0.995140195,0.043110475,0.975,0.355
"458","cid8515","O=C1c2ccccc2-c2n[nH]c3cccc1c23",220.06,3,1,45.75,0,4,15,3,0,20,0,1,0.495,0,38,0,1,0,0,-5.160769376,3.245476735,3.279047493,8.911075137,2.582168632,-4.669613112,0.166237712,0.98892504,0.048952561,0.004107594,0.007281423,0.215621352,0.867409229,0.937026381,0.968007088,0.806965888,0.996953964,0.449679047,0.432258993,97.57711095,0.294123014,2.091538911,0.703658879,0.075992048,0.001025957,0.346509248,0.313276112,0.890864551,0.274501145,0.956264675,0.037944924,0.373018414,0.000879454,0.999886513,0.989802837,7.260592405,1.413718643,0.181453645,0.930144131,0.834540069,0.420472115,0.49699232,0.589116096,0.832719684,0.03726982,0.976986349,0.768164873,0.666825235,0.830304325,0.313571334,0.557226717,0.382787645,0.793424904,0.068804108,0.190291673,0.40877527,0.969082832,0.079620987,0.117219076,0.574032307,0.488591045,0.248316258,0.288489074,0.794784129,0.257686526,0.349784046,0.96394068,0.905100405,0.179,0.654
"459","cid24889392","CC(C)(C)c1cc(NC(=O)Nc2ccc(-c3cn4c(n3)sc3cc(OCCN5CCOCC5)ccc34)cc2)no1",560.22,10,2,106.16,10,6,12,11,0,32,0,0,0.257,0.345,72.769,0,0,1,1,-6.058891338,3.588361041,4.993522803,9.967536252,5.620220425,-5.004791609,0.998814344,0.329629064,0.027779842,0.133630693,0.942431159,0.963128444,0.996519758,0.999868035,0.999577224,1.22e-06,0.999782264,2.32e-06,0.965426385,96.6365417,0.174421144,2.627671356,0.019039113,0.647831917,0.004297219,0.000711572,1.57e-05,0.001317355,0.497960091,0.018484572,0.005638541,0.999994516,5.58e-07,0.999961138,0.789839864,2.328819518,1.194103776,0.812019467,0.999979973,0.770453811,0.259908497,0.707974195,0.01622445,0.901026309,5.62e-11,0.000426942,0.84905982,0.972609401,0.871082306,0.950416625,0.883443236,0.98519659,0.999824226,0.405921727,0.327573776,0.952635467,0.996404886,0.018855387,0.091194175,0.142457917,0.589161634,0.000202357,0.119715765,0.997436702,0.545049787,0.033397228,0.998045087,0.835590541,0.792,0.969
"460","cid11167602","CNC(=O)c1cc(Oc2ccc(NC(=O)Nc3ccc(Cl)c(C(F)(F)F)c3)c(F)c2)ccn1",482.08,7,3,92.35,9,3,6,12,0,20,0,0,0.407,0.095,22,0,0,1,0,-6.463480732,3.810352638,4.6847175,9.810512157,3.130767209,-5.264916669,0.960947871,0.970844686,0.004857125,0.000212371,0.006123245,0.000812113,0.981646575,0.992183745,0.999868393,5.34e-05,0.999999762,8.4e-05,0.988774538,99.23718125,0.1973546,0.290045021,0.978167474,0.984656632,0.032482889,0.806899965,0.101504914,0.000191371,0.006134466,0.016226141,0.999048173,0.998958945,5.32e-12,0.999998927,0.043516777,2.549098324,1.513082568,0.561691165,0.999201596,0.398360729,0.357194364,0.635736406,0.133430719,0.064733267,6.75e-08,0.229628384,0.501557171,0.896097004,0.844238341,0.791778922,0.765747666,0.991144717,0.999987841,0.078176133,0.386753172,0.853941202,0.925787628,0.000369935,7.97e-05,0.085326232,0.159108371,8.46e-05,4.12e-05,0.998072624,0.030770712,0.002005164,0.998031676,0.85621798,0.994,0.297
"461","cid6918736","COc1cc(OC)c(C=CS(=O)(=O)Cc2ccc(OC)c(NCC(=O)O)c2)c(OC)c1",451.13,9,2,120.39,11,2,6,10,0,16,0,0,0.531,0.286,17,0,0,1,0,-3.339220447,1.850674403,1.777406964,5.044670397,3.136115705,-5.208523667,0.543278992,0.000970016,0.000106029,0.005088389,0.026198983,0.002786696,0.651814222,0.579899192,0.992564797,0.000707299,0.978280902,0.000401985,0.870481849,96.28741248,-0.819681682,2.562077945,0.000127228,0.002126279,0.634700239,0.005381124,0.999697447,3.23e-05,0.064892188,0.461319596,0.000325716,1.18e-08,1.55e-07,0.000393618,0.001228495,3.127055071,1.291710582,0.160936967,0.987074375,0.357143074,0.241147995,0.507960141,0.246460378,0.401989013,0.0082933,0.476208866,0.679733634,0.777575493,0.277627289,0.665479004,0.438216656,0.748989999,0.96704793,0.109018371,0.011714288,0.098587126,0.314157635,0.28275317,0.696426392,0.001106386,0.501658201,0.010611562,0.468980849,0.36237511,0.008463007,0.207419068,0.007872821,0.165532038,0.108,0.01
"462","cid25126798","N#CCC(C1CCCC1)n1cc(-c2ncnc3[nH]ccc23)cn1",306.16,6,1,83.18,4,4,9,6,0,21,1,0,0.8,0.412,64.917,0,0,0,0,-3.161860199,2.385874601,2.04912129,9.740835015,4.511348768,-4.831251745,0.077665873,0.543645382,0.001157798,0.000172377,0.001696587,0.000481606,0.128654778,0.496730626,0.985927224,0.743538499,0.999990344,0.078052118,0.687571049,50.98043663,0.023441898,49.83360233,0.381785929,0.518420219,0.000382073,0.005581487,0.780712605,0.023182796,0.763251007,0.904245794,0.998534322,0.200270385,4.33e-06,0.994198442,0.199137196,6.0372268,1.050879353,0.142386854,0.950550616,0.542885363,0.695451915,0.860958934,0.041612722,0.510634303,3.31e-05,0.56570375,0.980042577,0.729802668,0.833506763,0.729263902,0.366469592,0.602008164,0.978227854,0.124140613,0.058719166,0.369108826,0.001295977,0.000127224,4.51e-06,0.000578757,0.001840324,1.24e-05,0.012079097,0.036643717,0.000430763,0.000224595,0.005542516,1.31e-05,0.601,0.137
"463","cid135659046","CC(C(=O)Nc1cccc(N=Cc2c(O)ccc3ccccc23)c1)c1ccccc1",394.17,4,2,61.69,6,4,10,4,0,25,1,0,0.406,0.077,42,0,1,1,0,-4.783828576,3.934644917,4.395076318,10.11567224,5.171349603,-5.005873166,0.965840757,0.138501629,0.000228135,5.96e-06,0.000137329,0.000106215,0.467809856,0.937917054,0.999723613,1.69e-05,0.998898387,0.211578235,0.319922656,98.79165674,-0.174846767,0.452981514,0.981734276,0.420655727,0.09477827,0.987543106,0.105614848,0.94767493,0.094168186,0.844364047,0.322127312,0.959441721,0.000278699,0.999465168,0.933146775,4.927841307,0.547514871,0.288861901,0.888527274,0.895154059,0.363987356,0.761106312,0.947655559,0.755198658,2.53e-05,0.743069768,0.879359365,0.833388627,0.943339407,0.26300922,0.638930619,0.852498531,0.990687549,0.043195993,0.295925826,0.815008461,0.992824912,0.654246628,0.007748623,0.280077964,0.391255826,0.012579878,0.021114565,0.878447711,0.00514551,0.07083983,0.994647801,0.205381408,1,0.622
"464","cid10302451","CN1CCN(CCOc2cc(OC3CCOCC3)c3c(Nc4c(Cl)ccc5c4OCO5)ncnc3c2)CC1",541.21,10,1,90.44,8,6,10,11,0,33,0,0,0.452,0.481,75,0,0,1,1,-4.521583889,3.033576913,3.274822672,9.090489764,7.755133403,-4.768933757,0.013445676,0.449369848,0.004160455,2.74e-06,0.001419663,2.74e-06,0.012353957,0.578556716,0.788441598,0.463038743,0.999999642,0.955623329,0.988350391,90.0550214,0.863399294,8.833035577,0.999830246,0.010108407,0.997501314,1.19e-06,0.360268533,0.997696817,0.926739633,0.811928272,0.087946214,0.937076449,0.000312368,0.000226571,0.134481147,4.66914275,0.999551968,0.960829437,0.986961961,0.62398541,0.746286511,0.758903623,0.607206106,0.778223336,2.24e-07,0.002686351,0.971904755,0.912859678,0.988718867,0.8199417,0.653210104,0.976463318,0.675610065,0.245989218,0.345787883,0.855220199,0.32773456,0.004955554,0.000930415,0.779819787,0.035810951,0.002170496,0.005009232,0.90790832,0.33416152,0.7896294,0.902731895,0.348055452,0.036,0.001
"465","cid10127622","Cn1cnc2c(F)c(Nc3ccc(Br)cc3Cl)c(C(=O)NOCCO)cc21",456,7,3,88.41,7,3,9,10,0,17,0,0,0.389,0.176,19,0,0,1,0,-5.798120381,2.840253386,3.330024182,8.13424459,5.378803244,-4.781524786,0.01562834,0.092142776,0.733326197,0.026833773,0.015365422,0.80338268,0.374604821,0.97181648,0.994540393,0.000153961,5.27e-05,0.055347476,0.35605526,97.01672969,0.393302235,3.013474164,0.973320007,0.017558284,4.08e-07,0.155600935,2.13e-05,0.00350906,0.000261738,0.276639998,0.34741652,0.071939431,1.88e-10,0.977272153,0.012494882,4.638065611,0.744607396,0.776536167,0.999963403,0.913083017,0.587355256,0.130213857,0.959502518,0.183380574,3.14e-07,0.366730213,0.494529903,0.652605414,0.915224671,0.878076196,0.685164332,0.980122209,0.999033332,0.04390699,0.230223909,0.576169133,0.969319046,0.111582175,0.222482592,0.652190268,0.952457666,0.939458787,0.024125388,0.99317205,0.321762234,0.70927161,0.993937969,0.996195793,0.574,0.112
"466","cid9843750","CC(NC(=O)C(O)C(C)C)C(=O)NC1C(=O)N(C)CCc2ccccc21",361.2,7,3,98.74,7,2,11,7,0,15,3,0,0.706,0.526,51.31,0,0,0,0,-1.954780785,1.118698264,0.999811348,9.336346124,6.027340571,-5.314038157,0.584143162,0.121211395,0.950337887,0.058405578,0.656115532,0.640264034,0.996075781,0.063090712,0.806365609,0.033280168,0.862095952,0.752150595,0.958892226,41.60164697,-0.145980584,54.86262366,0.259278417,0.002864456,0.999902129,5.36e-06,0.176647887,7.12e-06,0.025151936,0.409112662,0.988714159,1.67e-06,0.003882104,2.44e-07,0.526063085,4.437722731,1.616539745,0.092031769,0.594370902,0.476971805,0.223347619,0.299188137,0.165794715,0.276938021,9.16e-06,0.056613434,0.205750838,0.432253361,0.763350189,0.689264059,0.297971636,0.551861584,0.991914511,0.075296931,0.011869568,0.14325875,0.001710859,0.015109823,7.13e-05,0.000826273,0.288134962,2.83e-06,4.48e-07,0.002093564,9.07e-05,1.52e-05,3.24e-05,9.99e-05,0.13,0
"467","cid11609586","c1ccc2c(CCNc3ccc(Nc4ccncc4)cc3)c[nH]c2c1",328.17,4,3,52.74,6,4,9,4,0,22,0,0,0.469,0.095,18,0,1,0,0,-3.52650742,2.696856589,3.087238165,9.575538222,5.113350128,-5.309026537,0.00791745,0.962392569,0.718951881,0.000723183,0.20411706,0.268140733,0.899750948,0.567521036,0.378792018,0.984239221,0.999984145,0.411215663,0.645255923,96.02031503,-0.203852775,3.163909431,0.074172683,0.999953508,9.08e-08,0.993654966,0.109137274,0.999703825,0.91022104,0.999998808,0.113187477,1,1.57e-10,1,0.983955204,6.470550146,0.227530439,0.831748009,0.985913575,0.667488396,0.619111001,0.637396157,0.838544726,0.212391675,5.66e-05,0.76718384,0.93318969,0.818284452,0.825470209,0.437470973,0.395448357,0.800423563,0.997864068,0.077659465,0.25805366,0.783351123,0.996695161,0.008105622,0.004767247,0.934503675,0.396959275,0.139304683,0.024180995,0.728634894,0.099566706,0.680595219,0.951896608,0.619454026,0.977,0.608
"468","cid135398744","CCCc1nn(C)c2c(=O)[nH]c(-c3cc(S(=O)(=O)N4CCN(C)CC4)ccc3OCC)nc12",474.2,10,1,113.42,7,4,9,11,0,25,0,0,0.553,0.5,58.303,0,0,1,0,-3.125428115,2.128110678,2.199984468,8.731809828,5.925258111,-4.811701486,0.171376541,0.910214007,0.994280815,0.003385842,0.048634648,0.359921992,0.979473552,0.017475171,0.005444963,0.001941206,0.999994755,0.013837251,0.973626256,96.8446726,0.152915522,2.745380414,0.167489231,0.001714093,0.999999404,0.002501287,0.99940598,3.93e-07,0.000260678,0.774882138,0.99968946,0.204348177,6.28e-06,0.00042645,0.999236465,8.757288791,0.399828921,0.570306182,0.999517798,0.506918907,0.647345185,0.863405704,0.015827294,0.893658876,4.5e-06,0.017692134,0.945475042,0.966076672,0.934971571,0.818541408,0.720033765,0.967840552,0.999217153,0.24062933,0.066430882,0.580562055,0.001253549,0.005123899,1.55e-06,0.016065083,0.001031526,2.46e-06,9.86e-06,0.636970758,0.001561804,6.29e-05,0.002092191,0.004107531,0.058,0.003
"469","cid24748573","O=C(O)c1ccc2c(c1)nc(Nc1cccc(Cl)c1)c1ccncc12",349.06,5,2,75.11,3,4,14,6,0,23,0,0,0.516,0,21,0,0,1,0,-4.765519568,2.529331784,4.297801492,6.238565529,1.058660191,-5.041001104,0.994280934,0.002522602,0.125654384,0.038288772,0.03128624,0.031571031,0.265331507,0.855131924,0.944308639,0.05770126,0.942162633,0.012217365,0.95602107,99.13774112,-0.763889433,0.332732234,0.000362045,0.756479204,1.43e-08,0.404927194,0.005039708,0.705048263,1.03e-06,0.000314637,7.83e-08,0.199706018,3e-08,0.999999762,8.62e-06,0.377665149,1.414914541,0.710124493,0.996879101,0.489617109,0.65724498,0.680969954,0.443149447,0.453752518,4.71e-08,0.586286128,0.898774624,0.789146483,0.756767333,0.82049799,0.592190087,0.978601575,0.96327424,0.082989775,0.30268535,0.507754743,0.998166502,0.017185533,0.011022783,0.488560259,0.598816276,0.024839349,0.075552911,0.994673431,0.031827308,0.867276251,0.999560058,0.507327557,0.839,0.7
"470","cid54454","CCC(C)(C)C(=O)OC1CC(C)C=C2C=CC(C)C(CCC3CC(O)CC(=O)O3)C21",418.27,5,1,72.83,7,3,10,5,0,19,7,1,0.639,0.76,54,0,1,1,0,-4.940801956,4.05821852,4.360756578,7.933618856,4.812195089,-5.075403105,0.462560266,0.900036097,0.54520148,0.053389549,0.650127321,0.990136606,0.998676195,0.992148995,0.972817361,0.307967633,0.99422437,0.832947314,0.997050762,94.63853481,0.21971462,5.130842063,0.000145349,0.000751107,0.361577064,0.004808443,3.61e-05,3.01e-05,1.68e-09,0.999990582,0.999984622,0.000114243,0.403332978,0.999960542,0.999455035,7.257327746,0.666752077,0.233155221,0.426626176,0.325118124,0.121990949,0.867079318,0.827349722,0.34838292,9.21e-05,0.029961362,0.176724657,0.844239175,0.790273368,0.947971165,0.353462964,0.980728805,0.122368477,0.105543748,0.046808563,0.1535694,3.93e-05,0.026651034,0.00053101,0.005779888,0.659188628,0.002620177,8.34e-05,0.009257533,1.02e-05,8.97e-06,0.003442281,0.000672691,0.325,0
"471","cid4369359","NC(CC(=O)N1CCn2c(nnc2C(F)(F)F)C1)Cc1cc(F)c(F)cc1F",407.12,6,2,77.04,6,3,9,12,0,17,1,0,0.622,0.438,71.739,0,0,1,0,-2.90784593,1.622064279,1.181877497,8.933779013,5.442036279,-5.084476281,0.367034107,0.00380453,0.428874224,2.03e-05,6.69e-05,2.11e-05,8.88e-05,0.004646113,0.006154809,0.00278694,0.999915481,0.000423214,0.997306824,59.11746592,0.523446988,38.33093896,0.572020829,0.000427871,0.954271674,5.69e-07,0.002571458,0.000129276,4.14e-05,5.17e-05,0.456327528,6.86e-12,5.62e-09,0.141660333,7.51e-06,6.068427567,0.729527631,0.459051192,0.334245265,0.511251688,0.98895067,0.976932764,0.459482372,0.113412924,3.6e-07,0.02811772,0.9976421,0.95524931,0.995938897,0.94690448,0.287373006,0.992837846,0.999999523,0.100062236,0.314066738,0.635029554,0.055681787,0.066772662,0.000415402,0.459243566,0.178626999,0.001559983,3.17e-05,0.086260088,0.000800586,0.000109587,0.002032206,0.001971553,0.035,0
"472","cid45279963","O=C1c2ccc(Nc3ccc(F)cc3F)cc2CCc2ccc(OCC(O)CO)cc21",425.14,5,3,78.79,6,4,15,7,0,24,1,0,0.56,0.208,72.172,0,0,1,0,-4.741368188,3.075967013,3.687106077,8.61547498,6.122160372,-5.270530642,0.592256784,0.34829843,0.175144717,0.000706315,0.006390452,0.001795411,0.00601995,0.903917432,0.890892208,0.079534985,0.99982363,0.009349197,0.932189286,97.52090731,0.592573786,1.890535619,0.013077245,0.002298058,0.721531808,0.379209369,0.976404011,0.000789614,0.364379644,0.099125415,0.032837093,0.998973846,2.59e-09,0.999808967,0.958119571,5.796541104,0.734998812,0.616218269,0.725110054,0.937178493,0.440022439,0.562240899,0.105078474,0.627793193,1.4e-09,0.011863932,0.383957714,0.907169104,0.819272101,0.989928663,0.547248662,0.987746358,0.999157786,0.051920924,0.644189656,0.743695438,0.722043097,0.593311548,0.164530441,0.407021761,0.947310328,0.492310464,0.048149705,0.726749539,0.096686445,0.280612409,0.944139838,0.272730172,0.983,0.349
"473","cid216239","CNC(=O)c1cc(Oc2ccc(NC(=O)Nc3ccc(Cl)c(C(F)(F)F)c3)cc2)ccn1",464.09,7,3,92.35,9,3,6,11,0,20,0,0,0.461,0.095,21,0,0,1,0,-6.407025474,3.833071537,4.679001843,9.828889259,2.956488199,-5.166335088,0.974290967,0.967772305,0.004703345,0.001207769,0.062052369,0.003023982,0.999221538,0.996018112,0.99995172,1.24e-05,0.999999762,0.002642894,0.813256621,99.32618499,0.006621469,0.245691591,0.52410841,0.962603569,0.00114877,0.876880229,0.014687547,8.95e-06,0.002344615,0.060164332,0.998564065,0.999998212,1.06e-11,1,0.022335691,4.594969111,0.890139132,0.634365022,0.997654498,0.390363127,0.315192312,0.780927539,0.197057933,0.113642491,1.57e-07,0.28179273,0.611053944,0.784461081,0.677277684,0.548782587,0.756536245,0.973456323,0.999958634,0.082215793,0.366330951,0.919671118,0.936497211,0.000356036,7.36e-05,0.266992301,0.354831964,0.000116405,6.64e-05,0.999056399,0.086130403,0.004603738,0.99914217,0.949729025,0.994,0.446
"474","cid10296883","CN1CCN(c2nc(C3=C(c4c[nH]c5ccccc45)C(=O)NC3=O)c3ccccc3n2)CC1",438.18,8,2,94.22,3,6,10,8,0,34,0,0,0.477,0.2,70.267,0,0,1,0,-4.03502902,2.958473421,3.159142424,9.382638697,6.948722906,-5.36821515,0.065818734,0.946892619,0.001571411,6.9e-05,1.53e-05,0.000191987,0.001257479,0.967161298,0.894212246,9e-06,0.996294439,0.766098619,0.866954744,96.83332574,0.1775102,2.687815147,2.99e-07,0.01004541,3.09e-10,0.239464223,0.001216974,3.33e-06,0.009997842,0.999807894,1.4e-07,0.00021254,2.16e-17,0.999999404,0.997180939,0.31181222,1.428296124,0.789673805,0.953588367,0.716634691,0.669155777,0.768837214,0.270727575,0.51101166,9.06e-07,0.061768375,0.92167151,0.945102274,0.989538848,0.769212186,0.845468044,0.961988389,0.999556243,0.080442943,0.203188464,0.525872111,0.957791388,0.020567941,0.004202042,0.074497856,0.006601585,0.000299996,0.00050025,0.483785242,0.006001036,0.069457099,0.923317373,0.127987385,0.246,0.074
"475","cid51037431","Fc1ccc(CNc2ncnc3ccc(F)cc23)cc1",271.09,3,1,37.81,3,3,10,5,0,17,0,0,0.792,0.067,15,0,1,0,0,-3.614951486,3.522565794,3.45220207,10.26610744,4.076298657,-4.919238905,0.004464316,0.996525347,0.000150753,6.7e-05,0.000204504,0.000415385,0.000859022,0.867688715,0.735379994,0.003121028,0.999999762,0.997947514,0.135340393,95.50083025,-0.17130883,4.057924673,0.103748597,0.999040782,0.000861897,0.997077584,0.328980774,0.998009384,0.325132549,0.963221788,0.226784393,0.910330653,3.65e-06,0.999997139,0.632787347,5.071378364,0.712067351,0.568892419,0.814605892,0.711944699,0.693671823,0.79342109,0.123663358,0.72577697,0.000210792,0.691616893,0.649194062,0.774421155,0.973795116,0.498217404,0.376800507,0.98693037,0.99464649,0.081839748,0.635420203,0.695252597,0.595042944,0.057136636,0.017014921,0.061332874,0.153121874,0.00184659,0.050943691,0.677553177,0.052255411,0.001090696,0.242607266,0.049886953,0.536,0.008
"476","cid44259","CNC1CC2OC(C)(C1OC)n1c3ccccc3c3c4c(c5c6ccccc6n2c5c31)C(=O)NC4",466.2,7,2,69.45,2,8,26,7,0,37,4,1,0.406,0.321,142.946,0,0,1,0,-4.026719019,2.973876458,2.969580008,9.522767981,7.933090916,-5.281738383,0.2480845,0.593493819,0.828509331,0.013079047,0.073998809,0.67000711,0.843995318,0.399560601,0.441090673,0.380431265,0.771967173,0.878522575,0.834185839,98.4068053,0.11524775,1.009482442,0.024683263,0.048719164,0.994146705,0.044360597,0.029741272,0.003013575,0.004397916,0.064825229,0.994030893,0.146235645,0.974393129,0.98958838,0.306890845,1.654038933,1.02845449,0.826126933,0.890858829,0.910093963,0.802637935,0.978786469,0.550141871,0.553335309,2.78e-15,1.13e-06,0.974789202,0.965190113,0.998188674,0.985036671,0.5100649,0.701939642,0.99999094,0.613779902,0.581525028,0.801844656,0.679314852,0.015775304,0.499252617,0.817336082,0.716827869,0.139022917,0.010533911,0.733032465,0.707158685,0.589786768,0.986192524,0.977590561,0.961,0.008
"477","cid7048594","CNC1CC2OC(C)(C1OC)n1c3ccccc3c3c4c(c5c6ccccc6n2c5c31)C(=O)NC4",466.2,7,2,69.45,2,8,26,7,0,37,4,1,0.406,0.321,142.946,0,0,1,0,-4.026719019,2.973876458,2.969580008,9.522767981,7.933090916,-5.281738383,0.2480845,0.593493819,0.828509331,0.013079047,0.073998809,0.67000711,0.843995318,0.399560601,0.441090673,0.380431265,0.771967173,0.878522575,0.834185839,98.4068053,0.11524775,1.009482442,0.024683263,0.048719164,0.994146705,0.044360597,0.029741272,0.003013575,0.004397916,0.064825229,0.994030893,0.146235645,0.974393129,0.98958838,0.306890845,1.654038933,1.02845449,0.826126933,0.890858829,0.910093963,0.802637935,0.978786469,0.550141871,0.553335309,2.78e-15,1.13e-06,0.974789202,0.965190113,0.998188674,0.985036671,0.5100649,0.701939642,0.99999094,0.613779902,0.581525028,0.801844656,0.679314852,0.015775304,0.499252617,0.817336082,0.716827869,0.139022917,0.010533911,0.733032465,0.707158685,0.589786768,0.986192524,0.977590561,0.961,0.008
"478","cid5329102","CCN(CC)CCNC(=O)c1c(C)[nH]c(C=C2C(=O)Nc3ccc(F)cc32)c1C",398.21,6,3,77.23,8,3,9,7,0,18,0,0,0.626,0.364,40,0,0,0,0,-3.846032522,2.853226424,3.025190108,9.948680972,7.636462517,-5.625007632,0.013696775,0.443895936,0.467542917,0.003351867,0.000132442,8.74e-05,0.001682878,0.845893323,0.780867994,0.000133548,0.980573833,0.202230856,0.309682578,86.37859635,0.653218378,11.70195656,0.655088007,1.29e-05,0.494170308,0.000927589,3.03e-09,0.021417459,0.047710095,0.121474177,0.995141387,1.41e-05,7.61e-18,0.005888467,0.000612294,8.652084473,0.400470302,0.909346998,0.946047604,0.943022549,0.876359046,0.970618367,0.987909913,0.670204341,1.58e-09,0.005023299,0.996438503,0.937934339,0.993093729,0.874538183,0.912644863,0.988341391,0.999699116,0.210965678,0.446737021,0.86339885,0.045807317,0.000267741,0.000320791,0.005868447,0.420735449,6.41e-05,9.83e-07,0.579826474,0.012467594,0.000600895,0.009203063,0.081002586,0.347,0.525
"479","cid2746","CC(=O)Nc1ccc(C(=O)Nc2ccccc2N)cc1",269.12,5,4,84.22,5,2,6,5,0,14,0,0,0.748,0.067,12,0,0,0,0,-2.836968616,1.64279185,1.329376763,9.199020619,5.120405911,-4.717853917,0.608757317,0.011410392,0.618798196,0.000198424,0.000622928,0.002896249,0.357195795,0.345452547,0.962464213,0.004898211,0.007222875,0.390593112,0.936214685,63.46493401,0.213482594,32.52602333,0.026782762,0.15617016,0.972053409,0.509041071,0.00153809,0.003455707,0.002085984,0.023370842,0.019465178,0.060662884,1.98e-08,0.027830048,0.14390488,3.222032395,1.09969652,0.187427148,0.996814191,0.910666585,0.07476519,0.504732311,0.901988447,0.46935609,2.36e-05,0.937729478,0.620077193,0.574544251,0.925169289,0.087197579,0.776783526,0.687234938,0.999977946,0.09597823,0.007873938,0.464903742,0.998775184,0.893878579,0.045447044,0.106247284,0.954910517,0.00814967,0.051211819,0.984272957,0.874727726,0.236971945,0.994173229,0.984485388,0.068,0.417
"480","cid11213558","COc1cc(Nc2ncc(F)c(Nc3ccc4c(n3)NC(=O)C(C)(C)O4)n2)cc(OC)c1OC",470.17,11,3,128.75,7,4,10,12,0,24,0,0,0.471,0.273,53.857,0,0,1,0,-5.129088189,3.097656916,3.170380484,9.129380353,3.903017608,-4.8685827,0.00582643,0.860895932,0.000984543,0.005505264,0.00662595,0.006156087,0.996285991,0.999807298,0.999996662,0.486514539,0.999999881,2.48e-06,0.980072916,98.27669612,0.20543871,1.443814775,0.858676672,0.363943726,0.035048638,0.551530957,0.177804604,1.79e-05,1.29e-05,0.975258172,0.999993443,0.082793362,4.52e-07,0.999991179,0.801408827,4.130511818,0.812054999,0.838623643,0.998857498,0.294444233,0.561189115,0.669080138,0.017300744,0.607703626,3.43e-11,0.034392711,0.614321053,0.96269846,0.94660455,0.914909422,0.558993697,0.989386797,0.99889791,0.396876693,0.58598423,0.808862209,0.999924779,0.784838259,0.06821797,0.738406479,0.425139844,0.000723922,0.008589281,0.99816376,0.705030739,0.027909007,0.996388078,0.973776817,0.226,0.264
"481","cid2733526","CCC(=C(c1ccccc1)c1ccc(OCCN(C)C)cc1)c1ccccc1",371.22,2,0,12.47,8,3,6,2,0,19,0,0,0.451,0.231,16,0,1,1,0,-5.774792459,4.628241287,6.311175841,11.26485593,7.814588177,-4.333652079,0.429910928,0.975969613,0.008227557,3.99e-05,0.000324607,0.034894407,0.031811059,0.00254862,0.040524177,0.779534817,0.999997854,0.998914242,0.865438521,98.33390475,1.374996582,1.010031865,1,0.015742984,0.999999762,0.004484951,0.999970317,0.986790895,0.999824703,0.978544295,0.999999881,0.999999523,0.999731958,0.999775589,0.985869884,11.8083178,1.217891196,0.898377001,0.827313423,0.487337351,0.508602679,0.738934755,0.709960699,0.57799387,9.27e-06,0.00240733,0.906328022,0.865951121,0.940858722,0.814820349,0.526864648,0.895625055,0.79790473,0.102417462,0.714840531,0.731847286,0.001519985,0.016168036,0.000418724,0.99228704,0.989328563,0.179714739,0.000321215,0.97554338,0.001083095,0.595039248,0.988506436,0.522431493,0.953,0.01
"482","cid3038522","COc1cc2c(N3CCN(C(=O)Nc4ccc(OC(C)C)cc4)CC3)ncnc2cc1OCCCN1CCCCC1",562.33,10,1,92.29,12,5,10,10,0,30,0,0,0.344,0.516,64.34,0,0,1,1,-4.626322954,3.401059232,4.223925337,9.04893766,7.639543205,-4.900415862,0.006231735,0.228622258,0.402969509,0.000963092,0.001527846,0.001028299,0.463829398,0.999929428,0.999976873,0.631654382,0.999999523,0.001873784,0.996974826,94.17675951,0.26240595,4.206611986,0.044768136,6.11e-06,0.999949694,1.34e-12,1.87e-10,0.993043423,0.000802184,9.61e-06,0.999980807,0.998658657,4.12e-10,0.03422568,0.195966244,9.640915728,1.792550118,0.99448216,0.959626973,0.269669384,0.772403717,0.926453531,0.073757932,0.553079903,1.2e-09,6.71e-05,0.960239708,0.893088043,0.986109674,0.841726482,0.643146276,0.994523525,0.979045391,0.358462781,0.493821442,0.976702452,0.339693874,0.000223964,3.03e-05,0.057479225,0.008406961,1.44e-05,3.39e-05,0.922758162,0.012975913,0.004193252,0.120034471,0.758603513,0.213,0.03
"483","cid6505803","C=CCNC1=C2CC(C)CC(OC)C(O)C(C)C=C(C)C(OC(N)=O)C(OC)C=CC=C(C)C(=O)NC(=CC1=O)C2=O",585.31,11,5,166.28,7,2,21,11,0,28,6,1,0.271,0.484,49.304,1,0,1,1,-3.146131981,1.855761315,1.564894255,7.930830191,5.598431847,-5.294253531,0.979432464,0.227446035,0.747238696,0.589740306,0.405247867,0.98360442,0.958398432,0.129839703,0.760554433,0.000167291,0.170835704,0.000168524,0.991687,91.62029678,0.209494715,6.915060527,1.05e-08,4.66e-10,0.048093572,1.17e-10,2.32e-10,1.15e-10,2.11e-16,0.002110481,0.000492136,1.59e-10,1.92e-15,0.089664951,0.031892259,9.994737155,0.78046916,0.065237671,0.913564146,0.669349074,0.472180575,0.358390272,0.927549243,0.75819999,1.54e-06,0.087719247,0.204491034,0.789223731,0.950392365,0.725056946,0.571754694,0.283175528,0.999360502,0.109672576,0.027531955,0.215901241,1.49e-06,9.23e-07,8.76e-08,1.88e-07,0.00030493,1.01e-05,3.95e-10,0.790350378,1.07e-07,3.75e-05,0.008180154,0.884929717,0.056,0.26
"484","cid5394","Cn1nnc2c(C(N)=O)ncn2c1=O",194.06,8,2,108.17,1,2,9,8,0,12,0,0,0.56,0.167,12,0,0,0,1,-1.972606044,-0.360086786,-0.586600993,7.899202645,1.155519086,-5.15459536,0.95720613,9.74e-05,0.179153234,6.04e-05,5.36e-05,0.00016439,0.003307462,0.058647625,0.328349143,1.93e-05,0.000304989,0.794081807,0.718822002,11.47620002,-0.089610198,86.7239303,0.995257437,0.000300012,4.42e-05,0.000297163,0.030226914,1.3e-06,0.000483559,0.00042669,0.05277453,9.93e-05,1.02e-07,0.000870681,0.004216361,1.490281047,1.953572655,0.071405001,0.832800269,0.702525318,0.417529047,0.112042181,0.088205211,0.557104707,0.003588157,0.776103675,0.49537921,0.700414002,0.882515311,0.511375487,0.674551249,0.728867948,0.999620199,0.02643225,0.02310664,0.072178714,0.000349322,3.85e-05,1.79e-06,0.00014567,0.000433697,6.18e-05,5.55e-05,0.014606855,0.000493193,0.000142396,0.000266818,0.001040031,0.015,0
"485","cid452548","COc1cc(C2c3cc4c(cc3C(OC3OC5COC(c6cccs6)OC5C(O)C3O)C3COC(=O)C23)OCO4)cc(OC)c1O",656.16,13,3,160.83,6,8,16,14,0,42,10,1,0.333,0.469,156.34,1,0,1,1,-3.27576344,1.601765952,1.102023675,6.341965091,4.747070147,-6.002347442,0.153279468,0.000895373,0.028100582,0.000236571,0.004789054,0.000175297,0.603197664,0.248923957,0.727237523,0.000397716,0.993945539,0.513635457,0.989645004,99.25385826,-0.218693255,1.341419772,0.245570302,0.033323772,1,0.18640995,0.999964714,9.12e-06,0.046942703,0.999054134,0.852036238,0.436042488,0.863423288,0.000188948,0.001656838,1.363887796,3.11051491,0.141176566,0.997049034,0.946871698,0.353589624,0.620643437,0.87093246,0.766833067,2.86e-06,0.048769176,0.093272142,0.847074866,0.925161302,0.8162359,0.36146003,0.801757097,0.993822455,0.303570867,0.274717778,0.690148711,0.757662416,0.000590413,9.37e-05,0.003807282,0.007532512,5.32e-05,8.22e-09,0.405526638,0.025866572,0.02239692,0.027051162,0.879823446,0.308,0.003
"486","cid5426","O=C1CCC(N2C(=O)c3ccccc3C2=O)C(=O)N1",258.06,6,1,83.55,1,3,9,6,0,20,1,0,0.723,0.231,57.375,0,0,0,0,-3.132069666,0.438558096,0.332412873,8.792610756,0.810483912,-4.592324554,0.999539018,0.000178681,0.003960731,0.001674712,9.3e-06,3.27e-05,0.00098443,0.726918459,0.965405226,3.14e-07,0.000798934,0.954594195,0.270344198,54.34575408,-0.075468964,40.15226285,0.999934077,4.9e-06,0.999999166,5.17e-09,0.572834134,6.23e-09,2.71e-07,0.000193618,0.978853583,7.63e-11,0.988416433,0.000273648,0.062917635,0.743257705,2.076104708,0.045566216,0.825674713,0.403759748,0.415419847,0.152173594,0.166646957,0.306132913,0.003126826,0.517984986,0.179245785,0.648806274,0.905843675,0.583954334,0.682827771,0.57920289,0.999734461,0.028119752,0.005003699,0.083167128,0.000409686,0.000283009,1.18e-05,0.001304546,0.009830395,0.000232031,0.000878245,0.001262247,0.000767254,0.011222401,0.000156674,0.010009496,0.019,0
"487","cid54686904","CN(C)c1cc(NC(=O)CNC(C)(C)C)c(O)c2c1CC1CC3C(N(C)C)C(=O)C(C(N)=O)=C(O)C3(O)C(=O)C1=C2O",585.28,13,8,205.76,8,4,18,13,0,25,4,1,0.179,0.517,117.818,1,0,1,1,-1.798637595,0.927814087,-0.088822219,4.905189868,8.269855891,-5.653985784,0.994661748,2.41e-05,0.45361197,0.813347161,0.776717842,0.991750594,0.999994048,0.990397334,0.998502612,8.89e-08,4.21e-05,0.000985551,0.949147761,80.96068242,1.061765037,9.942520148,1.35e-05,3.67e-12,1.93e-05,9.97e-10,4.47e-07,4.31e-07,0.0021586,1.54e-06,0.000182347,2.93e-09,1.46e-13,1.54e-08,0.019619156,0.922149472,2.293682849,0.117514394,0.59549278,0.115431085,0.652441263,0.385979146,0.703760326,0.17395331,3.38e-10,7.83e-05,0.985906482,0.699664235,0.045970339,0.987597287,0.741116822,0.75555563,0.999961734,0.204834208,0.112119846,0.145424932,6.1e-06,8.04e-10,5.63e-12,4.97e-10,4.41e-06,5.85e-12,3.61e-15,2.13e-05,7.37e-13,3.11e-12,9.5e-09,2.94e-08,0.001,0.001
"488","cid11494412","O=C1NC(=O)C(c2cn3c4c(cccc24)CCC3)C1c1c[nH]c2ccccc12",369.15,5,2,66.89,2,6,11,5,0,31,2,1,0.53,0.217,100.714,0,0,0,0,-4.456873135,2.791731656,2.684234915,11.24118845,5.079471817,-5.176613896,0.642891228,0.497889996,0.00603761,0.000786424,3.98e-05,0.000228226,0.003088772,0.913293481,0.917402267,0.000302283,0.995543897,0.371770829,0.509462595,93.56954632,-0.392361901,6.960137146,6.15e-05,0.013681452,0.954058826,0.246453211,0.970593631,5.02e-05,0.035945762,0.87384063,0.002259449,0.001223789,0.000876475,0.988117516,0.986521482,2.920902521,0.673117269,0.15414834,0.982010663,0.753847778,0.694317818,0.745121241,0.05653473,0.614257216,2.8e-07,0.028320622,0.567986906,0.848342121,0.982160687,0.906791151,0.770789802,0.876866043,0.999856353,0.042102773,0.033555552,0.485359848,0.839725018,0.000228843,3.65e-05,0.018267831,7.29e-05,4.56e-06,0.11969275,0.286656022,7.43e-07,5.68e-05,0.036342416,0.002594101,0.957,0.293
"489","cid9911830","COc1cc2nccc(Oc3ccc(NC(=O)Nc4cc(C)on4)c(Cl)c3)c2cc1OC",454.1,9,2,107.74,8,4,10,10,0,23,0,0,0.388,0.136,23,0,0,1,0,-6.531208743,3.837621742,4.305370339,11.50534493,4.772497805,-4.95745368,0.147338897,0.111346096,0.008774832,0.000397503,0.000606418,0.001205087,0.201314926,0.999634862,0.999869227,0.02641345,0.999882936,0.005939591,0.976449013,98.80015445,0.031108224,0.91739701,0.255860507,0.715873837,0.01395306,0.196798623,0.967689931,0.000162175,0.851511002,0.043567784,0.996189177,0.306878507,9.96e-07,0.999894142,0.573355734,0.84432143,1.822890339,0.482041568,0.999955177,0.521816552,0.334052056,0.866633534,0.134917855,0.777122676,1.25e-08,0.177771553,0.890838206,0.880472183,0.721581578,0.755978465,0.865422428,0.76485455,0.998136997,0.144387648,0.411266804,0.874063611,0.976291716,0.066160657,0.000478107,0.028945386,0.118068233,0.000792393,0.000239722,0.799647689,0.02183545,0.110494368,0.918687582,0.77440834,0.543,0.093
"490","cid60700","CCC1(O)C(=O)OCc2c1cc1n(c2=O)Cc2cc3c(CN(C)C)c(O)ccc3nc2-1",421.16,8,2,104.89,3,5,21,8,0,27,1,0,0.487,0.348,99,0,0,1,0,-2.902138056,1.187513457,0.766468571,7.758964749,6.050604159,-5.120668386,0.940452635,1.13e-05,0.955733001,0.000287831,0.000627458,0.015253901,0.989236035,0.005153977,0.200598285,0.024405068,0.022900134,0.956989884,0.97994709,50.9299512,0.264312695,45.93895101,0.999308109,9.69e-09,0.027982738,9.78e-08,0.002039758,4.2e-06,1.28e-05,1.79e-06,0.698109269,4.15e-06,0.117732309,7.74e-07,0.127761453,13.76337398,1.568841553,0.368856877,0.783101976,0.978795469,0.880719185,0.989956498,0.975502133,0.981186509,2.92e-08,0.000875115,0.770455003,0.964029551,0.976378083,0.797424912,0.965363264,0.983539939,0.999992967,0.58046627,0.382210433,0.881178975,0.021686468,0.000537248,0.000301219,0.979386628,0.006874353,1.35e-05,2.04e-05,0.830390513,0.000170039,0.093842112,0.006664804,0.998634756,0.314,0.245
"491","cid15547703","CC(C)CC(C(=O)NC(C(=O)OC1CCCC1)c1ccccc1)C(O)C(=O)NO",406.21,8,4,124.96,12,2,6,8,0,14,3,0,0.282,0.571,49.545,0,0,1,0,-3.702680581,2.546890848,2.111857399,7.650466134,5.196665472,-5.529958263,0.82718426,0.161430702,0.002894542,0.016000807,0.016165733,0.615254343,0.985312019,0.936922491,0.998993218,4.15e-05,0.741707087,0.000899015,0.372338325,45.82696296,-0.22527773,53.62699149,1.11e-12,1.37e-06,0.975492835,0.001676877,0.084103562,2.82e-12,8.09e-06,0.999668837,0.993123114,2.16e-08,3.22e-14,0.000176024,0.899479389,3.083298508,1.388064974,0.09099815,0.878476977,0.622738063,0.110016987,0.104749821,0.097596377,0.190523937,1.85e-09,0.001625123,0.026262652,0.850985646,0.327500165,0.83471179,0.414874583,0.819937289,0.998977423,0.099701829,0.003498177,0.662707508,0.002427707,0.199178442,0.022490123,0.298315138,0.603233397,0.012125492,0.003458432,0.567030847,0.7405743,0.04390784,0.023551902,0.176802516,0.267,0
"492","cid11707110","CC(=O)Nc1cccc(-n2c(=O)n(C3CC3)c(=O)c3c(Nc4ccc(I)cc4F)n(C)c(=O)c(C)c32)c1",615.08,9,2,107.13,6,5,10,11,0,30,0,0,0.331,0.231,70,0,0,1,1,-5.079049109,3.194347751,3.276614759,10.13014735,4.820571155,-4.95885085,0.018687913,0.940069854,0.002080253,1.91e-06,7.63e-06,2.97e-05,0.0005427,0.543026567,0.99442482,4.24e-06,0.999999046,0.000868471,0.999959588,96.94198334,0.984300439,2.832892902,0.517028153,0.330155879,0.591727555,0.776984274,0.001714394,0.050902389,0.015945978,0.052082431,0.986207843,0.968283832,2.62e-08,0.996064603,0.783474505,1.531618589,0.68266828,0.694825888,0.974394619,0.429341853,0.301279843,0.84349376,0.302993953,0.685847223,6.68e-09,0.003201277,0.39202702,0.917078614,0.859896779,0.824668288,0.862474322,0.98716855,0.999999523,0.390146852,0.347567976,0.744533181,0.896017969,0.036787119,5.49e-05,0.005429518,0.386167049,0.001127222,1.61e-05,0.165726691,0.04587381,0.006572065,0.345642477,0.16667968,0.52,0.003
"493","cid444795","CC(C=CC1=C(C)CCCC1(C)C)=CC=CC(C)=CC(=O)O",300.21,2,1,37.3,5,1,6,2,0,11,0,0,0.53,0.45,14.034,0,1,1,0,-3.766898567,3.82730524,6.005026477,6.30002836,2.780602677,-4.889610106,0.822360575,0.000515423,0.022811873,0.000236809,0.000314593,0.000200808,0.006909251,0.358334988,0.147602782,0.000495583,0.780743003,0.227643386,0.997840524,95.0363335,0.0700967,5.991530995,0.999969244,0.443733603,0.999930859,0.032513462,0.999996781,0.000654372,0.220802352,0.000364547,0.999792993,0.999911785,0.999999881,0.984677792,0.238224551,1.517416139,1.005821598,0.073438227,0.521048486,0.453114182,0.550948858,0.720319152,0.900139809,0.549845636,0.038183875,0.852182567,0.806144655,0.585744798,0.347875476,0.578896761,0.35882315,0.762445748,0.485970378,0.060749333,0.026836384,0.11717771,0.001302914,0.002336022,0.000137019,0.861780286,0.075132154,0.308261633,0.964375854,0.986288428,0.102400869,0.97780627,0.987735331,0.035651278,0.455,0.665
"494","cid67156097","c1nnsc2nnnc1-2",139,5,0,64.45,0,2,9,6,0,10,0,0,0.507,0,8,0,0,0,1,-0.77009421,0.504042496,0.362912994,4.504772844,2.261480238,-4.548696546,0.576913238,0.071461178,0.226089045,0.35021615,0.253828228,0.813508913,0.8871077,0.420125991,0.239533231,0.174707517,0.614863157,0.534597814,0.208195418,65.82806386,-0.045539446,28.12844359,0.382413536,0.365762383,0.50328511,0.081969559,0.5134992,0.006576879,0.39786616,0.016970795,0.21109511,0.036391795,0.112985082,0.024025192,0.126197547,6.631710225,1.671357634,0.063761108,0.875383258,0.554792166,0.573451042,0.188470304,0.686175942,0.494231671,0.183917046,0.968834043,0.796884298,0.543469429,0.429944873,0.331829876,0.321115464,0.249186039,0.95267576,0.054754205,0.085037924,0.128077134,0.025934845,0.012584783,0.00832436,0.000132502,0.020556735,0.000147633,0.477668017,0.005608685,0.506387591,0.008234579,0.035959959,0.022342419,0.023,0.001
"495","cid5566","CN1CCN(CCCN2c3ccccc3Sc3ccc(C(F)(F)F)cc32)CC1",407.16,3,0,9.72,5,4,14,7,0,22,0,0,0.709,0.429,52.133,0,1,1,0,-4.617911131,4.073741613,5.125799008,10.26362889,8.240741957,-4.639059763,4.93e-05,0.999804914,0.999943495,1.19e-05,0.999814685,0.996990064,0.999881682,0.062826343,0.022064548,0.890043855,0.999999881,0.999984622,0.991861105,97.32004856,0.740708656,2.598787293,1,0.998084664,0.999997616,0.000277457,0.402950466,0.999698997,0.024375785,0.908052683,0.999985337,0.874465346,0.147204176,0.250637561,0.998146176,10.3225979,0.481860205,0.981512189,0.941657484,0.144599229,0.781343758,0.876561344,0.996615112,0.055925127,0.00231622,0.042838302,0.998930752,0.807430267,0.991972566,0.554984331,0.590217412,0.95935446,0.964175224,0.126557902,0.933565319,0.951105177,0.013431578,0.144671664,0.001220104,0.114721067,0.093599103,0.00186204,0.000799868,0.180836484,0.015121366,0.007364926,0.170138106,0.055684093,0.544,0
"496","cid107985","CC(C)C12OC1C1OC13C1(C)CCC4=C(COC4=O)C1CC1OC13C2O",360.16,6,1,84.12,1,7,20,6,0,27,9,1,0.557,0.85,155.514,0,0,0,0,-3.299375258,1.928965935,1.600136053,6.802645068,5.20287904,-4.618076166,0.408717096,0.263135791,0.081396699,0.027546108,0.141712546,0.168947995,0.505822837,0.521897912,0.495010942,0.001598635,0.958112121,0.117266431,0.982835054,76.29459204,0.069270621,25.87104713,0.001296438,0.003919799,0.186344549,0.004247561,0.652215302,5.29e-05,0.000671597,0.014681454,0.263682812,0.000328948,0.113813296,0.079780549,0.681625664,8.991498566,2.341989266,0.115979999,0.410523772,0.938451767,0.902194381,0.837193847,0.950047731,0.547461271,1.84e-09,0.000541852,0.291624814,0.642622411,0.797833025,0.934018433,0.222911879,0.270528287,0.990476727,0.420717537,0.063316301,0.785907388,0.12176346,0.010047588,0.002067891,0.10667865,0.415692091,0.024810657,0.000681782,0.50924772,0.014751633,0.079730764,0.332366705,0.852155983,0.054,0.001
"497","cid49850262","CN1CCc2c(c3ccccc3n2Cc2ccc(C(=O)NO)cc2)C1",335.16,5,2,57.5,4,4,13,5,0,22,0,0,0.572,0.25,47.04,0,0,0,0,-2.658169293,1.366832386,0.973149976,8.49989357,6.601944447,-5.239299188,0.014998579,0.268053353,0.973107278,0.002962351,0.062882006,0.772823498,0.844877169,0.24178046,0.158718169,0.628544331,0.988100767,0.025283158,0.912652016,81.27211549,0.424941713,19.15852384,0.902110159,3.21e-09,0.000577967,3.64e-09,1.76e-05,2.51e-05,3.22e-05,0.01451114,0.324716866,8.05e-11,4.91e-13,0.020145193,5.1e-06,10.21939054,1.613238072,0.906040311,0.989839792,0.995670557,0.412446082,0.740469456,0.991578102,0.949175596,4.31e-10,0.000376615,0.75381422,0.97431004,0.809798598,0.691179514,0.914093018,0.982504308,0.999992728,0.285451621,0.103217259,0.954511523,0.030519139,0.017492199,0.000853914,0.00286577,0.161679015,3.86e-05,6.58e-05,0.096057862,0.105340004,0.000531417,0.000695384,0.096890353,0.86,0.01
"498","cid119607","Cc1onc(-c2ccccc2)c1-c1ccc(S(N)(=O)=O)cc1",314.07,5,2,86.19,3,3,6,6,0,19,0,0,0.805,0.062,18,0,0,0,0,-3.473340767,2.084312091,1.810460849,8.380406134,3.69413421,-4.499041613,0.162441537,0.270465046,0.001280857,0,4.95e-05,0.000156403,0.049187481,0.270305336,0.576690793,0.004555796,0.987192512,0.999083519,0.994683444,97.3818626,-0.140402893,2.152277671,0.8815099,0.84430337,0.242653236,0.840430319,0.999971032,0.003417914,0.999129474,0.000435955,0.999981284,0.057303261,0.000794724,0.99991703,0.042365439,0.872154571,0.710626621,0.209346354,0.99998188,0.5143677,0.338876396,0.947001755,0.004695272,0.465205193,8.9e-06,0.303049326,0.589380324,0.965882659,0.329189301,0.693980813,0.66164577,0.210476682,0.999756277,0.057468481,0.021631615,0.689851105,0.00511077,0.053171229,0.010504242,0.00052507,0.812152743,0.189313382,0.0094645,0.102033801,0.003190655,0.000379497,0.656551003,0.000906599,0.135,0.007
"499","cid3081361","COc1cc2c(Nc3ccc(Br)cc3F)ncnc2cc1OCC1CCN(C)CC1",474.11,6,1,59.51,6,4,10,8,0,23,0,0,0.542,0.364,51.333,0,1,1,0,-4.530308496,3.340401498,3.834533528,9.173502688,7.447961908,-4.979015686,0.083473235,0.931118965,0.061532553,2.88e-05,0.000523865,0.001219809,0.015188813,0.994347632,0.999456227,0.969018281,0.999990106,0.282693058,0.988989651,88.7100447,1.078055875,8.91489922,0.772984385,0.00028881,0.998555601,4.38e-06,0.027599715,0.61506325,0.999530196,0.085718453,0.999976754,0.832578599,2.2e-06,0.99778229,0.017990418,5.550279683,1.082555333,0.923768342,0.826950908,0.261074275,0.915780604,0.938607574,0.559394658,0.34236756,6.73e-05,0.033897862,0.984235406,0.910835445,0.978743374,0.845984042,0.566444397,0.958346069,0.996745825,0.114312701,0.210485443,0.55435133,0.656677365,0.110833652,0.003655285,0.422625273,0.262694001,0.001583718,0.018796505,0.65822649,0.835377634,0.049744274,0.626365244,0.272180587,0.288,0.033
"500","cid11960529","CC1(c2nc3c(C(N)=O)cccc3[nH]2)CCCN1",244.13,5,4,83.8,2,3,9,5,0,16,1,0,0.743,0.385,58.556,0,0,0,0,-2.507615881,1.236315079,0.983593266,10.70080919,6.909269004,-5.350212062,0.556049705,0.001903965,0.86404556,2.92e-05,6.56e-05,0.00099653,0.082321823,0.295374393,0.935532451,0.00529289,0.007185265,0.559158802,0.790282905,56.94463902,0.543006207,39.64165803,0.989089429,8.12e-06,0.064238645,9.13e-05,0.000273279,0.006632574,0.001475992,0.004557225,0.085563183,0.004579943,4.96e-05,0.001001676,0.044743337,6.455582753,1.032598939,0.394509405,0.832657695,0.597438335,0.610355973,0.413927972,0.151674479,0.610516667,0.000146169,0.824738741,0.903522789,0.796129107,0.933293402,0.400498658,0.624980152,0.724132657,0.96421355,0.060496632,0.051579509,0.301486462,0.382318676,0.010579779,0.003485408,0.144847989,0.074282013,0.006787064,0.011292518,0.584676564,0.013981528,0.014040499,0.71150136,0.176837206,0.06,0.005
"501","cid10077130","CCOC(=O)NC1CCC2C(C1)CC1C(=O)OC(C)C1C2C=Cc1ccc(-c2cccc(F)c2)cn1",492.24,6,1,77.52,7,5,13,7,0,30,7,1,0.548,0.483,98.326,0,0,1,0,-5.833199967,3.91515199,4.6039913,9.377056933,4.419150234,-4.663981007,0.040525809,0.941578329,0.002812246,5.51e-05,0.001384497,0.003617644,0.027197301,0.998965025,0.999994397,0.336630732,0.999999881,0.0096487,0.838575244,98.5689401,0.115345859,1.328608033,0.031612359,0.01901486,0.557747722,0.000694324,0.000514851,1.38e-05,0.000160559,0.884494245,0.000146902,9.71e-05,0.000195159,0.999947071,0.996158302,2.284699082,0.918400274,0.821547687,0.88933754,0.390237868,0.528572857,0.991150379,0.003506501,0.463746786,2.85e-11,9.27e-05,0.498412311,0.841783822,0.769795001,0.979994059,0.034102216,0.7769683,0.994010627,0.098558396,0.42674011,0.904562116,0.095854849,0.028063152,0.006886092,0.004419404,0.515185237,0.000216217,5.82e-05,0.308708429,7.35e-05,8.35e-05,0.018250287,0.00144867,0.962,0.187
"502","cid5311","O=C(CCCCCCC(=O)Nc1ccccc1)NO",264.15,5,3,78.43,10,1,6,5,0,8,0,0,0.383,0.429,6,0,0,0,0,-2.19608339,1.381956248,1.176500964,8.048535795,5.157966056,-5.178155664,0.967455804,0.001383886,0.522877872,0.000263631,0.000136256,5.44e-05,0.451951146,0.001352394,0.196892649,1.95e-05,0.500615954,0.871127069,0.871347487,77.94458209,-0.337815748,21.06464134,0.003618849,0.206645936,0.00017836,0.108526006,7.05e-07,0.006209155,5.56e-08,0.151224479,4.79e-05,2.26e-06,2.13e-09,0.809874475,0.001995322,5.746893126,0.676030957,0.163556695,0.849228621,0.969465017,0.061729554,0.025060914,0.999335349,0.682117403,5.51e-06,0.435037106,0.20051229,0.892569482,0.016075896,0.137805432,0.919694781,0.969640791,0.999877334,0.163958684,0.000792803,0.848926544,0.0032394,0.012996607,0.000120599,0.015862457,0.382144511,0.000620728,5.54e-05,0.760585427,0.9852705,0.001506202,0.03542906,0.051156148,0.013,0
"503","cid100016","O=c1ncccn1C1OC(CO)C(O)C1O",228.07,7,3,104.81,2,2,6,7,0,12,4,0,0.533,0.556,42.857,0,0,0,0,-0.079064178,-1.426058201,-1.638017859,8.492744076,3.353742371,-5.508410096,0.95742178,2.37e-06,0.001418003,0.432290554,0.839815363,0.974968994,0.666331172,0.017011141,0.809360087,7.26e-05,0.022745915,0.373753995,0.919544578,13.1263215,-0.116032684,89.40622807,0.000133084,1.25e-08,0.03827272,1.06e-06,0.999333084,9.16e-09,0.000166361,0.000114545,0.107128531,0.000670286,5.02e-06,0.000285427,0.004444131,4.849969758,1.75291239,0.043981984,0.770405829,0.574636221,0.373930275,0.101969332,0.593737721,0.324949771,0.001225307,0.539547265,0.435323954,0.65636158,0.846361339,0.833119929,0.290111303,0.316823632,0.904829979,0.053567685,0.021791914,0.112163804,0.001267854,0.00942791,0.000199289,0.023005305,0.136587143,0.030348841,0.000250716,0.328146905,0.002463408,0.002704296,7.7e-05,0.473187894,0.004,0
"504","cid24360","CCC1(O)C(=O)OCc2c1cc1n(c2=O)Cc2cc3ccccc3nc2-1",348.11,6,1,81.42,1,5,21,6,0,27,1,0,0.533,0.25,90.72,0,0,0,0,-3.246202201,1.545057917,1.266302642,7.226896678,3.760902124,-4.884854796,0.795909166,0.045209911,0.750619888,0.029768288,0.429073036,0.713151246,0.897821173,0.668287218,0.877164125,0.572652817,0.958096504,0.635024607,0.930517614,98.60030401,-0.222282257,0.630527839,0.726639271,0.000130428,0.000957057,0.000162082,0.004508707,8.73e-08,8.17e-06,0.051732387,0.515080273,3.29e-05,0.010713612,0.776208818,0.685370326,6.790637268,1.11175021,0.177916288,0.908750951,0.979756653,0.748113871,0.981210053,0.859113514,0.983971834,5e-08,0.013365501,0.402718812,0.954039812,0.969065845,0.675631225,0.957404733,0.981989861,0.999984026,0.516380906,0.404083341,0.849970222,0.922343612,0.024218263,0.201656953,0.935309768,0.597266376,0.172940359,0.066132627,0.77115041,0.370880157,0.927716255,0.975841403,0.997657776,0.313,0.733
"505","cid6253","Nc1ccn(C2OC(CO)C(O)C2O)c(=O)n1",243.09,8,5,130.83,2,2,6,8,0,12,4,0,0.449,0.556,46.429,0,0,0,0,-0.349476656,-1.793044612,-1.987759249,9.502138425,3.590069893,-5.821099649,0.971040368,2.11e-05,0.125252575,0.609157741,0.21182853,0.937620591,0.515737385,0.001963334,0.241383836,0.000844329,0.000976829,0.492679179,0.431686491,13.89063124,-0.112501517,91.01617452,0.00130114,2.18e-10,0.988007545,3.06e-08,0.99999404,9.07e-11,0.919743776,0.000544491,0.999934912,2.37e-05,0.001787812,6.35e-06,0.012326053,3.908697126,1.935534521,0.039911725,0.915334404,0.808591366,0.352050394,0.141318962,0.400008708,0.575939476,3.68e-05,0.396969616,0.514546692,0.733377397,0.964002192,0.874475479,0.379144073,0.292481631,0.997868776,0.07998544,0.019668698,0.207488701,0.001239785,0.018217126,0.005778457,0.01072973,0.217633262,0.019737847,5.69e-05,0.461674601,0.002534967,0.00040668,0.000669852,0.933315098,0.014,0
"506","cid44182295","COc1cc(F)c(F)c(Nc2ccc(I)cc2F)c1NS(=O)(=O)C1(CC(O)CO)CC1",572.01,7,4,107.89,9,3,6,12,0,17,1,0,0.343,0.368,77.538,0,0,1,1,-4.703194489,2.913812178,2.868708548,8.118573031,4.964399386,-4.702856438,0.056199331,0.105629645,0.000905224,0.000100374,2.96e-05,0.000169992,0.000159502,0.927678585,0.988379478,0.009960573,0.999830008,0.018768143,0.984763682,97.35311566,0.431391838,2.293527194,0.000201823,7e-05,0.000123711,0.202956066,0.048725668,6.8e-07,7.53e-05,0.180234715,0.901512325,0.130792305,1.32e-14,0.691340029,0.076315127,4.154253937,0.810198426,0.67081362,0.979502439,0.293941617,0.381453782,0.108552665,0.456839234,0.227939308,4.42e-05,0.256648004,0.642802536,0.943241298,0.524741232,0.992024899,0.365013957,0.996653497,0.999150991,0.130951256,0.453224748,0.200315207,0.745805621,0.689740002,0.059585523,0.252558172,0.376799107,0.069224894,0.074128874,0.788031757,0.101892091,0.421903759,0.958735406,0.822332144,0.742,0.001
"507","cid216326","Nc1cccc2c1CN(C1CCC(=O)NC1=O)C2=O",259.1,6,3,92.5,1,3,9,6,0,19,1,0,0.549,0.308,59,0,0,0,0,-3.047616922,-0.056594352,-0.453798804,11.07147299,3.013480459,-5.047140785,0.995919704,0.000152665,0.681686223,0.001428246,0.004138649,0.004227698,0.05410707,0.412560314,0.762412429,3.39e-05,0.003347786,0.473429173,0.819668174,35.29449792,-0.180235057,60.93527133,0.004888504,0.001075929,0.680440903,3.85e-06,0.005060125,2.53e-08,3.28e-05,0.000575855,0.96945399,6.54e-05,0.023264891,0.00121178,0.068490297,3.106448545,1.805222001,0.076465949,0.965014637,0.725069404,0.552889526,0.256692469,0.700428545,0.52111882,4.81e-06,0.115284853,0.475471467,0.733613789,0.976087928,0.716360331,0.816501021,0.795538485,0.99999547,0.05680953,0.004783499,0.201205492,0.013150435,0.000214223,7.7e-05,0.007805878,0.124550298,0.003415776,0.000913742,0.00480366,0.000401639,0.000373783,0.00090502,0.00369492,0.039,0.008
"508","cid9943465","Cn1cc(C=C2C(=O)Nc3cccnc32)c2ccccc21",275.11,4,1,46.92,1,4,9,4,0,22,0,1,0.694,0.059,40,0,0,0,0,-4.22499171,3.029660922,2.967520011,10.84935424,4.252140869,-4.6934794,0.335674077,0.831517279,0.028221086,0.041203558,0.029995024,0.377761662,0.804987714,0.988520443,0.997236609,0.145847902,0.929507196,0.124558866,0.544004142,91.80871246,0.197709004,6.446082949,0.539082348,0.970058382,0.229677379,0.159233749,0.240958095,0.001979885,0.01388376,0.979950547,0.62841028,0.001036481,0.000471059,0.13092418,0.66686213,5.699418113,0.618584948,0.278305173,0.936720371,0.886710525,0.479902536,0.749632895,0.478390068,0.744808376,4.27e-05,0.691785455,0.732342482,0.867084563,0.958326578,0.59208709,0.785193503,0.799146116,0.987844408,0.145360947,0.222006917,0.519154787,0.974579811,0.008080881,0.000157265,0.030963743,0.011745221,0.000182518,0.001595725,0.905981243,0.001273082,0.007892712,0.724837124,0.429390013,0.661,0.989
"509","cid126565","CC12OC(CC1(O)CO)n1c3ccccc3c3c4c(c5c6ccccc6n2c5c31)CNC4=O",439.15,7,3,88.65,1,8,25,7,0,36,3,1,0.373,0.269,145.333,0,0,1,0,-4.190416001,2.779702888,2.471226499,8.594427497,6.323689912,-5.480470674,0.563386559,0.144462615,0.550856709,0.059357643,0.290561497,0.90952529,0.85105288,0.660678267,0.707164824,0.329280525,0.757849157,0.713277876,0.680061042,97.70154669,0.236602992,2.771658765,0.001010622,0.010404102,0.385045677,0.010552471,0.312124878,1.54e-05,3.89e-05,0.06369403,0.9981969,0.001034458,7.2e-06,0.999987841,0.000546002,2.016221642,1.204280067,0.66221559,0.915997684,0.954603851,0.689026833,0.92784965,0.819801211,0.8132267,2.01e-14,2.35e-05,0.945681453,0.962222993,0.992797315,0.963303745,0.655558825,0.648937166,0.999992371,0.538184404,0.37166518,0.697832048,0.917287111,0.096768729,0.987008035,0.984610975,0.96384275,0.837503016,0.256332874,0.961534739,0.854677796,0.910120726,0.999602854,0.996319175,0.616,0.03
"510","cid176158","Cn1cc(C2=C(c3ccc(Cl)cc3Cl)C(=O)NC2=O)c2ccccc21",370.03,4,1,51.1,2,4,9,6,0,23,0,0,0.691,0.053,46,0,1,0,0,-4.932292102,3.418420038,3.631202597,9.385094472,3.888443521,-4.610451831,0.455569506,0.076589085,0.000282475,0.000157237,2.36e-05,0.001460314,0.002201617,0.944142163,0.88061887,1.12e-05,0.993831992,0.660481632,0.647489667,98.91535947,-0.130624569,0.809789711,7.48e-06,0.00130402,4.57e-11,0.318276107,5.46e-05,1.87e-08,3.11e-07,0.999999642,1.25e-06,0.842976391,6.91e-16,0.999998331,0.999230266,1.019879243,1.260263429,0.326801628,0.973636448,0.52073431,0.45885995,0.410444468,0.613843858,0.597459197,0.003795743,0.678954184,0.414612383,0.79362601,0.937337399,0.543927014,0.780070126,0.87770927,0.948665857,0.04967045,0.209437132,0.601012528,0.851595223,0.048046999,0.001749825,0.076420441,0.005258737,0.000544599,0.009081475,0.31052953,0.00026554,0.044956468,0.895938754,0.232697338,0.999,0.631
"511","cid11667893","CC1(C)CNc2cc(NC(=O)c3cccnc3NCc3ccncc3)ccc21",373.19,6,3,78.94,6,4,9,6,0,23,0,0,0.629,0.227,47.259,0,0,0,0,-4.84731094,3.261139943,3.454275184,10.6514938,6.027641051,-5.176711918,0.041062538,0.899978399,0.202826798,0.004723191,0.164825499,0.726570398,0.988128329,0.996846974,0.996840239,0.220235124,0.985246241,0.00823932,0.849061608,98.28789704,0.045965549,1.590879245,0.138121903,0.999420047,1.2e-08,0.999942422,5.96e-05,0.874602318,0.007645932,0.999691963,0.151114926,0.999976873,1.03e-11,0.999999881,0.979411781,4.255574067,0.489249356,0.885842681,0.997808158,0.734229326,0.511759341,0.867662787,0.291587204,0.554485857,4.3e-11,0.058494627,0.644050002,0.741517901,0.960054398,0.41648981,0.32708329,0.946567416,0.999915242,0.287399054,0.421664029,0.811250985,0.99990344,0.009601087,3.19e-05,0.997353673,0.134204283,0.002855498,0.003887267,0.998381734,0.721533239,0.346644014,0.994702518,0.094546668,0.144,0.274
"512","cid300471","CN(NC(=O)CC(=O)NN(C)C(=S)c1ccccc1)C(=S)c1ccccc1",400.1,6,2,64.68,10,2,6,8,0,16,0,0,0.465,0.158,14,0,0,1,0,-2.97376676,2.144180413,1.943884065,8.833885182,-1.107077894,-4.731080329,0.746998847,0.01441851,0.010054846,1.91e-06,0.001340508,0.000765324,0.798234403,0.05911015,0.799437582,3.34e-06,0.21118784,0.205997437,0.999405146,93.82050575,0.219667037,6.232543254,0.001222428,0.53237021,0.473912507,0.011218507,5.55e-05,6.34e-05,0.001487988,0.001021648,0.514424384,0.3251867,0.001375299,0.03604088,0.67266202,4.260388111,0.500474664,0.059115909,0.999791682,0.588835657,0.617281199,0.421155483,0.999853015,0.71144557,7.37e-06,0.371208191,0.339443892,0.312355787,0.268027514,0.076540507,0.092938229,0.586038291,0.999988079,0.173076808,0.055784546,0.606962264,0.052007396,0.000291567,0.00171504,6.55e-05,0.021019761,1.86e-06,0.000217203,0.060534623,0.000426103,0.006823402,0.000467687,0.00010911,0.888,0.023
"513","cid24776445","CS(=O)(=O)c1ccc(C(=O)Nc2ccc(Cl)c(-c3ccccn3)c2)c(Cl)c1",420.01,5,1,76.13,5,3,6,8,0,21,0,0,0.662,0.053,20,0,0,1,0,-4.560133373,2.940517238,2.833341593,8.766957209,4.821577074,-5.077717328,0.903213501,0.12606591,0.000812801,0.00012064,0.000627697,0.00461489,0.10293138,0.996323705,0.999765694,0.000461403,0.999926925,0.003821845,0.863243818,98.91544902,-0.782560052,0.528045527,0.964251935,0.216327235,0.002143385,0.284835428,0.194818497,0.005153984,0.000311293,0.126852989,0.996799946,0.087757207,3.98e-06,0.999188602,0.299592108,-0.036670202,1.428049789,0.884913862,0.999886751,0.404767215,0.389687002,0.850615859,0.50862807,0.384563565,9.48e-08,0.167173654,0.515173614,0.922799051,0.623158038,0.546628237,0.553258777,0.943134427,0.99800092,0.268341005,0.632557631,0.871340334,0.774984419,0.038918067,0.000283847,0.008444952,0.109171242,0.00291949,0.000136983,0.665449381,0.003077458,0.016535418,0.891503811,0.02551767,0.956,0.226
"514","cid10077147","O=C(NCCCNc1nc(Nc2cccc(NC(=O)N3CCCC3)c2)ncc1I)c1cccs1",591.09,9,4,111.28,12,4,6,11,0,24,0,0,0.211,0.304,47.6,0,0,1,1,-4.615260902,2.962880041,3.610955901,8.886323741,3.451849457,-5.130015262,0.077441752,0.987715423,0.51291126,0.787147626,0.022374809,0.088488519,0.980545804,0.996701539,0.996594369,0.136144057,0.999988914,2.17e-06,0.167791277,95.80564666,0.444048903,3.669524944,0.085869752,0.554865062,0.051572137,0.78493464,0.006852573,0.032479789,0.988761485,0.990946412,0.10783723,0.129920453,7.78e-10,0.999999881,0.998233795,5.63713867,0.319924648,0.926812947,0.993564546,0.254141271,0.101875164,0.217738613,0.766740143,0.618745565,1.6e-10,0.006908076,0.540941834,0.842902005,0.459856272,0.834829569,0.162121356,0.973614752,0.999943256,0.122026429,0.49810499,0.901277542,0.984873533,0.044781141,0.019136416,0.067868575,0.092890985,0.00065796,0.001458456,0.992556572,0.294371635,0.141978085,0.959034443,0.582263768,0.632,0.457
"515","cid11327430","O=c1cc(N2CCOCC2)oc2c(-c3cccc4c3sc3ccccc34)cccc12",413.11,4,0,42.68,2,6,13,5,0,33,0,1,0.374,0.16,66,0,1,1,0,-6.798892829,3.953746004,4.789744808,9.27476919,1.369237562,-4.822031388,0.012499614,0.844000161,0.828235388,0.000154853,0.048198104,0.413457572,0.979919065,0.633029699,0.954793751,0.395255655,0.999473751,0.291350991,0.888307273,98.28293175,0.194925243,0.682568324,0.832859278,0.022855675,0.75541538,0.27320829,0.998846769,0.14017722,0.986971438,0.396787286,0.094340414,0.861927092,0.64085561,0.136236668,0.774954259,4.363321897,0.376718243,0.174996302,0.999574721,0.926680744,0.365043193,0.123049133,0.724713564,0.990406334,3.47e-05,0.201426506,0.190211698,0.9187994,0.619824588,0.564499438,0.272019178,0.641758502,0.999963999,0.279830128,0.047526132,0.668708146,0.559778154,0.169464439,0.201321498,0.831038296,0.561334252,0.029428871,0.863673985,0.962610781,0.573548377,0.726206303,0.9272753,0.884554327,0.994,0.924
"516","cid10459196","CC(=O)OC1C(C)OC(Oc2c(-c3ccc(O)cc3)oc3cc(O)cc(O)c3c2=O)C(O)C1OC(C)=O",516.13,12,4,182.19,7,4,10,12,0,26,5,1,0.362,0.32,92.485,1,0,1,1,-3.869848636,1.646637104,1.43175469,7.222251421,3.246090982,-6.048458855,0.987826407,0.011927323,0.939293027,0.025048077,0.181842804,0.926240683,0.998469729,0.193988785,0.972883463,0.901787937,0.902904928,3.79e-05,0.979543507,79.5161781,0.069016444,21.00087352,0.006877368,0.000995321,0.009316092,0.000481689,0.001201239,0.047600821,0.004273454,0.993884027,0.000233212,0.000251399,2.27e-08,0.999999523,0.999286234,2.938595362,1.627881345,0.036868084,0.813669264,0.643832862,0.464941889,0.752711833,0.552139044,0.383224159,0.000604936,0.756980002,0.220588073,0.394920826,0.055529654,0.373066992,0.033577234,0.016049813,0.989734888,0.039111484,0.193539783,0.789409876,0.034831751,0.611752272,0.019922048,0.145626649,0.992037058,0.971890688,0.001227068,0.867001772,0.737518966,0.009518897,0.991810501,0.957528472,0.236,0.059
"517","cid11624601","CCOc1nc(NC(=O)Cc2cc(OC)ccc2OC)cc(N)c1C#N",356.15,8,3,119.49,8,2,6,8,0,14,0,0,0.78,0.278,14,0,0,0,0,-4.214234207,2.964951305,2.733895878,8.54342992,5.207164611,-4.856764602,0.373921871,0.379839301,0.000537849,0.0051682,0.012085438,0.006951809,0.773981154,0.133334503,0.92749542,2.48e-06,0.998282313,0.001067311,0.96072346,95.89528558,0.330080006,3.702096831,0.479651511,0.987892509,0.994822979,0.999665856,0.003636087,0.044482272,0.159652263,0.836266637,0.001021104,0.366821826,7.22e-06,0.081115961,0.20395641,3.085474697,0.970328755,0.344238937,0.942159891,0.463624895,0.378026336,0.668180346,0.191556484,0.808532596,5.15e-05,0.65160352,0.882560611,0.52680099,0.92587471,0.393090576,0.453168243,0.564304471,0.978509486,0.078607991,0.112665839,0.457300365,0.974947929,0.19343771,0.080438621,0.005492081,0.205244988,0.004028408,0.007000552,0.352268934,0.020029301,0.008210796,0.689892471,0.254760176,0.226,0.147
"518","cid10384072","O=C1NC(=O)c2c1c(-c1ccccc1Cl)cc1[nH]c3ccc(O)cc3c21",362.05,5,3,82.19,1,5,16,6,0,27,0,1,0.443,0,54,0,0,0,0,-5.832288673,3.576168592,3.855448855,11.85342657,5.724341701,-5.380053362,0.822849929,0.043321885,0.019488022,0.003672421,0.008646429,0.091437161,0.559139192,0.96495527,0.982325971,0.009438817,0.964492857,0.098763704,0.251295149,98.78693192,-0.225509704,0.749602085,0.00110944,0.898065984,0.06702967,0.997263074,0.972437561,0.013753874,0.121033691,0.865014315,0.003715086,0.417130828,3.07e-06,0.996719182,0.546390116,2.15562523,1.070048916,0.385885894,0.98591435,0.761158824,0.456467777,0.646669984,0.74676764,0.756402016,2.18e-05,0.947678447,0.814290702,0.725990117,0.953326225,0.510711074,0.770255387,0.853165686,0.990607262,0.075078845,0.48827064,0.784863174,0.882147431,0.442677706,0.338705838,0.25701201,0.245615497,0.030589493,0.158886045,0.965110779,0.044489875,0.600856066,0.992624044,0.695704639,0.998,0.661
"519","cid1401","CCN(CC)CCCCNc1ncc2cc(-c3cc(OC)cc(OC)c3)c(NC(=O)NC(C)(C)C)nc2n1",523.33,10,3,113.53,15,3,10,10,0,18,0,0,0.279,0.5,22,1,0,1,1,-4.809694056,3.974366641,5.248448335,9.803401755,7.372082506,-5.157316457,2.24e-06,0.788492441,0.964359343,0.000737965,0.007995427,0.001482785,0.624187052,0.987958193,0.988910913,0.624872565,0.992509484,0.064346217,0.927749515,84.1006903,0.685300722,13.34590641,0.996627271,0.00293849,0.99999845,7.55e-06,0.000116495,0.99998796,0.898859501,0.835639894,0.985120356,0.000953048,7.73e-07,2.06e-05,0.725337267,5.936089431,0.553575377,0.974513352,0.899897516,0.207796291,0.606049597,0.753712535,0.674271107,0.451341897,1.54e-10,0.004759205,0.980369747,0.835312724,0.991243362,0.84322542,0.537922442,0.992733955,0.997123301,0.204499006,0.564067245,0.737335324,0.904889286,0.000170525,0.006654432,0.124315158,0.904116213,0.007564443,0.000259665,0.951521635,0.111226469,0.00421227,0.974594533,0.28842321,0.277,0.069
"520","cid9914412","COc1cc2c(Nc3ccc(NC(=O)c4ccccc4)cc3)ncnc2cc1OCCCN1CCOCC1",513.24,9,2,97.84,11,5,10,9,0,30,0,0,0.294,0.276,55.405,0,0,1,1,-4.779744745,3.393971341,3.703280436,9.650291747,6.308760515,-5.033422946,0.683595479,0.825384021,0.181150213,0.00043875,0.004152417,0.004144371,0.635539472,0.999152899,0.99992764,0.856218636,0.999987602,0.000106921,0.980123103,91.37422387,0.255106819,8.00251065,0.000514719,0.000629062,0.896190286,0.000756875,3.96e-05,0.963899016,0.391771227,0.523747146,0.999979734,0.072463579,2.7e-11,0.999999881,0.882099748,4.045077763,0.956696713,0.960757792,0.997332931,0.711610734,0.474625558,0.587769389,0.586712122,0.286544234,1.94e-08,0.073774792,0.579526782,0.767727911,0.932787061,0.247527272,0.477586478,0.974377036,0.947556615,0.322734177,0.202042282,0.935889423,0.978844821,0.084186934,0.144272119,0.859345555,0.67304945,0.005435474,0.011595323,0.987490237,0.742006838,0.137933314,0.993117929,0.962458491,0.232,0.205
"521","cid135400873","O=C1NC(=NCc2cccs2)SC1=Cc1ccc2ncccc2c1",351.05,4,1,54.35,3,4,10,6,0,24,0,0,0.724,0.056,38,0,0,0,0,-3.983341455,2.763520996,2.320509894,8.49992964,3.687704466,-4.79171637,0.55994761,0.031084197,2.29e-05,0.087697268,0.413903177,0.857484519,0.212614238,0.864156127,0.979536772,2.54e-08,0.999199808,0.553792477,0.107949167,96.48187806,0.070468175,3.093340881,0.878256857,0.953751504,4.84e-05,0.99343127,0.002962105,0.008206735,0.023554694,0.560232639,0.811592519,0.965230942,4.08e-09,0.946420848,0.884206831,6.282626497,0.680772761,0.275537133,0.997185647,0.849574268,0.528811932,0.71341455,0.992316246,0.620051801,9.47e-05,0.346938223,0.981658101,0.929106712,0.732323527,0.461540222,0.33958438,0.661985934,0.996880531,0.042246308,0.071115248,0.383137256,0.462966204,0.008555741,0.00242781,0.008357162,0.168859035,0.002504766,0.141448423,0.660275638,0.011553798,0.055867668,0.201486543,0.306445509,0.994,1
"522","cid5330286","CC(=O)c1c(C)c2cnc(Nc3ccc(N4CCNCC4)cn3)nc2n(C2CCCC2)c1=O",447.24,9,2,105.04,5,5,10,9,0,30,0,0,0.575,0.458,67.886,0,0,1,0,-4.012197527,2.653316344,2.670991948,9.037877102,6.615221896,-5.287214588,0.001816259,0.020249052,0.01201195,0.000114441,0.001916647,0.071715534,0.999060957,0.999998927,1,0.126754567,0.999982595,4.67e-05,0.997886002,80.55715434,1.01446628,16.49120447,0.946763933,0.00187189,0.219695851,0.247100115,0.000340455,3.15e-05,0.002386911,0.03245163,1,0.018518332,6.37e-06,0.620769441,0.758990526,3.777216627,0.694455821,0.945052803,0.996853173,0.691649258,0.696527243,0.882050037,0.081107721,0.769229472,1.13e-09,0.003839391,0.988596022,0.990579665,0.995590925,0.96733886,0.846324384,0.998140097,0.999730289,0.620126605,0.737739146,0.873119414,0.731520593,0.106643572,0.025494486,0.644621015,0.788032711,0.012525744,0.261719167,0.999171019,0.992378712,0.408194989,0.968559563,0.377443641,0.35,0.082
"523","cid9826528","O=C(NOCC(O)CO)c1ccc(F)c(F)c1Nc1ccc(I)cc1F",482,6,4,90.82,8,2,6,10,0,13,1,0,0.36,0.188,30,0,0,1,0,-4.257598438,2.640461477,2.558329116,7.446669526,5.532333189,-4.825955098,0.174944237,0.014247162,0.431248099,0.038430512,0.006531596,0.210942805,0.08467114,0.952569902,0.985746622,0.001449189,0.002889218,0.021029659,0.484309345,96.86181397,0.567714962,2.254807515,0.294448793,0.000198905,1.22e-06,0.993777037,0.158783093,0.001713534,5.17e-05,0.663141429,0.000189598,0.003589419,5.35e-13,0.995621502,0.003008612,3.636375696,0.831799549,0.913841605,0.999106944,0.92072916,0.228868276,0.032634988,0.985089779,0.2414729,5.86e-08,0.081131674,0.370639503,0.75784421,0.645697236,0.986373782,0.374099433,0.998999059,0.998695552,0.10646823,0.471315861,0.505314708,0.973948419,0.437051028,0.070501029,0.053648841,0.693129361,0.187461257,0.017354134,0.650369525,0.059261415,0.17044647,0.960709155,0.293861181,0.598,0.03
"524","cid135421339","CN(C)CCOc1ccc(-c2nc(-c3ccc4c(c3)CCC4=NO)c(-c3ccncc3)[nH]2)cc1",453.22,7,2,86.63,7,5,9,7,0,28,0,0,0.308,0.222,55.152,0,0,1,0,-4.058953361,2.695898858,2.874347035,10.27402266,7.575376709,-5.386708991,0.860644579,0.90392524,6.03e-05,1.91e-06,0.000696301,0.013554513,0.029946983,0.02704653,0.300691903,0.382663041,0.999588668,0.946240664,0.695937097,97.76361448,0.193012576,2.798735607,0.999951959,0.18940568,0.043351479,0.000124705,0.818120241,0.564130604,0.99950254,0.009741871,0.914810598,0.825827241,3.92e-05,0.999807894,0.01982847,5.580799313,1.102458548,0.836944878,0.993111968,0.941583633,0.885029614,0.941431105,0.326946884,0.971985579,4.9e-10,0.001260568,0.988719404,0.949731827,0.833899856,0.971990764,0.793985248,0.97984916,0.980572462,0.288172811,0.302115411,0.790203989,0.655555844,0.149728894,0.004300699,0.974898398,0.297095388,0.002508573,0.006246215,0.837779462,0.029345931,0.096458159,0.527069986,0.813342452,0.579,0.869
"525","cid2314623","O=C1C(=Cc2cccs2)CCC1=Cc1cccs1",272.03,1,0,17.07,2,3,5,3,0,18,0,0,0.728,0.133,31.294,0,1,0,0,-3.997428736,3.314311837,3.23887568,7.82738942,4.145598861,-4.741633126,0.153925225,0.730762482,2.66e-05,0.779572532,0.937307879,0.930099435,0.602450401,0.259056389,0.788090527,6.13e-05,0.996206641,0.010171079,0.190419614,96.82623602,-0.230399462,2.198437087,0.036800638,0.025347691,0.004989312,0.339788198,0.580652297,0.079579063,0.006653928,0.067180984,0.031971376,0.02298086,1.45e-05,0.999856234,0.796097934,6.986349841,0.405110834,0.65654856,0.996228218,0.89130652,0.669952214,0.67389667,0.778330207,0.902627826,1.59e-06,0.035764165,0.996963084,0.901712775,0.238969624,0.693645298,0.325962275,0.602362692,0.995258152,0.124722041,0.406104654,0.638582349,0.993079245,0.020345053,0.738871276,0.783020139,0.998114467,0.830120146,0.758908153,0.998910785,0.996263325,0.937768757,0.999745071,0.986255825,0.733,1
"526","cid9938203","O=c1cc(CN2CCOCC2)occ1OCCCCCSc1ccnc2cc(C(F)(F)F)ccc12",508.16,6,0,64.8,11,4,10,10,0,24,0,0,0.269,0.44,51.111,0,1,1,1,-4.536074403,3.701303071,4.391823345,7.665497805,6.539427863,-4.85632786,0.47228834,0.991491616,0.510811687,0.007996261,0.047774911,0.057320595,0.026814818,0.925348401,0.995141745,0.007503682,0.994690061,0.331232578,0.967523396,97.60503531,0.427723686,1.806850641,0.341279447,0.995746076,0.00041572,0.000745296,0.000283661,0.003088762,0.666652441,0.785302818,0.030483516,0.998558581,1.38e-07,0.999998808,0.224770382,7.36096273,0.357680566,0.827501297,0.76699096,0.259447187,0.62895155,0.727850497,0.088202588,0.635818005,7.6e-06,0.073777899,0.563699186,0.663501501,0.580042124,0.709947228,0.205292016,0.974052787,0.907973051,0.239317596,0.334198236,0.9015311,0.086901732,0.046735834,0.032955777,0.113129325,0.707004845,0.01949605,0.000550347,0.573378503,0.016143933,0.035146955,0.032388769,0.520117104,0.025,0.006
"527","cid46883536","NC(=O)C(CCC(F)(F)F)N(Cc1ccc(-c2ncon2)cc1F)S(=O)(=O)c1ccc(Cl)cc1",520.06,8,2,119.39,10,3,6,14,0,20,1,0,0.427,0.25,48,0,0,1,1,-4.535245586,3.445360874,3.566947853,8.421099815,5.274676276,-5.253759267,0.435826629,0.811800897,0.000465091,7.77e-05,8.11e-06,0.000372648,2.3e-05,0.095755026,0.090491362,0.000622624,0.999984026,0.989775181,0.872290075,98.90648861,-0.129567427,1.061589134,0.004559971,0.85590589,0.910352111,0.001413706,0.996523678,9.91e-05,2.16e-06,0.000399508,0.136819169,5.2e-07,7.63e-08,0.765675843,0.000718182,5.618332836,0.479546275,0.512699187,0.982405007,0.452596486,0.635665417,0.71474117,0.005632452,0.649806082,1.1e-06,0.066843681,0.336657017,0.907774031,0.937230051,0.961852252,0.427445859,0.856580973,0.999526143,0.090735942,0.169529736,0.681055248,0.001434918,0.199573666,0.470434159,0.005261599,0.835390091,0.06543947,0.325554371,0.041368339,0.009183948,6.2e-05,0.08372765,0.001648758,0.359,0.005
"528","cid60838","CCc1c2c(nc3ccc(OC(=O)N4CCC(N5CCCCC5)CC4)cc13)-c1cc3c(c(=O)n1C2)COC(=O)C3(O)CC",586.28,10,1,114.2,6,7,21,10,0,40,1,0,0.356,0.515,140.8,0,0,1,1,-3.345941043,2.228854692,1.997273677,8.201950684,7.35771275,-5.751493016,0.896684766,0.000179266,0.999999881,0.752011523,0.999922724,0.999740328,0.999979637,8e-05,2.65e-06,0.18415767,0.821355343,0.000129881,0.999163866,59.86087964,0.462698179,43.64744317,0.983233869,4.31e-10,0.999911666,6.93e-11,1.72e-07,9.22e-07,2.02e-05,0.045502979,1,2.5e-07,0.616715789,0.000208992,0.991799355,5.223038539,0.398911859,0.682617188,0.881809235,0.969094753,0.860745251,0.997874975,0.936717212,0.978322089,4.92e-12,7.1e-06,0.796053827,0.966632605,0.990121245,0.930104077,0.921065331,0.995065391,0.999997735,0.51093322,0.338742167,0.93754375,0.007359166,0.000510207,0.012000893,0.508101046,0.055114537,0.00129722,4.31e-05,0.948344648,0.198937148,0.268176347,0.972638011,0.999859929,0.635,0.265
"529","cid51371303","CCc1cncnc1N1CCN(Cc2nc3ccc(C(F)(F)F)cc3[nH]2)CC1",390.18,6,1,60.94,5,4,9,9,0,22,0,0,0.741,0.421,52.815,0,1,0,0,-4.217070302,3.35971864,3.574796307,8.471980517,5.561435369,-4.693773974,0.020021355,0.854743719,0.099630423,0.00013411,0.030684888,0.011061311,0.053587675,0.148500457,0.368739545,0.04717005,0.999390841,0.992417097,0.998282194,90.96164458,0.156434379,7.385670385,0.949697852,0.735108912,0.458014041,0.273891866,0.031269956,0.325445861,0.378119856,0.177993312,0.995252132,0.673143268,0.000209553,0.87153846,0.414981633,6.532673751,0.695336067,0.923480809,0.604368627,0.154259786,0.903282285,0.957402229,0.106614523,0.470569074,1.74e-05,0.324298412,0.996145606,0.786768377,0.952903628,0.601668119,0.267600179,0.958207548,0.999667406,0.125741914,0.647688508,0.852875531,0.550631166,0.092278808,0.020060949,0.24862124,0.766750216,0.053237986,0.100043565,0.806428909,0.197743714,0.011941227,0.256747156,0.19770427,0.051,0
"530","cid52918385","COCC1(CO)C(=O)C2CCN1CC2",199.12,4,1,49.77,3,3,0,4,0,10,1,0,0.675,0.9,31.579,0,0,0,1,0.430985918,0.058265553,-0.01565787,10.62675268,7.980838151,-4.866716161,0.293237299,0.234978259,0.010791116,0.020747721,0.008309126,0.019544899,0.03248775,0.111393645,0.869724631,0.006830887,0.720625997,0.22208409,0.784079969,17.76095717,0.057998909,79.48781459,0.157640472,1.29e-07,0.092656203,1.01e-07,0.00746619,5.24e-05,0.006335862,0.000338641,0.103723794,0.010137768,4.28e-05,0.001144729,0.018768217,8.65902896,1.149270991,0.12448027,0.073157124,0.62043184,0.245688036,0.220592365,0.829430163,0.668174028,0.120389037,0.430927426,0.500621676,0.595468402,0.543480515,0.433456004,0.34372735,0.249168724,0.315732211,0.062950775,0.029190477,0.224483952,0.033034265,0.532278478,0.504381895,0.183159038,0.580818832,0.237359837,0.033580445,0.641756177,0.455115497,0.146900266,0.060712148,0.245921999,0.003,0
"531","cid984170","CCc1cc(-c2n[nH]c(C)c2-c2ccc3c(c2)OCCO3)c(O)cc1O",352.14,6,3,87.6,3,4,10,6,0,22,0,1,0.667,0.25,47.52,0,0,0,0,-4.16561043,3.243353135,3.579957341,9.069936982,5.538169005,-5.2284008,0.024233514,0.080774546,0.008679313,7.15e-06,0.01352787,0.00206995,0.465757012,0.915338814,0.984668672,0.346259654,0.999710977,0.806757987,0.975563467,98.21739954,0.199705607,1.779548079,0.957190096,0.997012377,0.484026223,0.99498862,0.969709873,0.020831453,0.88029331,0.892076731,0.576106548,0.605713308,0.00020353,0.999845862,0.925296724,2.922180576,1.415441022,0.160581499,0.960013986,0.707301617,0.443252563,0.757757843,0.407797873,0.711385965,0.001201983,0.925149202,0.948883235,0.79999429,0.563481569,0.613964617,0.344515532,0.665172637,0.94615531,0.144617215,0.134632066,0.511616766,0.97525239,0.021080717,0.00319739,0.442042083,0.449349821,0.046029706,0.113533057,0.706200838,0.057494547,0.661733329,0.976642013,0.218867242,0.196,0.132
"532","cid9931954","CNCc1ccc(-c2[nH]c3cc(F)cc4c3c2CCNC4=O)cc1",323.14,4,3,56.92,3,4,12,5,0,22,0,0,0.694,0.211,45.652,0,0,0,0,-3.040830285,2.171421793,2.125560999,10.84813915,7.750440837,-5.145742076,0.457208335,0.209574074,0.721678555,0.002589762,0.000461221,0.004319668,0.072313786,0.141375095,0.168576747,0.258429557,0.987412333,0.690552831,0.818317056,74.26638088,0.464531175,26.87626824,0.983121932,0.012275293,0.999733269,0.052957758,0.001242348,4.59e-05,0.000477434,0.001729679,0.999998331,0.000128431,5.46e-12,1,0.998371661,7.008845177,0.903102319,0.849612653,0.724830687,0.566575468,0.693612158,0.837898612,0.920411587,0.353275567,0.000188621,0.278899193,0.980438709,0.905232251,0.962567806,0.921645105,0.337242514,0.96975559,0.962832212,0.198920146,0.607902765,0.555762589,0.580616117,0.007455123,0.127998084,0.838223755,0.079777427,0.00884825,0.051296778,0.88795042,0.021507921,0.063621417,0.71576792,0.325737953,0.981,0.334
"533","cid24958200","NC(=O)c1cccc2cn(-c3ccc(C4CCCNC4)cc3)nc12",320.16,5,3,72.94,3,4,9,5,0,23,1,0,0.779,0.263,68.333,0,0,0,0,-2.822363749,2.128247324,2.001568365,9.345575582,7.577617865,-5.630573985,0.737925708,0.005958945,0.005822708,0,1.11e-05,0.000369668,0.000436366,0.001762863,0.034592982,0.006634051,0.159646705,0.988606274,0.969133019,80.98606817,0.667855005,18.69833861,0.01499865,2.77e-05,0.41027227,4.51e-06,4.34e-05,0.001095403,0.008173958,0.003095827,0.009423018,0.118786909,1.4e-06,0.00538542,0.006022908,6.522660791,1.111357636,0.843010247,0.929989755,0.689782023,0.769016564,0.67801404,0.029466255,0.646973729,1.53e-06,0.031703588,0.940703869,0.960773766,0.99170661,0.879815042,0.716583669,0.956093669,0.997321665,0.110355608,0.120298073,0.487447172,0.001259511,1.68e-05,1.01e-06,0.003368621,0.004950261,3.18e-06,2.83e-06,0.015194122,0.000145826,0.014731478,0.000559735,0.000717039,0.921,0.945
"534","cid16095342","CCn1c(-c2nonc2N)nc2cnc(Oc3cccc(NC(=O)c4ccc(OCCN5CCOCC5)cc4)c3)cc21",570.23,13,3,155.68,11,6,9,13,0,34,0,0,0.251,0.276,68.703,1,0,1,1,-4.215451357,2.57690125,2.777367447,9.206753076,6.391046317,-5.360826155,0.926626205,0.052701164,0.052571278,0.006022573,0.129662931,0.485781193,0.703830272,0.31922996,0.780852377,0.005170119,0.999119818,0.009070544,0.983794928,93.46719235,0.223228216,5.708170051,0.154650539,0.359036207,2.4e-07,0.431715339,2.85e-07,1.86e-05,0.028075244,0.323784828,0.185597733,0.976051569,6.86e-19,0.999998927,0.605087399,3.647419379,1.056009674,0.938090086,0.999984026,0.929088771,0.276160628,0.962495446,0.143304914,0.525868952,3.31e-14,0.00024917,0.882890522,0.977532029,0.90301168,0.950852931,0.814684927,0.970694482,0.999969482,0.507347286,0.282061428,0.989669025,0.889522135,0.048210673,0.015721533,0.049635541,0.703310549,0.001792038,0.054249339,0.480466008,0.054774828,0.00058198,0.886195421,0.91830188,0.571,0.266
"535","cid9858940","Cc1cccc(-c2[nH]c(C(C)(C)C)nc2-c2ccc3c(c2)OCO3)n1",335.16,5,1,60.03,3,4,9,5,0,21,0,0,0.75,0.3,47.769,0,1,0,0,-4.390703029,3.314275036,3.872345405,11.13391258,6.071764291,-5.209718067,6.07e-05,0.988778055,0.000245074,2.38e-07,0.02764678,0.003425956,0.989627483,0.999281228,0.998112082,0.089608178,0.999999285,0.001979411,0.896432579,97.8487027,0.148936349,1.73499168,0.056141734,0.96475786,0.63318193,0.872777343,0.989499092,0.994812131,0.995679677,0.986601889,0.170576096,0.995784223,0.038688924,0.089751974,0.866098762,4.619066329,0.384819948,0.324425638,0.810113668,0.733791709,0.610655069,0.777118564,0.477513731,0.921619534,0.006091549,0.924571216,0.913959205,0.738048553,0.811429203,0.511957705,0.583869636,0.877715528,0.780278206,0.16482833,0.096093312,0.400892645,0.951422453,0.013897091,0.005223222,0.026964538,0.115555368,0.00302421,0.000146967,0.596960068,0.012388515,0.32332468,0.693998039,0.156018019,0.338,0.05
"536","cid56962336","CC(C)N(CCCNC(=O)Nc1ccc(C(C)(C)C)cc1)CC1OC(n2ccc3c(N)ncnc32)C(O)C1O",539.32,11,6,150.79,12,4,9,11,0,22,4,1,0.261,0.536,89.209,1,0,1,1,-3.545450033,2.928281351,3.143702498,8.881045649,8.036493195,-5.811212225,0.233210221,0.018540012,0.809672892,0.535491765,0.695587397,0.812412515,0.998101529,0.995561957,0.999853492,3.2e-05,0.980864704,1.15e-05,0.783343375,71.14097575,0.088421325,28.01028373,9.14e-09,1.11e-06,1.73e-08,1.27e-06,1.05e-06,0.002864999,0.000630129,2.92e-05,0.116799518,0.000476794,5.61e-15,0.9996804,0.176525623,5.370914101,0.999124135,0.742057741,0.942289591,0.689012766,0.589401066,0.83786875,0.503081977,0.097447395,1.27e-10,0.000315369,0.814548433,0.642433167,0.99508059,0.989346325,0.59702462,0.765606225,0.999563515,0.263467461,0.715086818,0.939906359,0.01266492,1.34e-06,2.98e-07,2.26e-06,0.510996103,9.38e-05,1.9e-08,0.034063701,1.79e-05,1.46e-06,0.003007605,0.001419171,0.373,0.041
"537","cid25099184","Cc1cc(Nc2nc(NC(C)c3ccc(F)cc3)c(C#N)cc2F)n[nH]1",354.14,6,3,89.42,5,3,6,8,0,18,1,0,0.639,0.167,36,0,0,0,0,-4.103415536,3.408436479,3.448428577,9.343760198,4.198731424,-5.260878066,0.030756516,0.960503817,0.00094109,5.25e-06,4.78e-05,0.000101328,0.002138197,0.951552391,0.70781827,0.000269005,0.999999881,0.023982139,0.993730307,97.22239619,0.326667331,2.69535157,0.063943498,0.999066651,0.626948059,0.99508673,0.020953834,0.700510144,0.260361195,0.909180939,0.518337488,0.952149451,9.65e-06,0.998135924,0.739058077,5.640171971,0.669823953,0.288018674,0.98785001,0.393513709,0.605684876,0.534885168,0.006502511,0.583121419,4.88e-06,0.42302382,0.726945877,0.933374703,0.972837806,0.919810176,0.552784443,0.990711033,0.999961257,0.050250169,0.075731449,0.224506497,0.989945233,0.416286021,0.082760558,0.54336524,0.215036735,0.032248694,0.073025547,0.932516932,0.473844588,0.441941768,0.995522261,0.882751465,0.8,0.443
"538","cid135565082","Cn1ncnc1C1c2n[nH]c(=O)c3cc(F)cc(c23)NC1c1ccc(F)cc1",380.12,7,2,88.49,2,5,12,9,0,27,2,1,0.558,0.158,85.909,0,0,0,0,-4.191500483,2.096816745,1.750774859,7.089139342,3.463630289,-4.870268343,0.602462769,0.065368436,0.019553229,4.71e-05,0.00013411,0.002519667,0.149488807,0.968735576,0.912479639,0.012451706,0.999995351,0.032004353,0.829831421,95.01801798,-0.086827135,4.931775072,7.01e-07,0.594857156,0.068486243,0.000376493,0.048429225,1.68e-07,0.000210465,0.031873051,0.999990702,3.77e-08,1.29e-10,0.027035097,0.003202789,3.536073315,0.900358125,0.15322575,0.93599987,0.848846018,0.774758935,0.730601728,0.024774428,0.675203681,8.3e-07,0.159584507,0.724739909,0.819220901,0.994228125,0.825822234,0.39222014,0.978956878,0.999989152,0.103075929,0.177005589,0.458450198,0.173443392,0.002785379,1.98e-06,0.01075279,0.001312435,6.12e-06,2.23e-05,0.009668645,0.003957418,0.000150627,0.007989151,0.000125464,0.286,0
"539","cid135418940","O=c1[nH]c(-c2ccc(C(F)(F)F)cc2)nc2c1CSCC2",312.05,3,1,45.75,2,3,10,7,0,18,0,0,0.879,0.286,42,0,1,0,0,-4.537529833,3.364462729,3.343846804,8.32954921,3.654543717,-5.242539712,0.320674568,0.979636848,0.113158986,0.007243454,0.006454289,0.030365348,0.01693517,0.177381307,0.719613135,0.008911039,0.981565297,0.79921937,0.907985091,97.64466974,0.184005254,1.750061942,0.797916949,0.881224155,0.028114317,0.00486903,0.57499361,0.028094484,0.020802313,0.191894054,0.093691014,0.066811271,1.64e-05,0.989091754,0.338941604,10.60099351,1.095538334,0.339751571,0.668442369,0.500018716,0.648764193,0.68772167,0.211008042,0.302803457,0.000823475,0.715643227,0.845491648,0.822602689,0.53230381,0.766706109,0.505434394,0.93957752,0.98355931,0.060362428,0.581785262,0.545356154,0.009183431,0.009888208,0.001151738,0.035112586,0.559740543,0.005622254,0.022568597,0.178344637,0.355322808,0.001396576,0.00706424,0.367692053,0.354,0.446
"540","cid16747683","Cc1ncc(-c2ccnc(Nc3ccc(S(C)(=O)=O)cc3)n2)n1C(C)C",371.14,7,1,89.77,5,3,6,8,0,19,0,0,0.739,0.278,20,0,0,0,0,-3.364375335,2.585477453,2.214017054,7.276230759,5.379080404,-4.782988844,0.014516992,0.319313616,0.009742828,0.003413081,0.490395427,0.881977007,0.998948582,0.999830127,0.999556839,0.422715247,0.999984384,0.002372867,0.997427404,85.30641084,0.075790528,12.89519213,0.032455828,0.303648502,0.401506841,0.010847854,0.017765032,0.089325391,0.000245004,0.023294767,0.99998188,0.990741789,6.78e-05,0.999956369,0.108496159,3.115072757,0.739738594,0.765329003,0.998337269,0.230044633,0.448173672,0.575466096,0.048049167,0.575073361,1.9e-07,0.042231213,0.279522508,0.928120375,0.381701171,0.74830091,0.426413506,0.88264221,0.998476803,0.266971439,0.287408501,0.717383564,0.652616262,0.026040915,0.001367821,0.002278597,0.269791842,0.000108265,0.000134741,0.708819032,0.010954813,8.36e-05,0.069160186,0.001442357,0.146,0.618
"541","cid25262792","CNC(=O)c1cccc(-c2ccc3c(N4CCOCC4C)nc(N4CCOCC4C)nc3n2)c1",462.24,9,1,92.71,5,5,10,9,0,30,2,0,0.632,0.44,93,0,0,1,0,-3.719371166,2.683570516,2.884962811,7.622707739,6.306230954,-4.937528465,0.001691721,0.779223859,0.039330162,2.38e-07,0.000181258,0.000210226,0.245464683,0.94091022,0.974917889,0.121036418,0.999856949,0.009606277,0.999732554,95.06510863,0.197708539,5.112816824,0.064149171,0.022106949,0.036283296,0.255553156,1.91e-05,0.000236021,2.23e-05,0.019418903,0.001410759,0.004443399,1.04e-07,0.997807205,0.148030937,6.564914466,0.457931059,0.43235147,0.999116004,0.747567058,0.116872437,0.26415965,0.319100618,0.960306525,6.33e-09,0.009612285,0.519096553,0.964242518,0.99768889,0.917189121,0.522245347,0.998181701,0.965404391,0.436252385,0.090110235,0.791054904,0.037405983,0.006052101,0.001116477,0.033976879,0.184442997,3.77e-05,0.002004167,0.971030951,0.376064688,0.00026922,0.113500305,0.06999585,0.023,0.519
"542","cid58423153","NC1CCCN(c2c(C=C3SC(=O)NC3=O)cccc2-c2ccccc2)C1",379.14,5,3,75.43,3,4,6,6,0,26,1,0,0.797,0.238,71.077,0,0,0,0,-4.185873648,2.2961952,2.35641382,8.230354509,4.253746269,-5.691750285,0.493209392,0.006626269,0.000263479,0.000365973,2.15e-06,3.42e-05,4.39e-05,0.593939364,0.29457745,4.71e-09,0.898118794,0.943018436,0.61744535,84.05381607,0.729899151,12.41112763,0.054009385,0.00144036,0.034557503,3.6e-05,7.85e-08,0.009899728,3.92e-06,0.88785851,0.033871904,3.49e-08,8.08e-13,0.000138275,1.02e-06,3.074153984,1.020714716,0.674730599,0.998443305,0.357550263,0.627389789,0.896614909,0.987773001,0.093066983,0.000140095,0.049870331,0.979495466,0.792433381,0.98998332,0.471487314,0.353039742,0.690328717,0.779575348,0.093163259,0.427589715,0.646587849,0.059180375,0.006753058,0.022929953,0.798776269,0.024012009,0.000647177,0.909120262,0.951354444,0.005710113,0.239083096,0.982449174,0.109635048,1,0.693
"543","cid49831044","CC(C)Oc1cc(Nc2nc(NC(C)c3ccc(F)cn3)ncc2Cl)[nH]n1",391.13,8,3,100.64,7,3,6,10,0,17,1,0,0.557,0.294,36,0,0,0,0,-4.0298296,3.16878997,3.172636578,7.521881027,4.656145532,-4.961636471,0.011866532,0.762985706,5.38e-05,6.79e-06,7.34e-05,0.000570118,0.044137061,0.998582959,0.996620178,0.058810662,0.999999881,0.00325213,0.993368566,94.28029759,0.344009408,5.10882493,0.01457231,0.875938833,0.067985199,0.878152847,0.52491343,0.00106728,5.08e-05,0.198504254,0.998859644,0.999752939,1.16e-05,0.999999881,0.972006083,6.109656442,0.896611331,0.535366535,0.99811852,0.083718419,0.490934938,0.717160165,0.038765095,0.894878685,6.29e-09,0.168797702,0.849654555,0.814930677,0.918517053,0.790243804,0.19448477,0.992706716,0.998668432,0.154255271,0.136681616,0.778008461,0.941357374,0.07509914,0.004219509,0.073675051,0.279719263,0.003087522,0.001215517,0.993257761,0.219125703,0.010542916,0.146181315,0.077705577,0.507,0.119
"544","cid2375","CC(O)(CS(=O)(=O)c1ccc(F)cc1)C(=O)Nc1ccc(C#N)c(C(F)(F)F)c1",430.06,6,2,107.26,7,2,6,11,0,16,1,0,0.56,0.222,42,0,0,1,0,-3.576035237,2.789166406,2.669892539,6.500188863,3.328147029,-4.607552973,0.977975368,0.132560059,1.44e-07,2.38e-06,1.14e-05,3.22e-06,0.001789689,2.29e-06,0.07513345,1.45e-06,0.999999642,0.0123235,0.517414212,97.3627411,0.374589341,2.01351472,0.058676995,0.998988569,0.380671918,0.839258969,0.012878949,4.7e-09,3.03e-11,0.99998939,0.999998808,1.64e-08,4.49e-17,0.329189569,8.8e-05,1.256133067,1.735755485,0.220397592,0.994946182,0.21056065,0.383858949,0.864065528,0.183172226,0.216406673,0.001108983,0.301029384,0.158943862,0.980129063,0.082641512,0.833835959,0.667474151,0.991496742,0.999997735,0.040411826,0.005924345,0.447821558,0.032063961,0.332320839,0.004474821,0.005135875,0.01795193,0.002390182,0.012557722,0.704308629,0.000340964,0.000141177,0.895792603,0.010596404,0.019,0.005
"545","cid41867","COc1cccc2c1C(=O)c1c(O)c3c(c(O)c1C2=O)CC(O)(C(=O)CO)CC3OC1CC(N)C(O)C(C)O1",543.17,12,7,206.07,5,5,18,12,0,30,6,1,0.235,0.444,121.154,1,0,1,1,-2.878543148,1.717525145,1.219152513,7.816279392,6.468583891,-6.258836168,0.999329567,0.0006464,0.992997646,0.999132335,0.959486797,0.999511101,0.999962064,0.316383749,0.993608832,0.029773548,0.019254571,4.33e-06,0.958069146,84.41602312,1.454900332,15.57411856,0.002189104,5.14e-10,0.059754498,2.68e-09,5.94e-06,9.81e-10,2.77e-07,0.000580501,0.143077746,2.94e-06,2.42e-13,0.000235012,1.91e-05,13.03235326,3.308061459,0.187846154,0.96241951,0.988593459,0.894275784,0.841791153,0.925291777,0.924894273,7.82e-10,0.002803535,0.643480122,0.945255101,0.426928371,0.943225622,0.873259902,0.785434604,0.9971053,0.592906952,0.957297802,0.818930328,0.072269849,0.147423461,0.488661975,0.023107976,0.979639709,0.027096141,7.21e-06,0.477694124,0.229763791,0.000108603,0.262486041,0.882293999,0.092,0.007
"546","cid11488320","CNC(=O)CN1CCC(Oc2cc3c(Nc4cccc(Cl)c4F)ncnc3cc2OC)CC1",473.16,8,2,88.61,8,4,10,10,0,24,0,0,0.54,0.348,53.419,0,0,1,0,-4.258772455,3.228267055,3.57832047,8.141371415,6.595896041,-4.771213747,0.194627002,0.631378293,0.016582645,0.014222443,0.000696659,0.001234651,0.870887622,0.999447286,0.999991775,0.875275493,0.999996662,0.006934716,0.82148993,96.09909133,0.541127844,2.613868437,0.348031878,0.863381684,0.054229535,0.00876058,0.000515579,0.058566466,0.025800135,0.817488015,0.015009692,0.08798717,1.24e-09,0.999337375,0.973826647,5.852234609,1.027574244,0.946528614,0.936169744,0.551127791,0.961265564,0.822710812,0.350396425,0.282427967,6.31e-09,0.000814146,0.991511405,0.863378704,0.995290279,0.749161184,0.393634617,0.993583858,0.999810517,0.118736453,0.192081332,0.666546762,0.437428564,0.006160645,0.013223786,0.120443746,0.520593941,0.000591709,0.060064439,0.733951807,0.611922622,0.037403125,0.463942438,0.397001266,0.124,0.002
"547","cid51042438","Cn1ncc(Cl)c1-c1cc(C(=O)NC(CN)Cc2ccc(F)c(F)c2)oc1Cl",428.06,6,3,86.08,7,3,6,10,0,17,1,0,0.628,0.222,40,0,0,1,0,-4.355263212,3.075246527,3.166301807,8.251036558,6.686633654,-5.695471466,0.043433268,0.119840041,0.181170613,2.38e-07,0.00012064,9.27e-05,0.001161635,0.968385696,0.855436623,0.000423098,0.999983907,0.308133721,0.97668016,89.51195149,0.556876851,8.462929979,0.010261403,0.343437731,0.030824231,0.00265711,0.907378376,0.638713837,0.525782764,0.140000969,0.527136445,0.64340353,0.166620776,0.988398254,0.000323858,6.522373712,0.748461852,0.581256092,0.981135428,0.743367255,0.800262392,0.90600431,0.2694529,0.746525943,3.62e-05,0.082246244,0.972519636,0.856506884,0.903439164,0.908814609,0.522395253,0.955981553,0.99906987,0.157743424,0.362566173,0.517933846,0.682063341,0.135756522,0.00574059,0.309508383,0.254763842,0.009047327,0.003070138,0.54716754,0.002648048,0.324754119,0.421855599,0.041753452,0.975,0.001
"548","cid24737642","CNC(C)C(=O)NC(C(=O)N1CCCC1c1nc(C(=O)c2ccc(F)cc2)cs1)C1CCCCC1",500.23,7,2,91.4,10,4,6,9,0,25,3,0,0.538,0.538,84,0,0,1,1,-4.511884727,3.406928542,3.872851277,8.893995543,7.073907424,-5.62178294,0.000913225,0.98752147,0.000620573,0.000353098,0.000104666,0.014328659,0.028215706,0.97890079,0.996875882,0.002235199,0.999983668,0.121775337,0.490734696,79.5413607,0.078242768,10.79841755,0.000767289,3.3e-05,0.998568177,6.46e-07,0.04076317,3.6e-05,0.998075247,0.991460323,0.007655764,0.010857391,0.000236597,0.001128346,0.65603441,1.532713508,0.939795934,0.426864535,0.676575065,0.147470579,0.549242139,0.901634574,0.006656456,0.278809667,2.56e-07,0.000381011,0.719388008,0.823428035,0.890228033,0.910287201,0.277744263,0.923780441,0.961676598,0.077130474,0.065800458,0.621681452,0.000214261,0.000137571,3.02e-06,0.001480123,0.008596446,1.98e-05,0.000124732,0.389210165,0.00137037,0.000470544,0.002766585,0.000125282,0.174,0.001
"549","cid135539077","CCNC(=O)c1noc(-c2cc(C(C)C)c(O)cc2O)c1-c1ccc(CN2CCOCC2)cc1",465.23,8,3,108.06,8,4,6,8,0,24,0,0,0.482,0.385,53.333,0,0,1,0,-5.258004121,3.342403232,4.072436479,8.678971276,5.493142751,-5.79373727,0.011710198,0.302097648,0.376949877,0.00020963,0.004887044,0.105360746,0.772468671,0.447079301,0.360316455,0.001946234,0.983092546,0.113103367,0.992333055,95.01891352,0.306238378,4.851606797,0.395743817,0.974468648,0.405409247,0.873690844,0.006521366,0.053522095,0.010598718,0.169531673,0.114997201,0.228718162,1.04e-05,0.904310465,0.145093173,2.057593381,1.757916109,0.44229123,0.998103619,0.553495646,0.447800547,0.896672964,0.043923397,0.595501423,5.02e-08,0.030949062,0.960324883,0.897103548,0.64802897,0.905111909,0.330405384,0.967933476,0.989027381,0.186465412,0.228612095,0.822332323,0.087145254,0.00351798,0.000171928,0.005215215,0.271162897,0.000321408,8.12e-05,0.402614713,0.001197426,0.002859094,0.47324422,0.000801022,0.247,0.033
"550","cid51001932","Cc1nc(-c2cn3c(n2)-c2ccc(-c4cnn(C(C)(C)C(N)=O)c4)cc2OCC3)n(C(C)C)n1",460.23,10,2,118.67,5,5,14,10,0,27,0,0,0.489,0.375,65.758,0,0,1,0,-3.410799236,1.912543102,1.605590358,7.240855522,5.393541868,-4.932383686,0.03365675,0.460004389,0.01286172,2.38e-07,0.004913032,0.014456153,0.817909643,0.998983443,0.994329631,0.011265101,0.999982595,0.013639048,0.995654225,81.4066659,0.085108206,18.44712519,4.26e-05,8.44e-05,0.044635564,0.012763165,0.002248424,2.06e-05,0.00033543,0.000480425,0.801023722,2.96e-05,8.31e-08,0.190221146,0.000933333,7.266654656,0.715521095,0.281970888,0.993889093,0.824144542,0.451228172,0.577185273,0.011858751,0.958231866,2.87e-09,0.005055168,0.56570375,0.93184495,0.979813993,0.929858625,0.694773853,0.876188159,0.999966025,0.201367661,0.020883173,0.630422711,0.000155929,8.82e-05,1.45e-08,7.28e-06,0.001899289,1.78e-08,7.05e-07,0.0012164,3.58e-10,1.27e-09,6.07e-07,3.81e-08,0.044,0.581
"551","cid57345410","CC(C)N(CC1OC(n2cnc3c(N)ncnc32)C(O)C1O)C1CC(CCc2nc3ccc(C(C)(C)C)cc3[nH]2)C1",562.34,11,5,151.23,9,6,9,11,0,29,4,1,0.253,0.6,123.333,1,0,1,1,-4.39093974,3.415872623,4.065845273,9.570538815,7.651740193,-5.863754121,0.602203608,0.001766815,0.557182014,0.014406264,0.161485255,0.695453376,0.987525495,0.996445358,0.997808158,0.001702987,0.200509906,7.44e-05,0.831794381,76.99135293,0.158132699,19.99170853,7.46e-08,4.54e-09,0.000278685,1.35e-05,0.00729972,0.0070529,0.002675705,0.00713362,0.901467443,0.034821462,2.58e-12,0.1215932,0.301902413,5.982256091,0.924412521,0.741704464,0.809910059,0.591329694,0.841423869,0.983597577,0.130401,0.155974552,7.24e-11,0.000305469,0.979917228,0.840387166,0.988169312,0.997613072,0.605851531,0.929436743,0.996096909,0.306504697,0.769582212,0.959731162,0.00079765,0.000199664,8.91e-05,0.004167481,0.449864984,0.022221329,0.000270886,0.211032882,0.000139679,0.000756204,0.634840429,0.513835311,0.23,0.002
"552","cid24866313","O=C(Nc1ccc2[nH]nc(-c3ccncc3)c2c1)C1CCN(CC(=O)N2CCN(c3ccc(-c4ncccn4)cc3)CC2)C1",587.28,11,2,123.24,9,7,9,11,0,41,1,0,0.296,0.273,118.333,1,0,1,1,-3.77833392,3.239366559,2.967480332,9.21039291,6.598866697,-5.37864497,0.185608849,0.497843772,0.025929824,0.00089103,0.002045989,0.000399411,0.217301011,0.666268826,0.875678182,3.17e-05,0.999974251,0.002192748,0.738303185,93.26271328,-0.079816351,5.170484032,0.004557671,0.154750928,1.69e-10,2.98e-06,0.000817684,8.73e-05,0.017507236,0.197362185,0.975363195,0.999563634,7.46e-16,0.999994636,0.819050848,2.770883168,0.708962702,0.998568177,0.985330939,0.451243222,0.975914419,0.987049282,0.014737916,0.606299937,2.35e-14,9.86e-06,0.992186785,0.950051308,0.992531121,0.825924337,0.312221974,0.995870769,0.999996305,0.301345259,0.238766894,0.92849493,0.575111091,0.000396881,2.49e-07,6.57e-06,0.012540498,8.5e-07,2.46e-06,0.524001896,2.98e-05,1.1e-05,7.54e-06,0.00419682,0.124,0.026
"553","cid2155128","Cc1ccc2nc(NC(=O)CSc3nc4c(c(=O)n3-c3ccccc3)SCC4)sc2c1",466.06,6,1,76.88,6,5,9,9,0,28,0,0,0.344,0.182,56,0,0,1,0,-5.473071049,3.433016167,3.466931173,8.130908025,1.780404338,-5.167798155,0.054987948,0.274178565,1.46e-05,0.000329494,0.001170814,0.016912937,0.018003583,0.077431396,0.024192842,4.12e-10,0.998633564,0.661194026,0.998642862,99.03421133,0.164546648,0.683456727,0.992929637,0.999583781,0.91741097,0.993661046,0.564276516,0.702776849,0.000409774,0.000458993,0.993831277,0.972409368,0.002658766,0.934463084,0.998941123,2.266037762,0.9025751,0.645757794,0.999393344,0.452026963,0.423050731,0.440419376,0.999584615,0.792806983,8.26e-09,0.007039605,0.777426124,0.591883302,0.745313346,0.313019395,0.159230918,0.563297868,0.993947506,0.036256071,0.166951597,0.856878757,0.999086142,0.461031377,0.029363118,0.254362851,0.924715757,0.000207809,0.776186228,0.988020122,0.96107626,0.031166213,0.997213066,0.89250499,0.996,0.228
"554","cid3899","Cc1oncc1C(=O)Nc1ccc(C(F)(F)F)cc1",270.06,4,1,55.13,4,2,6,7,0,12,0,0,0.911,0.167,14,0,1,0,0,-4.606620733,3.250114116,3.239115281,8.908718706,4.439168504,-4.924458348,0.649871945,0.122190773,0.002839183,4.55e-05,0.000637472,0.000315189,0.001412511,0.634437442,0.906221509,2.37e-06,0.985196829,0.101852961,0.948566914,98.42428829,-0.843903657,1.178850479,0.999441087,0.947266221,0.014767013,0.177472204,0.001141164,7.36e-05,0.000987584,0.995386183,0.000525597,0.674550235,1.43e-07,0.999679446,0.092410795,1.302140964,1.441925982,0.398330599,0.998748064,0.187620237,0.483126312,0.725443423,0.111363664,0.046261575,5.97e-05,0.601211429,0.920003057,0.904199243,0.50427264,0.734392703,0.547139108,0.903279603,0.999842763,0.22922489,0.283257455,0.598588109,0.937113702,0.040239085,0.000996764,0.902048469,0.829728365,0.030837024,0.008262657,0.965919375,0.921709478,0.007954293,0.97873801,0.459683657,0.039,0.395
"555","cid73010930","CCCOc1ccn2c(C(C)=O)cc(-c3ccccc3S(C)(=O)=O)c2c1",371.12,5,0,64.85,6,3,9,6,0,19,0,0,0.614,0.25,20,0,1,0,0,-4.626819905,3.01434295,3.138574911,8.692151494,4.664185674,-4.874640614,0.696382046,0.646044672,0.020094959,0.018832088,0.032394528,0.028166652,0.02081883,0.991368234,0.995071828,0.021745548,0.997463107,0.004521451,0.944787025,98.55323492,-0.292333338,1.205340827,0.018758025,0.639634311,0.02649281,0.195375368,0.88910085,0.000930946,0.097880937,0.0006015,0.00049045,0.140715376,1.45e-05,0.989140749,0.907640517,5.049618386,0.493045639,0.432994932,0.984403014,0.560230255,0.194535211,0.669604659,0.083860561,0.864066303,4.12e-05,0.172580183,0.292517155,0.833787262,0.390563756,0.568800807,0.712176561,0.759003401,0.98563832,0.217057899,0.22239697,0.498680443,0.078976184,0.028584719,0.005907937,0.000656425,0.223511845,0.010692396,0.000726795,0.201394737,0.000320063,0.013147848,0.378222704,0.007095095,0.68,0.015
"556","cid72943187","CCOC(=O)Nc1cc(-c2ccc(C)c(NS(C)(=O)=O)c2)nn2c(C)nnc12",404.13,10,2,127.58,7,3,9,11,0,19,0,0,0.668,0.294,21,0,0,1,0,-3.955546599,2.018545444,1.85775876,7.388133695,3.924047165,-5.115741574,0.033661153,0.622181416,0.015324,5.72e-06,0.001912177,0.007044554,0.136035681,0.849356532,0.981292665,2.82e-05,0.976275146,0.022245077,0.998764038,93.06621615,0.023106252,5.565627462,0.366891146,0.044440534,0.002671091,0.987870157,0.001728481,0.000428451,0.001599846,0.99180764,0.984728336,0.962960422,3.17e-11,0.987734079,0.98523581,1.454013129,0.838996892,0.577637255,0.985220969,0.546998501,0.618552029,0.606940329,0.239584818,0.486314386,3.12e-07,0.035481151,0.245591789,0.888408244,0.220399693,0.660488248,0.585467756,0.670329213,0.999736249,0.149259135,0.25362578,0.369378686,0.000145702,0.161953852,8.1e-05,2.33e-08,0.000339015,3.67e-09,3.9e-08,9.7e-05,1.93e-07,1.12e-07,0.00048836,1.58e-07,0.07,0.097
"557","cid72201027","COc1ccc(CCc2nc3cc(-c4c(C)noc4C)ccc3n2CC(C)N2CCOCC2)cc1Cl",508.22,7,0,65.55,8,5,9,8,0,27,1,0,0.314,0.429,89.6,0,1,1,1,-4.948689118,3.482806666,4.080174314,10.05456422,7.251884787,-5.150254098,0.059132792,0.274373233,0.195706114,0,0.00025779,0.000764608,0.317931712,0.021117311,0.05817657,3.78e-05,0.999674201,0.984155416,0.997404873,95.27142357,0.164340245,3.900709357,0.999961853,0.959748864,0.999970198,0.181906462,0.080918282,0.160203651,0.848555386,0.997582078,0.943870783,0.024438336,0.786199629,0.984245002,0.998435199,4.303024482,0.495906561,0.890149355,0.996039033,0.629350305,0.51085943,0.964520812,0.020309215,0.592243195,7.24e-10,0.000325758,0.979845107,0.926024497,0.928617001,0.992145956,0.816030681,0.981033325,0.999025106,0.291323215,0.286658257,0.861136675,0.134567395,0.052734274,0.001120772,0.074752562,0.254763335,0.009441908,0.003956544,0.363829017,0.05747455,0.027529761,0.317111045,0.055702191,0.148,0.055
"558","cid71522234","c1ccc(C2CC2NC2CCNCC2)cc1",216.16,2,2,24.06,3,3,6,2,0,15,2,0,0.806,0.571,48.455,0,0,0,0,-1.83924494,1.842681192,2.142597202,11.33267699,9.26051548,-5.219913722,0.657619834,0.063141905,0.706877649,4.22e-05,0.001973093,0.220321774,0.28164196,0.051071897,0.124232486,0.116312571,0.024628427,0.989313066,0.976799428,32.47344692,0.614734591,61.204735,1.29e-06,4.32e-06,0.162232026,1.3e-08,1.81e-05,0.00029615,0.004437193,2.06e-05,0.507941246,0.000785979,9.13e-05,9.68e-06,0.028045529,9.630359508,1.802574817,0.533144414,0.451297671,0.410795391,0.779249251,0.731790245,0.431247383,0.169250682,0.424770534,0.511013031,0.965874016,0.879147828,0.938379169,0.713263392,0.29752326,0.93678689,0.614050031,0.053386398,0.093877442,0.114708111,0.233219966,0.129910395,0.756973267,0.197287306,0.920630574,0.200382233,0.517462015,0.707885444,0.759129465,0.084724382,0.124610536,0.157917321,0.21,0
"559","cid46926973","Cc1cc(-c2ncc(CC(=O)Nc3ccc(-c4cnccn4)cn3)cc2C)ccn1",396.17,7,1,93.55,6,4,6,7,0,25,0,0,0.552,0.13,21,0,0,0,0,-2.970871814,2.282784443,1.9105459,8.315518629,5.788358697,-4.77416804,0.853158534,0.108307689,0.001690948,4.73e-05,0.001650691,1.92e-05,0.020216465,0.730596066,0.841852009,1.11e-06,0.999992967,0.010072128,0.946436584,93.20989446,-0.024810902,5.780313152,0.991034806,0.936763525,8e-07,0.671646297,0.032923173,0.036927275,0.514412105,0.949437201,0.999606431,0.730697155,1.69e-13,0.999997377,0.001713559,5.212079075,0.507965304,0.549996853,0.996433139,0.440261632,0.809869587,0.792365909,0.065259449,0.829711556,8.68e-09,0.285874933,0.766247571,0.765984774,0.916288257,0.488719255,0.289347559,0.868064582,0.995773256,0.141749457,0.055803563,0.227642328,0.218149588,0.062827691,6.76e-06,9.18e-06,0.006627069,1.55e-06,0.001662877,0.132640123,0.001383177,3.86e-05,0.001309899,0.001136704,0.06,0.086
"560","cid59472121","CNCc1ccc(-c2cc(-c3nc(-c4ccc(S(=O)(=O)C(C)C)cc4)cnc3N)on2)cc1",463.17,8,3,124,7,4,6,9,0,25,0,0,0.422,0.208,25,0,0,1,0,-3.553309028,2.494018339,2.150414927,7.227853639,6.050438835,-5.071711615,0.761145115,0.04341621,0.001938688,2.38e-06,2.32e-05,0.003238499,0.477182925,0.005006558,0.048062243,0.008999988,0.999811113,0.864116251,0.999299049,77.48799555,0.341473674,24.99035106,0.15181832,7.05e-08,0.455495626,6.28e-05,0.000788359,1.2e-08,8.12e-05,2.39e-05,0.999947786,1.02e-06,3.83e-15,0.740506113,0.085835591,4.343035897,1.52464184,0.960220158,0.999992609,0.049378581,0.309781879,0.901917815,0.004179758,0.266367644,5.48e-09,0.000254853,0.820448875,0.993279517,0.535207748,0.97634232,0.621261775,0.992606282,0.999393821,0.552982986,0.8831442,0.898794293,0.155403301,0.000290947,0.000339792,0.001739754,0.103389747,4.05e-06,0.000171134,0.086917192,5.49e-06,2.27e-06,0.101643384,9.54e-06,0.919,0.758
"561","cid72200024","CCC(=O)Nc1cccc(Oc2nc(Nc3ccc(N4CCN(C)CC4)cc3OC)ncc2Cl)c1",496.2,9,2,91.85,9,4,6,10,0,25,0,0,0.46,0.32,51.576,0,0,1,0,-5.180682167,3.610206972,3.951144306,9.635558307,6.101163852,-5.267771324,0.081061475,0.043239787,0.156532273,0.000212848,0.000290811,2.11e-05,0.889953636,0.222591892,0.948466003,0.004904679,0.999997258,0.029963054,0.994638145,95.62738711,0.299739943,3.57440939,0.417220622,0.996451974,0.950240076,0.024017652,0.224145874,0.069310568,0.73958391,0.669910192,0.996141136,0.999987125,3.75e-07,0.296394855,0.00264067,6.127083878,0.344828701,0.947349668,0.987776518,0.504586875,0.695414305,0.81680274,0.203834176,0.678182006,4.76e-07,0.02660417,0.926990151,0.940278292,0.976165533,0.715950549,0.63864857,0.975272,0.998806119,0.204487473,0.374797493,0.848392725,0.999185026,0.510886371,0.001667343,0.002066439,0.141998142,9.05e-05,7.55e-06,0.40599981,0.444239497,0.000749199,0.146023408,0.048796248,0.226,0.03
"562","cid42623951","CC(C)(C)NS(=O)(=O)c1cncc(-c2cc(F)c3nc(N)nn3c2)c1",364.11,8,3,115.27,4,3,9,10,0,18,0,0,0.729,0.267,22,0,0,0,0,-3.152418334,1.506805293,1.212280881,7.826501376,3.028195208,-4.880976203,0.690395176,7.93e-05,0.020963928,1.32e-05,1.03e-05,1.13e-05,0.00190419,0.97823596,0.998948753,1.56e-05,0.060200851,0.003080066,0.981945336,89.57318095,0.028440706,9.95242403,1.14e-05,0.270701855,0.001179209,0.669623911,0.037717968,0.001062604,1.53e-07,0.14890106,0.924632072,0.025220599,4.95e-12,0.369333565,0.011424337,6.318104123,0.733506354,0.24751915,0.995770276,0.399955064,0.717320561,0.812361479,0.056377612,0.524124503,2.05e-07,0.152599946,0.691420615,0.931743801,0.966572702,0.95449698,0.479775399,0.8606655,0.999801576,0.10460458,0.458211541,0.36550501,0.066027924,1.39e-06,2.85e-06,0.012154027,0.064772889,1.36e-06,5.33e-06,0.104665697,5.65e-07,9.42e-08,0.152266353,4.62e-06,0.182,0.121
"563","cid53469448","Cn1cc(-c2ccc3c(c2)CCN3C(=O)Cc2cccc(C(F)(F)F)c2)c2c(N)ncnc21",451.16,6,2,77.04,5,5,9,9,0,27,0,0,0.502,0.208,64.138,0,0,1,0,-5.316821006,3.84087094,4.133065076,9.233572143,5.934635931,-4.702229639,0.119227871,0.874515474,0.319727242,1.67e-06,0.005033076,2.09e-05,0.004936755,0.243391246,0.579532087,8.34e-06,0.996498227,0.806022227,0.983941138,89.15723425,0.451477467,8.554269181,0.021267185,0.511700273,0.01806654,0.030808263,0.001297265,0.001009766,4.79e-05,0.888775051,0.164550871,0.011192639,4.56e-10,0.999915719,0.918764055,6.711890094,0.450704138,0.585875213,0.977303684,0.591833353,0.827713668,0.969675362,0.037779246,0.364206612,4.09e-10,0.011276941,0.876836777,0.905529618,0.995978594,0.920091152,0.84950614,0.916328788,0.999995232,0.189546332,0.859007597,0.892788827,0.179048002,0.017455876,0.002549117,0.027411515,0.557687342,0.0094295,0.011983119,0.330248713,0.033980221,0.000220473,0.361002415,0.645710945,0.928,0.044
"564","cid78243717","O=C(C=CN1CC2CC1CN2c1ccccn1)c1ccccc1O",321.15,5,1,56.67,4,4,6,5,0,22,2,0,0.692,0.263,68.333,0,0,0,0,-3.503147344,2.707847048,2.706876417,9.500386517,6.381337223,-4.987794837,0.021196136,0.122129805,0.041671693,0.00208205,0.00563246,0.106659949,0.64848274,0.914474487,0.99123621,0.150560349,0.921626627,0.646885276,0.464080215,98.81242008,-0.489738371,1.259472836,0.008483053,0.777819932,0.013403262,0.143278077,0.342494994,0.052720688,0.442411989,0.748959482,0.013641512,0.065916449,7.89e-07,0.997712016,0.680622697,4.787277274,0.658769832,0.21847862,0.15391168,0.328125834,0.370506167,0.637093186,0.418366909,0.38195169,0.000509179,0.68655628,0.901524723,0.684791982,0.367150337,0.508326054,0.101377413,0.410786062,0.58665216,0.091905117,0.11530336,0.430688918,0.020964446,0.001479724,0.000334033,0.001480904,0.237215415,0.00319804,0.002029299,0.488231033,0.003807172,0.011919654,0.089236096,0.014951721,0.204,0.714
"565","cid24753719","COc1ccc(Cn2ccc3ccc(C(=O)NO)cc32)cc1",296.12,5,2,63.49,5,3,9,5,0,17,0,0,0.575,0.118,16,0,0,0,0,-3.769681464,1.989721723,1.834373398,8.625299691,4.863099452,-4.925458255,0.19713746,0.259878844,0.764635086,0.035370767,0.054893255,0.503315032,0.880675457,0.952015877,0.862826169,0.195405275,0.908950329,0.011453102,0.294094622,89.53689486,0.306798553,9.703876711,0.231283695,8.36e-05,3.61e-06,8.12e-05,0.000196194,2.64e-07,3.98e-05,0.243267506,0.001544998,2e-10,4.28e-12,0.999830723,0.003577239,7.962569278,0.687644579,0.545590878,0.993793249,0.995507956,0.176691338,0.267515987,0.960632265,0.90613234,4.98e-07,0.108954191,0.406249046,0.883916318,0.425361037,0.446712941,0.858578563,0.960576296,0.997661591,0.324777007,0.093830273,0.89556694,0.737864673,0.030883387,0.057023585,0.017291432,0.657361746,0.002632621,0.001521584,0.718806803,0.688486814,0.014056078,0.582538247,0.402243376,0.922,0.269
"566","cid57519544","Cc1cc(-c2ccc(CC(=O)Nc3ccc(-c4cccnc4)cc3)cc2)ccn1",379.17,4,1,54.88,6,4,6,4,0,25,0,0,0.512,0.08,20,0,1,0,0,-4.6953153,3.245605086,3.269875333,10.70306003,5.252770264,-4.685620468,0.96661967,0.141579077,0.001442325,0.0018574,0.027458072,0.001204729,0.521939427,0.975088596,0.915459216,3.1e-05,0.999951005,0.027297037,0.915476382,98.37554752,-0.137616507,1.403497918,0.010072993,0.473371923,0.078454904,0.012382722,0.288928628,0.166399926,0.231011838,0.65049082,0.650466561,0.022452794,5.72e-08,0.999989033,0.121237963,5.296796746,0.412332621,0.738144517,0.995048106,0.593457103,0.844540656,0.635384858,0.100387156,0.854188442,7.26e-07,0.357068598,0.710899591,0.672824085,0.868160546,0.377315968,0.351586342,0.73404175,0.993156493,0.07673955,0.111967035,0.31731528,0.861316144,0.036935788,1.02e-05,0.008867985,0.082590468,2.2e-05,0.000512645,0.052035458,0.000726785,0.000811246,0.00416505,0.001314559,0.991,0.558
"567","cid135564749","COc1cc(OC)c2c(=O)[nH]c(-c3cc(C)c(OCCO)c(C)c3)nc2c1",370.15,7,2,93.67,6,3,10,7,0,18,0,0,0.693,0.3,19,0,0,0,0,-4.086603393,2.673349297,2.634817761,9.451192837,6.429903585,-5.092782926,0.45951882,0.961276054,0.914605498,0.025733709,0.125911057,0.021634996,0.720508754,0.986471891,0.996814072,0.999397635,0.998969316,0.000471969,0.557454467,97.06523331,-0.021225782,2.299441365,0.999728739,0.014833279,0.48562023,0.002011716,0.999054492,0.119861118,0.977711797,0.969724417,0.002246146,7.9e-05,4.73e-06,0.124599718,0.003590766,7.730721828,0.542053194,0.155154318,0.868449748,0.599143982,0.224387184,0.541175961,0.403259993,0.792862535,0.000140007,0.858971536,0.593861818,0.683111608,0.616107464,0.603660643,0.548311412,0.772963285,0.646206558,0.175759628,0.145191386,0.468478203,0.589727163,0.171599641,6.8e-05,0.060853101,0.448387206,0.007446839,6.19e-05,0.313800365,0.001256978,0.031985134,0.073337577,0.106506839,0.131,0.529
"568","cid9936746","Cc1sc2c(c1C)C(c1ccc(Cl)cc1)=NC(CC(=O)Nc1ccc(O)cc1)c1nnc(C)n1-2",491.12,7,2,92.4,5,5,13,9,0,28,1,1,0.367,0.2,88.933,0,0,1,0,-5.63486885,3.144161189,3.348057087,9.397631276,4.549910575,-4.763229933,0.245143086,0.222177252,0.001337087,3.58e-07,0.000503302,0.001887321,0.891951956,0.65123415,0.647376776,1.69e-05,0.999970555,0.970169663,0.990052521,95.14725317,0.035015604,3.844017354,0.803274095,0.999745548,0.99999845,0.980264068,0.542298257,0.008296493,0.000340264,0.999818981,0.999999166,0.987246156,0.000764349,0.999904752,0.988321483,1.224273324,1.302494312,0.55746299,0.967809498,0.073182024,0.425291419,0.986610591,0.962474942,0.052289177,2.06e-08,0.011515545,0.876565039,0.700620055,0.994429469,0.745639861,0.525805175,0.724880457,0.999971509,0.049253296,0.039733,0.946587682,0.991169095,0.047255598,0.002235441,0.915849686,0.68564558,0.187620923,0.06705521,0.983939648,0.897512913,0.362339973,0.999110401,0.733329058,0.894,0.007
"569","cid71268957","CCCc1cc(C)[nH]c(=O)c1CNC(=O)c1cc(-c2ccnc(N3CCN(C)CC3)c2)cc2c1cnn2C(C)C",541.32,9,2,99.15,9,5,9,9,0,30,0,0,0.345,0.419,65.455,0,0,1,1,-4.272928096,3.400269971,4.001755364,9.300755426,6.933840427,-5.493989986,0.000118544,0.998016357,0.835561812,4.03e-05,0.03695339,0.086952031,0.87527281,0.992058218,0.689142764,0.123926699,1,0.047616929,0.999930143,98.5575866,0.462489745,1.84694021,0.045322459,0.002903708,0.337384462,0.222704202,0.000921552,4.19e-05,0.010004788,0.489918858,0.911057651,0.001194028,1.71e-08,0.99840039,0.964476645,5.927712326,0.364259115,0.958690286,0.992503285,0.336649984,0.809892535,0.942381382,0.014496329,0.450751364,3.94e-12,6.86e-05,0.961597025,0.961991787,0.991128922,0.986010909,0.871421278,0.993503869,0.999955535,0.14769277,0.363546968,0.575771868,0.000518443,0.000551207,2.06e-07,0.000504048,0.000602924,2.79e-06,2.23e-07,0.022801986,0.527013719,0.000749817,1.54e-05,0.010455116,0.099,0.097
"570","cid60167849","Cc1cnc(-c2ccccc2C(C)C)nc1NCc1ccc(-n2ccnn2)cc1",384.21,6,1,68.52,6,4,6,6,0,23,0,0,0.519,0.217,21,0,1,1,0,-4.96022956,3.707903877,4.450811465,9.91924976,5.948868773,-4.936331283,0.000143619,0.988548279,0.000416072,0.000329375,0.068220258,0.891012639,0.992407824,0.905931056,0.753269613,0.016091961,0.99995923,0.392085135,0.858272493,98.33727133,-0.161196364,1.386364786,0.466168761,0.997187912,0.000314048,0.418247938,0.445565581,0.99692142,0.259928912,0.999875665,0.866515279,0.998691857,7.91e-06,1,0.272478729,5.266560295,0.446410351,0.695798635,0.937871635,0.482546419,0.349261254,0.511587799,0.088806711,0.930543005,1.09e-07,0.101240337,0.361384392,0.862613738,0.86274308,0.907290936,0.254919261,0.970053315,0.994027615,0.209514394,0.471584588,0.642608345,0.062812038,0.005561746,1.67e-05,0.081598051,0.84426862,0.003683374,0.013295402,0.124716774,0.00152141,0.000128561,0.091169775,0.000248054,0.826,0.721
"571","cid59473233","c1cn2cc(-c3ccc4cn[nH]c4c3)nc(Nc3ccc(N4CCOCC4)cc3)c2n1",411.18,8,2,83.37,4,6,9,8,0,32,0,0,0.467,0.174,64.296,0,0,1,0,-3.564005491,2.106668503,1.927154754,10.37423367,5.722626593,-5.263410053,0.88046062,0.001314921,0.133627921,0.002682269,0.007151365,0.007898271,0.380977154,0.987118363,0.994035065,0.033009503,0.990455091,0.00025,0.725271165,92.94830294,0.084050999,7.239887743,0.000295989,0.878177404,3.8e-06,0.358416915,0.391818732,0.010859184,0.753211021,0.999908805,2.7e-06,0.999037027,1.33e-13,0.999891043,0.000242357,4.910753202,0.449960012,0.690849304,0.999402642,0.865793228,0.709649265,0.678705633,0.060378235,0.960251331,2.32e-08,0.066116519,0.971032619,0.898016572,0.984510005,0.866193831,0.57950002,0.989497304,0.999783099,0.359960854,0.09965992,0.775937855,0.995399773,0.0848656,0.012119336,0.815989673,0.717972457,0.023155093,0.12871705,0.945586503,0.508529484,0.143022761,0.803832948,0.139223665,0.69,0.977
"572","cid44462758","NC(=O)c1cnc(NC2CCCCC2N)nc1Nc1cccc(-n2nccn2)c1",393.2,10,6,149.66,6,4,6,10,0,24,2,0,0.493,0.316,73.08,0,0,0,0,-3.979524138,2.746355432,2.766494472,8.385083129,6.354251787,-5.776823746,0.499479592,0.000894797,0.068712495,4.77e-06,4.41e-06,1.26e-05,0.165213764,0.623819113,0.995205641,0.014967768,0.172818035,0.02287248,0.610223353,75.91268303,0.094942545,22.80037553,4.99e-06,0.000246596,1.53e-05,1.59e-06,0.003989073,0.810504079,0.145084605,0.994924545,0.008211258,0.003893178,4.58e-09,0.273190945,0.00014257,3.751405562,0.965877272,0.97998023,0.96053803,0.290169865,0.429203272,0.837279916,0.009851159,0.652949393,6.03e-11,0.007303175,0.876089811,0.925165892,0.974565327,0.937739611,0.363191515,0.936271548,0.99944061,0.239963785,0.650751173,0.837297678,0.974280179,0.02240389,0.008865789,0.666635633,0.149560481,0.003383904,0.316105396,0.975885808,0.185765892,0.020327648,0.76028198,0.13111265,0.539,0.727
"573","cid44631912","CN(C)C(=O)c1cc2cnc(Nc3ccc(N4CCNCC4)cn3)nc2n1C1CCCC1",434.25,9,2,91.21,6,5,9,9,0,28,0,0,0.638,0.478,65.765,0,0,1,0,-3.128144089,2.234893221,1.944319038,8.923083789,6.708063774,-5.301113162,0.004207932,0.000519946,0.01737358,0.002584338,0.048834443,0.922209047,0.999993998,0.999999404,1,0.215100452,0.999197662,0.000476097,0.996157706,65.56363148,0.661118675,32.1252199,0.079732068,0.01153875,0.002194352,0.001212885,0.007004004,0.000102952,0.048195619,0.005240733,0.999989033,0.004902083,4.91e-08,0.322658002,0.00325564,6.922907384,0.572618789,0.93593955,0.995404124,0.473195016,0.793011785,0.863464952,0.127954528,0.551164329,1.45e-09,0.00647973,0.986342371,0.977179587,0.986612797,0.958685219,0.715704739,0.99933368,0.999873757,0.397541761,0.483222991,0.75010848,0.046150565,0.295991778,0.000114387,0.240874067,0.168472528,4.71e-05,0.000425623,0.677197993,0.231031761,0.00837722,0.1703583,0.008162971,0.389,0.089
"574","cid71299339","O=C(Nc1cccc(C(F)(F)F)c1)Nc1cc(S(=O)(=O)NC2CC2)ccc1-c1ccsc1",481.07,6,3,87.3,9,4,6,11,0,23,0,0,0.433,0.19,58.24,0,0,1,0,-6.170853439,3.978151717,4.630752032,11.00590842,3.752888264,-5.205031752,0.52477318,0.994945228,0.076838627,0.00553298,0.004471481,0.017406166,0.696127176,0.997127235,0.99973911,5.25e-05,0.999223113,0.001895552,0.277938098,99.06096486,-0.366311511,0.55863649,2.14e-06,0.999344766,0.023488946,0.999989986,0.206038237,0.837404191,0.310038865,0.999323964,0.893961847,0.00993344,1.4e-11,1,0.976181209,4.827978507,0.527071259,0.910827041,0.999947786,0.089658134,0.325787365,0.933525801,0.011671429,0.016621087,1.63e-09,0.001405877,0.97363323,0.939495742,0.199311003,0.868321836,0.172719225,0.859938562,0.999959946,0.112636596,0.841574907,0.963539302,0.300090969,0.021207748,0.001835775,0.003829963,0.030234385,0.000168916,2.06e-06,0.742853761,0.000126578,5.49e-05,0.975411952,0.001339978,1,0.049
"575","cid118693659","COc1nnc2ccc(N3CCC(c4ccc(OCCN5CCN(C)C(=O)C5C)cc4)CC3)nn12",479.26,10,0,88.33,7,5,9,10,0,29,1,0,0.509,0.52,92.368,0,0,1,0,-3.574398646,2.374469226,2.195246875,8.796522222,6.737197488,-4.446819584,0.12852481,0.578343272,0.475334495,0.298854828,0.519636005,0.693873227,0.796093181,0.912278712,0.949452043,0.244758978,0.999784887,0.225776047,0.956254005,90.86882566,-0.088462182,7.14828589,0.999987364,6.61e-05,0.951660454,0.000102379,0.003343868,0.000852113,0.865614951,5.61e-06,0.999911547,0.288245887,4.41e-07,0.962240398,0.34622702,8.443928671,1.296920105,0.908620894,0.558478415,0.802405655,0.853568137,0.855345011,0.025615651,0.847197056,8.8e-09,0.000104977,0.883242786,0.865944982,0.928982377,0.959590554,0.632347167,0.911441922,0.999640346,0.143365115,0.224968463,0.901397705,0.006395541,0.011455847,0.003012951,0.012526239,0.247050047,0.008003506,0.002282103,0.01386175,0.292946815,0.039419286,0.005145034,0.034241714,0.182,0.1
"576","cid131634760","Cc1c2c(nn1C)CSCc1cc(n(C)n1)CSc1cc(c3ccccc3c1)OCCCc1c(C(=O)O)n(C)c3c-2c(Cl)ccc13",671.18,8,1,87.1,1,7,0,11,0,45,0,1,0.189,0.286,90.667,1,0,1,1,-6.08920663,3.720171437,5.111584084,8.366264725,2.430545492,-5.355076587,0.066110432,0.023629144,0.002722633,0,1.55e-06,6.91e-06,0.15193516,0.220101014,0.143067822,1.21e-06,0.999999404,0.999938011,0.999975204,98.79016749,-0.38776671,0.68930823,0.999994397,0.993044198,0.961079895,0.404306352,1,0.957765341,0.999989271,0.01043415,0.999750674,0.832449257,0.007378154,0.954844296,0.298282087,0.790602303,1.373969239,0.531366944,0.999960423,0.930380881,0.836619437,0.7091223,0.922525287,0.945334136,3.92e-11,0.000291392,0.944786489,0.947655559,0.861246228,0.980474889,0.935930252,0.99770689,0.957348168,0.208743662,0.390916914,0.881960988,0.922978044,0.000324802,1.96e-08,0.000623225,0.020158933,2e-08,1.78e-08,0.025362385,4.67e-06,0.000977991,2.47e-06,0.000300921,0.992,0.038
"577","cid68740","O=P(O)(O)C(O)(Cn1ccnc1)P(=O)(O)O",272,9,5,153.11,4,1,5,11,0,7,0,1,0.432,0.4,13,0,0,0,0,-0.545712399,-0.575568222,-1.620051304,3.000171024,3.022381416,-6.42263934,0.999999642,1.52e-11,1.24e-07,1,1,1,1,4.48e-08,1.77e-09,9.45e-06,5e-08,3.2e-09,0.901193082,22.89702413,-0.240916784,66.12201843,1.84e-22,6.9e-11,3.13e-14,0.007359215,0.129835606,0.000361706,6.01e-09,1.21e-11,9.61e-06,1.4e-13,4.32e-25,0.122641273,0.005829082,1.671949708,2.176256934,0.000664336,0.024083458,0.018220793,0.00286282,0.975951552,0.914686263,0.945121169,0.968121588,0.125839889,0.870543003,0.937761843,0.003153882,0.995199561,0.434796631,0.999969602,0.996307611,0.019794071,1.57e-06,0.011177978,6.42e-08,2.87e-08,1.12e-10,3.43e-08,0.003717909,0.000188197,4.74e-08,3.37e-06,1.48e-08,1.01e-07,8.29e-08,2.79e-08,0.002,0.001
"578","cid8269","CC(=O)Oc1ccc(C2(c3ccc(OC(C)=O)cc3)C(=O)Nc3ccccc32)cc1",401.13,6,1,81.7,6,4,9,6,0,25,0,0,0.531,0.125,49.778,0,0,1,0,-4.419234684,3.005136888,2.925167197,8.876720688,5.001700323,-5.003639718,0.009501667,0.239733532,0.746879458,6.58e-05,0.002480328,0.023543239,0.722894669,0.993520439,0.989901185,0.004785428,0.999994278,0.053627074,0.418296605,93.38791852,-0.143690605,8.661523973,0.000705586,4.67e-05,4.07e-08,9.8e-05,0.001097095,8.44e-11,2.41e-06,4.71e-11,3.03e-13,1.67e-07,1.4e-08,0.000398904,0.97480917,4.32347232,0.40887052,0.027678635,0.740143239,0.242825136,0.416765362,0.481795222,0.739833891,0.111386098,0.031667978,0.58510977,0.316699952,0.519946158,0.677919149,0.166924328,0.462235749,0.142436326,0.978805304,0.012269167,0.159293562,0.134022057,0.003120234,0.8692711,0.069692694,0.057372496,0.791458964,0.846691012,0.002964266,0.03647542,0.001122728,0.032206867,0.995328307,0.999627352,0.706,0.126
"579","cid4212","O=C1c2c(O)ccc(O)c2C(=O)c2c(NCCNCCO)ccc(NCCNCCO)c21",444.2,10,8,163.18,12,3,14,10,0,18,0,0,0.139,0.364,38,0,0,1,0,-2.578908486,1.811459372,1.499388876,7.754293901,8.022851921,-5.827897773,0.989233136,0.058122434,1,0.999876606,0.983671855,0.998645403,0.99999576,5.85e-07,1.49e-05,0.10524708,0.666929066,7.1e-07,0.646624267,87.57998761,1.741583533,13.70784008,0.910581291,0.003805328,0.110949725,4.03e-11,3.25e-06,6.11e-09,3.36e-06,0.000427733,4.59e-07,4.68e-07,3.33e-16,0.357594818,0.17434977,7.2606614,1.243702336,0.831821501,0.999430597,0.987794638,0.091599643,0.089903355,0.999979019,0.067675345,4.66e-08,0.150497511,0.99869746,0.972326875,0.340472013,0.793734848,0.848923445,0.99788183,0.976905107,0.663977206,0.978690386,0.536057174,0.996139109,0.101133995,0.0179695,0.015013346,0.784636378,0.065834463,2.41e-05,0.918051183,0.990232348,0.000826801,0.006725288,0.845262825,0.199,0.041
"580","cid657237","Nc1nc(F)nc2c1ncn2C1OC(CO)C(O)C1O",285.09,9,5,139.54,2,3,9,10,0,15,4,0,0.472,0.5,63.6,0,0,0,0,-1.586192532,-0.295254851,-0.818795501,9.230850176,3.672378577,-5.68678309,0.980404794,6.82e-06,0.820909619,0.46724391,0.017471552,0.256192267,0.163830638,0.004630993,0.586903751,0.005234408,0.000216074,0.416094452,0.646516979,25.76438135,0.42569127,78.6134532,0.002487695,3.43e-07,3.76e-05,4.52e-05,0.010097481,1.75e-05,0.000246229,0.00403943,0.013064869,0.040099196,1.27e-07,0.009057575,0.01040039,9.79796191,1.882972007,0.068758801,0.959058344,0.742692888,0.362514675,0.292018175,0.176494762,0.385239393,5.14e-07,0.196527258,0.511154175,0.908590674,0.961444378,0.976003528,0.553460658,0.754627466,0.99725914,0.129819885,0.125027224,0.374924779,0.000534561,0.017874252,0.002393056,0.007833647,0.004397525,0.000427126,0.00048261,0.256183654,0.000194301,0.000161205,0.001064357,0.898363531,0.059,0
"581","cid5352062","CC=C1NC(=O)C2CSSCCC=CC(CC(=O)NC(C(C)C)C(=O)N2)OC(=O)C(C(C)C)NC1=O",540.21,10,4,142.7,2,2,17,12,0,30,4,1,0.178,0.625,43.385,0,0,1,1,-2.591904031,1.62719146,1.091853872,6.783268135,5.446862196,-5.087471939,0.015190933,0.972568989,0.000121297,0.065208375,0.001560271,0.814058036,0.999567462,0.999995828,0.999999523,1.93e-06,0.999982715,5.47e-07,0.548992097,87.49255853,-0.226060362,13.05840847,5.11e-05,9.74e-05,0.999886036,5.07e-11,0.009924567,1.13e-12,0.000451367,2.57e-05,0.049249623,5.47e-10,0.999177873,0.000340119,0.001995563,4.880884637,1.049114682,0.007604379,0.922201753,0.011978824,0.05432431,0.014078167,0.963827848,0.225966588,2.32e-06,0.008102505,0.004701127,0.301408738,0.58587718,0.631693423,0.10953588,0.719072878,0.998102129,0.06855198,0.001161495,0.031787746,2.4e-09,8.32e-11,7.43e-09,0.997018218,0.999986768,0.146389604,1.02e-06,0.496978641,0.992019594,5.85e-05,0.000137423,0.988183796,0.31,0
"582","cid234820","COc1cc(C2c3cc4c(cc3C(Br)C3COC(=O)C23)OCO4)cc(OC)c1OC",476.05,7,0,72.45,4,5,16,8,0,26,4,1,0.49,0.409,94.839,0,0,1,0,-5.246658172,2.703075245,2.666441775,7.900413707,3.092362351,-4.953006995,0.045828719,0.024204614,0.000491322,5.96e-07,0.002108037,4.17e-06,0.035553873,0.509405911,0.878210723,0.000513393,0.999756992,0.996475279,0.999398112,98.8833637,-0.004763445,1.41006932,0.892694175,0.995132983,0.999743283,0.999439776,0.151780993,0.121871382,0.000736701,0.999877214,0.99683398,0.997608185,0.365002722,0.510613978,0.143269718,1.874153951,2.569967257,0.127432555,0.947776079,0.558557034,0.58221209,0.944867253,0.742943704,0.903940856,0.042989586,0.844658136,0.863798499,0.37256223,0.882721305,0.769066036,0.14643161,0.68372637,0.829324722,0.182054028,0.214512736,0.545742333,0.925298274,0.107836172,0.008301642,0.145661026,0.146395817,0.003681892,8.47e-05,0.7462098,0.34852761,0.130176753,0.984310627,0.941405594,0.296,0.003
"583","cid243725","COc1cc2c(cc1OC)C1C(=O)c3ccc4c(c3OC1CO2)CC(C(C)C)O4",396.16,6,0,63.22,3,5,21,6,0,26,3,1,0.787,0.435,92.485,0,1,0,0,-5.490158202,3.438087619,3.827392836,9.905112784,4.728294887,-4.781487059,9.28e-05,0.989391685,2.17e-05,4.09e-05,0.016867459,0.001088023,0.548820347,0.999668956,0.999894381,0.13853088,0.999999523,0.097082913,0.996479571,97.47797099,0.123114376,2.237792657,0.999748647,0.971144378,0.998844981,0.224851847,0.958264291,0.719075084,0.895735621,0.894288659,0.988767326,0.516605377,0.945475876,0.818737388,0.894595623,6.762573294,1.73214511,0.292027652,0.731185675,0.515978217,0.488612384,0.532008767,0.361382604,0.832271278,0.003228523,0.321379542,0.742771804,0.722885609,0.587272525,0.726784885,0.468496621,0.366861224,0.178204402,0.13588582,0.238387167,0.474427134,0.164844796,0.003022594,2.75e-05,0.012795361,0.993738174,0.119014464,1.68e-05,0.118081033,0.003297698,0.001431062,0.02488197,0.007326141,0.397,0.322
"584","cid4323685","COc1cc2c(cc1OC)C1C(=O)c3ccc4c(c3OC1CO2)CC(C(C)C)O4",396.16,6,0,63.22,3,5,21,6,0,26,3,1,0.787,0.435,92.485,0,1,0,0,-5.490158202,3.438087619,3.827392836,9.905112784,4.728294887,-4.781487059,9.28e-05,0.989391685,2.17e-05,4.09e-05,0.016867459,0.001088023,0.548820347,0.999668956,0.999894381,0.13853088,0.999999523,0.097082913,0.996479571,97.47797099,0.123114376,2.237792657,0.999748647,0.971144378,0.998844981,0.224851847,0.958264291,0.719075084,0.895735621,0.894288659,0.988767326,0.516605377,0.945475876,0.818737388,0.894595623,6.762573294,1.73214511,0.292027652,0.731185675,0.515978217,0.488612384,0.532008767,0.361382604,0.832271278,0.003228523,0.321379542,0.742771804,0.722885609,0.587272525,0.726784885,0.468496621,0.366861224,0.178204402,0.13588582,0.238387167,0.474427134,0.164844796,0.003022594,2.75e-05,0.012795361,0.993738174,0.119014464,1.68e-05,0.118081033,0.003297698,0.001431062,0.02488197,0.007326141,0.397,0.322
"585","cid73068","COc1cc2c(cc1OC)C1C(=O)c3ccc4c(c3OC1CO2)CC(C(C)C)O4",396.16,6,0,63.22,3,5,21,6,0,26,3,1,0.787,0.435,92.485,0,1,0,0,-5.490158202,3.438087619,3.827392836,9.905112784,4.728294887,-4.781487059,9.28e-05,0.989391685,2.17e-05,4.09e-05,0.016867459,0.001088023,0.548820347,0.999668956,0.999894381,0.13853088,0.999999523,0.097082913,0.996479571,97.47797099,0.123114376,2.237792657,0.999748647,0.971144378,0.998844981,0.224851847,0.958264291,0.719075084,0.895735621,0.894288659,0.988767326,0.516605377,0.945475876,0.818737388,0.894595623,6.762573294,1.73214511,0.292027652,0.731185675,0.515978217,0.488612384,0.532008767,0.361382604,0.832271278,0.003228523,0.321379542,0.742771804,0.722885609,0.587272525,0.726784885,0.468496621,0.366861224,0.178204402,0.13588582,0.238387167,0.474427134,0.164844796,0.003022594,2.75e-05,0.012795361,0.993738174,0.119014464,1.68e-05,0.118081033,0.003297698,0.001431062,0.02488197,0.007326141,0.397,0.322
"586","cid6708575","COc1cc2c(cc1OC)C1C(=O)c3ccc4c(c3OC1CO2)CC(C(C)C)O4",396.16,6,0,63.22,3,5,21,6,0,26,3,1,0.787,0.435,92.485,0,1,0,0,-5.490158202,3.438087619,3.827392836,9.905112784,4.728294887,-4.781487059,9.28e-05,0.989391685,2.17e-05,4.09e-05,0.016867459,0.001088023,0.548820347,0.999668956,0.999894381,0.13853088,0.999999523,0.097082913,0.996479571,97.47797099,0.123114376,2.237792657,0.999748647,0.971144378,0.998844981,0.224851847,0.958264291,0.719075084,0.895735621,0.894288659,0.988767326,0.516605377,0.945475876,0.818737388,0.894595623,6.762573294,1.73214511,0.292027652,0.731185675,0.515978217,0.488612384,0.532008767,0.361382604,0.832271278,0.003228523,0.321379542,0.742771804,0.722885609,0.587272525,0.726784885,0.468496621,0.366861224,0.178204402,0.13588582,0.238387167,0.474427134,0.164844796,0.003022594,2.75e-05,0.012795361,0.993738174,0.119014464,1.68e-05,0.118081033,0.003297698,0.001431062,0.02488197,0.007326141,0.397,0.322
"587","cid13845974","COc1cc2c(cc1OC)C1C(=O)c3ccc4c(c3OC1CO2)CC(C(C)C)O4",396.16,6,0,63.22,3,5,21,6,0,26,3,1,0.787,0.435,92.485,0,1,0,0,-5.490158202,3.438087619,3.827392836,9.905112784,4.728294887,-4.781487059,9.28e-05,0.989391685,2.17e-05,4.09e-05,0.016867459,0.001088023,0.548820347,0.999668956,0.999894381,0.13853088,0.999999523,0.097082913,0.996479571,97.47797099,0.123114376,2.237792657,0.999748647,0.971144378,0.998844981,0.224851847,0.958264291,0.719075084,0.895735621,0.894288659,0.988767326,0.516605377,0.945475876,0.818737388,0.894595623,6.762573294,1.73214511,0.292027652,0.731185675,0.515978217,0.488612384,0.532008767,0.361382604,0.832271278,0.003228523,0.321379542,0.742771804,0.722885609,0.587272525,0.726784885,0.468496621,0.366861224,0.178204402,0.13588582,0.238387167,0.474427134,0.164844796,0.003022594,2.75e-05,0.012795361,0.993738174,0.119014464,1.68e-05,0.118081033,0.003297698,0.001431062,0.02488197,0.007326141,0.397,0.322
"588","cid353472","COC(=O)NC1(NC(=O)OC)NC(=O)c2cc(OC)c(OC)c(OC)c2N1",384.13,12,4,145.48,9,2,10,12,0,14,0,0,0.523,0.4,35.619,0,0,0,0,-1.754672827,0.303572105,0.407432707,9.420405881,5.462675129,-5.699774212,0.49668923,0.000603582,1,0.001775324,0.999980261,0.879321277,0.999287367,0.857118785,0.999117672,1.8e-09,0.000383463,5.55e-07,0.063133068,32.19899275,-0.169548429,48.91377245,8.93e-05,1.2e-09,2.19e-05,1.33e-10,1.45e-08,2.07e-21,1.3e-08,2.58e-11,1.06e-10,2.24e-05,2.16e-36,6.41e-11,2.71e-06,6.39330646,0.751310539,0.000814157,1,0.013073024,0.149709865,5.9e-05,0.006343447,0.004259335,9.48e-22,2.42e-07,0.019325934,0.637990534,0.996480048,0.910337389,0.297192991,0.999846578,1,3.75e-06,2.11e-11,7.5e-06,0.023806822,2.03e-08,0.255072057,0.004917503,0.198496476,0.003842668,4.89e-08,1,0.062025122,2.27e-06,0.766073287,0.999998093,0.01,0.056
"589","cid87371","O=C1NCCc2c1[nH]c1ccccc21",186.08,3,2,44.89,0,3,13,3,0,16,0,1,0.642,0.182,32.308,0,0,0,1,-2.692433427,1.260618533,1.46288808,9.709171097,4.197250769,-5.034398427,0.740921259,0.170600414,0.287391067,0.021686375,0.019515097,0.077647805,0.508659214,0.905076683,0.96307081,0.465505987,0.960755408,0.322986096,0.537687421,84.56363893,0.067917929,14.3377558,0.101718359,0.000365434,0.635980725,0.001202068,0.065631248,0.000635202,0.007932566,0.001077299,0.001185754,4.65e-06,0.000186253,0.088618897,0.252518505,7.907190975,1.993549864,0.175877854,0.678137898,0.892175674,0.546430528,0.395035982,0.885814071,0.831698656,0.008470433,0.971844614,0.769630373,0.638143182,0.807127893,0.412316293,0.567437768,0.602936268,0.964556932,0.069350891,0.150174215,0.300435603,0.971126616,0.027745374,0.078134701,0.549271166,0.515147209,0.113117851,0.031828661,0.380001187,0.349801511,0.218715876,0.477095932,0.498909235,0.316,0.378
"590","cid442205","C=C1C(=O)OC2C1C(OC(=O)C=C(C)C)CC1=CC(CC3(C)OC23)OC1=O",374.14,7,0,91.43,3,4,15,7,0,24,6,1,0.315,0.55,65.419,0,0,0,0,-2.285033523,1.203741651,0.827402135,5.730077893,4.319584332,-4.701224497,0.869680703,0.006143983,0.249349207,0.569708169,0.18608439,0.514930099,0.992454005,0.926793396,0.997679651,0.000886056,0.511894107,0.771199942,0.805068791,92.26035818,0.00756891,7.677088017,0.00322514,0.007444324,0.734073281,2.37e-05,0.131724566,3.23e-07,5.68e-06,0.005763453,0.970123649,1.38e-07,0.005062275,0.001260417,0.252566516,4.036204269,1.442661696,0.041415043,0.989046395,0.764538527,0.4795551,0.968201697,0.997189701,0.748435736,2.61e-05,0.039271433,0.214066967,0.806189775,0.944849908,0.805411816,0.235167131,0.932156861,0.956787407,0.204540372,0.140775219,0.618007898,7.3e-05,9.81e-05,0.000439559,0.003492629,0.252567291,0.00090091,0.000130743,0.685999334,0.000696705,0.316340089,0.000103845,0.804714203,0.061,0
"591","cid5477029","C=C1C(=O)OC2CC1CCC1(C)OC1CCC(C)=CCCC2(C)O",334.21,4,1,59.06,0,3,17,4,0,22,5,1,0.318,0.75,56.4,0,0,0,0,-3.846325438,2.844658121,2.56734535,6.765969552,5.264303548,-4.602334781,0.675175071,0.082478799,0.000436303,0.032284856,0.080544114,0.279040158,0.429974973,0.92157048,0.994349182,0.000114143,0.988487482,0.021756552,0.985505939,71.18782344,0.075875912,15.93745981,0.288289815,0.007370042,0.934471548,0.001655142,0.542908728,2.08e-05,0.015014974,0.07723666,0.393168628,0.000935066,0.053654827,0.2154558,0.760399103,5.367473843,1.791178867,0.029067593,0.406383038,0.141656235,0.055931021,0.352365375,0.992082834,0.797675431,0.048126101,0.567667425,0.113504045,0.689520657,0.223061368,0.754957259,0.223942488,0.381160319,0.030790225,0.047680248,0.031537466,0.147400364,1.46e-06,7.61e-05,8.72e-08,6.31e-06,0.007273719,3.04e-06,6.51e-06,0.000646486,2.42e-06,2.88e-05,1.15e-06,0.000107144,0.026,0
"592","cid397888","COc1cc2c3c(n(CCCNCCO)c(=O)c2cc1OC)-c1cc2c(cc1C3=O)OCO2",452.16,9,2,108.25,8,5,20,9,0,26,0,1,0.391,0.333,57.75,0,0,1,0,-3.159801618,1.815620225,1.44408571,9.32441465,7.120121766,-5.694100377,0.048718642,0.988824904,0.830643237,0.330592573,0.158606529,0.076288044,0.777504265,0.033708595,0.229536131,0.890944421,0.999953508,0.006240002,0.764418125,84.928169,1.189757774,14.62584898,0.941684902,0.980305433,0.902957499,0.953007698,0.016828118,0.981460333,0.388483912,0.999967575,0.287732035,0.938038826,5.02e-06,0.387543261,0.663731933,6.051530042,1.154549955,0.843401611,0.998836577,0.975947142,0.08166115,0.80576247,0.942195833,0.911253512,2.06e-09,0.001477123,0.747366905,0.963291049,0.983284295,0.839917243,0.980195165,0.99796474,0.999854088,0.817414761,0.910590053,0.941035807,0.85924685,0.341921568,0.314127326,0.134711713,0.391523629,0.099537849,0.001093026,0.711079597,0.472802728,0.546291471,0.855204642,0.941853404,0.432,0.004
"593","cid643462","CC(C)=CCCC(C)=CCc1c(O)cc(C=Cc2cc(O)c3c(c2)CC2C(C)(CC(O)C(O)C2(C)C)O3)cc1O",548.31,6,5,110.38,7,4,14,6,0,25,4,1,0.195,0.471,101.68,1,0,1,1,-4.863244597,4.811166792,6.732205,11.06242207,6.268075448,-5.471527182,0.807292879,0.010911335,0.00128896,0.000209391,0.239243627,0.199229598,0.997442858,0.999754488,0.999671221,0.117335543,0.738874376,0.591661036,0.98854804,89.23803548,0.096636075,14.75267973,1.02e-08,0.000631171,0.000872555,0.003283357,0.015969684,5.74e-07,0.001738746,0.012976418,0.000111781,0.58271414,9.19e-08,0.999999881,0.07976836,6.628154588,1.81350489,0.32396245,0.009914677,0.656707585,0.627883971,0.932891071,0.999454558,0.057225812,4.63e-08,0.181301758,0.948821843,0.852388263,0.165966228,0.98492372,0.009804557,0.419603616,0.017141551,0.316069812,0.966588974,0.897602975,0.697102487,0.003634768,0.000246765,0.002077699,0.233249068,0.007336024,0.000103916,0.153036937,0.000234544,0.000598928,0.937741518,0.004808559,0.999,0.653
"594","cid2332","N=C(N)c1ccccc1",120.07,2,3,49.87,1,1,6,2,0,7,0,0,0.421,0,5,0,0,0,1,-1.57924274,0.678767707,0.675834795,10.89943053,9.900824716,-6.146364602,0.70666188,0.025736451,0.961656988,0.175321519,0.056197524,0.656706363,0.728886873,0.24453783,0.8144629,0.009106828,0.000765858,0.758638799,0.26355195,44.22368171,0.94503145,49.47758113,0.740056515,3.42e-06,2.08e-05,9.67e-07,9.43e-05,0.00645217,0.060184956,0.000606094,0.005036852,0.001912796,8.81e-08,0.003427165,0.008766403,6.436123043,2.482799684,0.275126785,0.217078924,0.046703245,0.283028215,0.303691745,0.95385325,0.330674797,0.000463456,0.888073266,0.738020897,0.680147469,0.979959488,0.044139225,0.293748617,0.112770528,0.964670181,0.023172515,0.016888434,0.116386913,0.000749586,1e-06,2.01e-06,4.85e-06,0.00119709,7.13e-05,4.25e-07,0.756625056,1.91e-06,4.9e-05,0.003097859,1.98e-05,0.021,0.013
"595","cid11655119","c1ccc(-c2nn3c(c2-c2ccnc4cc(OCCN5CCOCC5)ccc24)CCC3)nc1",441.22,7,0,65.3,6,6,10,7,0,32,0,0,0.453,0.346,67.2,0,0,1,0,-3.216086793,2.337981264,1.989030294,8.964242348,6.513411784,-4.613022238,0.654181242,0.136218861,0.013302446,8.37e-05,0.00170368,0.002483487,0.008816004,0.376325607,0.671450138,0.090522863,0.99941361,0.63441211,0.992878735,93.51346706,0.007290559,6.113362869,0.782820344,0.001786509,0.001969051,0.002250424,0.000720866,0.058055956,0.898346424,0.47233355,0.753960788,0.997632742,4.02e-08,0.999219537,0.027496066,6.250112052,0.39155936,0.881580889,0.956736922,0.916478932,0.598038673,0.9013322,0.138020128,0.916880548,1.56e-09,0.001405737,0.956880987,0.8888188,0.988850415,0.884937465,0.542734504,0.966506422,0.945669949,0.244330242,0.192854613,0.891397059,0.249782339,0.096810937,0.099089317,0.029412812,0.125915751,0.011158315,0.334104508,0.198931232,0.144476071,0.118996114,0.185601085,0.902684748,0.025,0.094
"596","cid35397514","COc1cc2c(cc1NS(=O)(=O)c1ccc(Br)cc1C)n(C)c(=O)n2C",439.02,7,1,82.33,4,3,9,9,0,19,0,0,0.677,0.235,22,0,0,1,0,-4.257331272,2.887014437,2.842735045,8.375573173,3.595559236,-4.944426814,0.060173985,0.884149611,0.049604733,1.13e-05,5.22e-05,5.95e-05,0.000532329,0.717662573,0.730592132,0.000515272,0.999463737,0.939796448,0.951137841,98.7486292,-0.315406506,0.884481724,0.003434533,0.999843955,0.952917933,0.999999881,0.999795258,0.004412402,0.041363783,0.999960423,0.999996543,0.99180311,2.26e-06,0.999955654,0.121600054,1.340525524,0.829095558,0.210557923,0.990121007,0.13810955,0.341569275,0.525879264,0.253848583,0.628912389,0.000136724,0.217199415,0.152055487,0.879862368,0.392936379,0.380576462,0.505663335,0.322288632,0.998336554,0.155383468,0.233281955,0.238109306,0.24842678,0.008865303,8.52e-07,8.51e-05,0.000185908,1.75e-07,1.2e-07,0.001008791,0.003759957,2e-05,7.84e-05,0.000190306,0.167,0
"597","cid2802462","CC(C)c1ccc(-c2cc(=O)c3ccccc3o2)cc1",264.12,2,0,30.21,2,3,10,2,0,18,0,1,0.678,0.167,16,0,1,1,0,-5.087356889,3.967050629,4.580775172,7.457704291,3.770034804,-4.623638554,0.215891063,0.99751091,0.091819085,0.003447652,0.258914888,0.756640971,0.940691739,0.99121362,0.998646557,0.955283046,0.999867201,0.008355904,0.959483624,98.94673997,0.177788081,0.615699016,0.010680771,0.968846917,0.208010808,0.090632059,0.71028477,0.626708388,0.034228887,0.008720489,0.016491106,0.99470067,1.42e-05,0.991606355,0.988425851,5.642936566,0.673372631,0.115989946,0.779832423,0.47145012,0.459632516,0.67681098,0.408065379,0.685107946,0.606072068,0.985969663,0.588684618,0.533865154,0.306137085,0.243276879,0.338390648,0.380183101,0.743306041,0.045623031,0.100308008,0.362736434,0.475913465,0.07701847,0.000950964,0.026883973,0.775261879,0.004186227,0.062435128,0.364278793,0.024352584,0.085706033,0.358717322,0.059253447,0.924,0.999
"598","cid16654980","Nc1cc(C(F)(F)F)c(-c2cc(N3CCOCC3)nc(N3CCOCC3)n2)cn1",410.17,8,2,89.63,4,4,6,11,0,24,0,0,0.82,0.5,59.63,0,0,1,0,-3.531651812,2.665084489,2.479125288,8.665691916,5.348689776,-4.446011851,0.043335274,0.221728042,0.113738731,5.59e-05,0.001146317,0.000420511,0.002110422,0.530698955,0.852485895,0.000652782,0.338265508,0.709293187,0.982057929,95.17090049,0.333493911,4.739732251,0.838693798,0.941234767,0.003368373,0.990955889,0.279512346,1.15e-08,0.00977429,0.560593247,0.000108803,0.000232884,2.13e-09,0.152161807,4.84e-07,5.863704486,0.929492713,0.337034166,0.992633283,0.689973354,0.542432249,0.284052253,0.19710961,0.907333851,9.47e-07,0.326854378,0.799345613,0.95795393,0.994119406,0.876043677,0.433013648,0.984633327,0.999891162,0.312105298,0.05468338,0.428608,0.019631395,0.112351082,0.001944887,0.155798972,0.076621652,0.001561821,0.025484359,0.340005189,0.106006339,0.002498328,0.00331015,0.273856729,0.016,0.018
"599","cid11719003","CC(C)Nc1cc(-c2c[nH]c(C(=O)NC(CO)c3cccc(Cl)c3)c2)c(Cl)cn1",432.11,6,4,90.04,8,3,6,8,0,18,1,0,0.436,0.238,38,0,0,1,0,-5.359233554,3.840747868,4.264988001,10.35916008,5.662820719,-5.084331901,0.019130334,0.249542266,0.036585808,4.89e-06,0.0001266,0.00233072,0.113752544,0.997643769,0.977226138,0.017829297,0.99999392,0.006692683,0.998080134,98.21528672,0.049382177,1.51635983,0.000109373,0.952638626,0.000673064,0.000104651,0.1199902,0.598098874,0.921114206,0.051252648,0.133495182,0.369145274,1.32e-07,0.998530388,0.85946548,5.307646156,0.98067125,0.412172854,0.911581397,0.09544652,0.254747212,0.561711192,0.027765589,0.493345439,3.78e-08,0.017325439,0.18867518,0.733927071,0.69325304,0.922336876,0.466542423,0.8986727,0.988651514,0.088687725,0.343466073,0.475241303,0.002128629,0.056921903,0.00015258,0.00047679,0.135083064,3.75e-05,7.97e-06,0.235846251,3.83e-05,0.001159892,0.005097259,0.002009582,0.65,0.13
"600","cid46843057","Cn1ncc(Cl)c1-c1cc(C(=O)NC(CN)Cc2cccc(F)c2)sc1Cl",426.05,5,3,72.94,7,3,6,9,0,17,1,0,0.627,0.222,38,0,1,1,0,-4.350585445,3.160266838,3.239221855,8.376595019,6.624414034,-5.769171194,0.034572739,0.092779733,0.314630568,7.15e-06,0.000539243,0.001179993,0.010881305,0.904039621,0.58189261,8.74e-05,0.999944329,0.045228913,0.830477655,95.07082021,0.357438955,4.018343975,0.060824178,0.6784361,0.415563256,4.91e-05,0.999728262,0.037513819,0.021701409,0.607219696,0.997763038,0.329737633,0.289241999,0.803567648,7.37e-05,6.371764453,0.654821698,0.393542677,0.987855971,0.652419686,0.518297255,0.681297779,0.736162722,0.823112488,4.66e-06,0.024359951,0.865898311,0.907854855,0.920262218,0.897936404,0.459517419,0.887375593,0.99960953,0.186364517,0.189367548,0.605429173,0.453093916,0.015197631,0.000540519,0.069000803,0.143864393,0.001448047,0.000260431,0.655322909,0.000938203,0.284703255,0.199351341,0.013215594,0.967,0.006
"601","cid56645356","Cc1ccccc1C(C(=O)NC1CCCCC1)N(C(=O)Cn1ccnc1C)c1cccc(F)c1",462.24,6,1,67.23,9,4,6,7,0,25,1,0,0.545,0.37,76.459,0,1,1,0,-4.469474661,3.22360705,3.515577003,9.246355793,6.192911156,-4.938956298,0.135327861,0.663039148,0.005402712,1.3e-05,0.001030326,0.002745569,0.138772249,0.496771812,0.993486285,3.41e-05,0.999988198,0.7255494,0.845903099,95.56301745,-0.02800518,3.694265052,0.000190966,0.004409378,1,8.03e-05,0.753442585,0.118881099,0.976931155,0.989530802,0.999996066,0.408420205,0.000127913,0.965236843,0.999516726,3.780366844,0.464612517,0.358452171,0.77954489,0.28156662,0.366202205,0.724652052,0.187745154,0.218916222,1.51e-06,0.01924313,0.508677721,0.771023929,0.871097624,0.590699732,0.503070593,0.753999472,0.993516445,0.049456116,0.109832749,0.435757279,0.001319459,0.296633363,7.66e-06,0.172804371,0.014674268,0.000338369,3.19e-06,0.05839197,0.000203436,0.053896431,0.003139532,0.000770358,0.669,0.001
"602","cid78209992","COc1cc2ncnc(Nc3cccc(Cl)c3F)c2cc1OC(=O)N1CCN(C)CC1C",459.15,8,1,79.82,6,4,10,10,0,24,1,0,0.622,0.318,78.621,0,0,1,0,-4.321073483,3.316138465,3.537629996,8.72529468,6.429171632,-4.894344224,0.004466014,0.624907076,0.971875489,0.000376582,0.006341994,0.006820917,0.656043947,0.952895641,0.991396129,0.991434216,0.999988079,0.056800205,0.985562563,89.64729131,0.679000255,8.324827028,0.968281269,0.365066707,0.089405306,0.098056212,0.645645976,0.077400237,0.883047342,0.667449832,0.999584138,0.724907279,0.000578724,0.997781575,0.307510167,4.377170897,0.821475981,0.549925685,0.987043142,0.52300632,0.915731907,0.665000558,0.930440545,0.322105885,2.51e-06,0.004963027,0.979660869,0.964873672,0.99130553,0.926690817,0.759949625,0.984542131,0.999531388,0.160720348,0.378388226,0.377504587,0.031390756,0.143092275,1.56e-05,0.002490127,0.01787282,1.87e-06,5.37e-08,0.099802762,0.066173427,0.003099887,0.002605581,0.117391542,0.314,0.012
"603","cid25227436","NC1(C(=O)NC(CCO)c2ccc(Cl)cc2)CCN(c2ncnc3[nH]ccc23)CC1",428.17,8,5,120.16,7,4,9,9,0,23,1,0,0.477,0.381,76.931,0,0,1,0,-3.512903757,2.704989954,2.604962497,10.07514541,6.507753369,-5.592697113,0.950348675,0.004601147,0.063627861,0.00067544,0.001458883,0.000929296,0.216925442,0.818564415,0.991741776,0.00354183,0.999244213,0.601698399,0.924981296,70.86857303,0.053312091,23.48969552,0.000125583,1.7e-05,0.000386444,0.000531433,0.014534651,0.000578279,0.000387133,0.099904127,0.529390752,0.103964403,1.29e-08,0.032923695,0.203300074,4.638250547,0.808048528,0.564984739,0.753862381,0.366377324,0.740308821,0.748504102,0.154585466,0.329849422,8.41e-07,0.008061881,0.728586078,0.866592884,0.963685632,0.903740346,0.630039036,0.875784874,0.998444855,0.053709514,0.115366116,0.412761509,0.001455475,0.000133294,2.92e-05,0.001027016,0.001707675,9.26e-05,0.008660408,0.414728224,0.001287055,0.000133986,0.014874762,0.142458439,0.179,0.016
"604","cid54761306","CC1COCCN1c1cc(C2(S(C)(=N)=O)CC2)nc(-c2ccnc3[nH]ccc23)n1",412.17,8,2,107.85,4,5,9,9,0,27,2,0,0.682,0.45,101,0,0,1,0,-2.902526111,1.720542187,0.858569574,5.832682104,4.284387313,-5.057475903,0.11643222,0.253614098,0.171364918,0.000248253,0.007635117,0.002812445,0.064413607,0.504455686,0.720288754,0.061668273,0.999235392,0.081514619,0.992216706,75.41951811,0.101745054,19.65942243,0.680336893,0.000579281,0.055919603,0.007946477,0.900433719,5.36e-05,0.045821223,0.009120715,0.151057988,0.00022275,4.77e-05,0.057254888,0.289055854,4.799290972,0.845963344,0.081752703,0.991215706,0.338472575,0.578415692,0.542689979,0.938592851,0.915062845,3.89e-07,0.009672203,0.869077861,0.985988319,0.805681467,0.705280542,0.56381762,0.796975911,0.999269903,0.152282536,0.01206861,0.29774341,0.168502465,0.185654536,0.006218277,0.462610662,0.047926392,0.002258549,0.134695902,0.754588485,0.027863726,0.020025725,0.036530804,0.387863666,0.128,0.027
"605","cid86660217","CC1COCCN1c1cc(C2(S(C)(=N)=O)CC2)nc(-c2ccnc3[nH]ccc23)n1",412.17,8,2,107.85,4,5,9,9,0,27,2,0,0.682,0.45,101,0,0,1,0,-2.902526111,1.720542187,0.858569574,5.832682104,4.284387313,-5.057475903,0.11643222,0.253614098,0.171364918,0.000248253,0.007635117,0.002812445,0.064413607,0.504455686,0.720288754,0.061668273,0.999235392,0.081514619,0.992216706,75.41951811,0.101745054,19.65942243,0.680336893,0.000579281,0.055919603,0.007946477,0.900433719,5.36e-05,0.045821223,0.009120715,0.151057988,0.00022275,4.77e-05,0.057254888,0.289055854,4.799290972,0.845963344,0.081752703,0.991215706,0.338472575,0.578415692,0.542689979,0.938592851,0.915062845,3.89e-07,0.009672203,0.869077861,0.985988319,0.805681467,0.705280542,0.56381762,0.796975911,0.999269903,0.152282536,0.01206861,0.29774341,0.168502465,0.185654536,0.006218277,0.462610662,0.047926392,0.002258549,0.134695902,0.754588485,0.027863726,0.020025725,0.036530804,0.387863666,0.128,0.027
"606","cid76189844","CC1COCCN1c1cc(C2(S(C)(=N)=O)CC2)nc(-c2ccnc3[nH]ccc23)n1",412.17,8,2,107.85,4,5,9,9,0,27,2,0,0.682,0.45,101,0,0,1,0,-2.902526111,1.720542187,0.858569574,5.832682104,4.284387313,-5.057475903,0.11643222,0.253614098,0.171364918,0.000248253,0.007635117,0.002812445,0.064413607,0.504455686,0.720288754,0.061668273,0.999235392,0.081514619,0.992216706,75.41951811,0.101745054,19.65942243,0.680336893,0.000579281,0.055919603,0.007946477,0.900433719,5.36e-05,0.045821223,0.009120715,0.151057988,0.00022275,4.77e-05,0.057254888,0.289055854,4.799290972,0.845963344,0.081752703,0.991215706,0.338472575,0.578415692,0.542689979,0.938592851,0.915062845,3.89e-07,0.009672203,0.869077861,0.985988319,0.805681467,0.705280542,0.56381762,0.796975911,0.999269903,0.152282536,0.01206861,0.29774341,0.168502465,0.185654536,0.006218277,0.462610662,0.047926392,0.002258549,0.134695902,0.754588485,0.027863726,0.020025725,0.036530804,0.387863666,0.128,0.027
"607","cid129317940","CC1COCCN1c1cc(C2(S(C)(=N)=O)CC2)nc(-c2ccnc3[nH]ccc23)n1",412.17,8,2,107.85,4,5,9,9,0,27,2,0,0.682,0.45,101,0,0,1,0,-2.902526111,1.720542187,0.858569574,5.832682104,4.284387313,-5.057475903,0.11643222,0.253614098,0.171364918,0.000248253,0.007635117,0.002812445,0.064413607,0.504455686,0.720288754,0.061668273,0.999235392,0.081514619,0.992216706,75.41951811,0.101745054,19.65942243,0.680336893,0.000579281,0.055919603,0.007946477,0.900433719,5.36e-05,0.045821223,0.009120715,0.151057988,0.00022275,4.77e-05,0.057254888,0.289055854,4.799290972,0.845963344,0.081752703,0.991215706,0.338472575,0.578415692,0.542689979,0.938592851,0.915062845,3.89e-07,0.009672203,0.869077861,0.985988319,0.805681467,0.705280542,0.56381762,0.796975911,0.999269903,0.152282536,0.01206861,0.29774341,0.168502465,0.185654536,0.006218277,0.462610662,0.047926392,0.002258549,0.134695902,0.754588485,0.027863726,0.020025725,0.036530804,0.387863666,0.128,0.027
"608","cid54761305","CC1COCCN1c1cc(C2(S(C)(=N)=O)CC2)nc(-c2ccnc3[nH]ccc23)n1",412.17,8,2,107.85,4,5,9,9,0,27,2,0,0.682,0.45,101,0,0,1,0,-2.902526111,1.720542187,0.858569574,5.832682104,4.284387313,-5.057475903,0.11643222,0.253614098,0.171364918,0.000248253,0.007635117,0.002812445,0.064413607,0.504455686,0.720288754,0.061668273,0.999235392,0.081514619,0.992216706,75.41951811,0.101745054,19.65942243,0.680336893,0.000579281,0.055919603,0.007946477,0.900433719,5.36e-05,0.045821223,0.009120715,0.151057988,0.00022275,4.77e-05,0.057254888,0.289055854,4.799290972,0.845963344,0.081752703,0.991215706,0.338472575,0.578415692,0.542689979,0.938592851,0.915062845,3.89e-07,0.009672203,0.869077861,0.985988319,0.805681467,0.705280542,0.56381762,0.796975911,0.999269903,0.152282536,0.01206861,0.29774341,0.168502465,0.185654536,0.006218277,0.462610662,0.047926392,0.002258549,0.134695902,0.754588485,0.027863726,0.020025725,0.036530804,0.387863666,0.128,0.027
"609","cid52913813","CC(Nc1cc(F)cc(F)c1)c1cc(C(=O)N(C)C)cc2c(=O)cc(N3CCOCC3)oc12",457.18,7,1,75.02,6,4,10,9,0,25,1,1,0.629,0.333,81.25,0,0,1,0,-3.281731226,2.181344343,1.799564181,7.804347213,5.836154146,-5.015506321,0.219719306,0.246473059,0.69873333,0.000721753,0.014168739,0.075959861,0.453886747,0.94591254,0.767959177,0.085313462,0.995251417,0.020545365,0.999784648,80.5010643,0.207031389,22.25623761,0.093449175,0.195139974,0.731428802,0.904956102,0.001010859,5.54e-05,0.00011586,0.012457676,0.99006772,0.128092855,4.21e-07,0.883409441,0.000385248,6.52294367,0.473217134,0.272336185,0.991780698,0.602643847,0.531673312,0.655088782,0.166776046,0.78626585,2.14e-06,0.112405472,0.468039811,0.873336792,0.911643088,0.702939689,0.490676373,0.990244985,0.999942541,0.257911831,0.080700479,0.419120908,0.005101885,0.016338665,5.13e-05,0.397512287,0.165506542,0.000393621,0.000245762,0.079026781,0.005560032,0.002548325,0.024829088,0.001153179,0.05,0
"610","cid71496458","C=CC(=O)Nc1cc(Nc2nccc(-c3cn(C)c4ccccc34)n2)c(OC)cc1N(C)CCN(C)C",499.27,9,2,87.55,11,4,9,9,0,24,0,0,0.311,0.25,25,0,0,1,0,-4.719197814,3.432663013,3.950226565,9.885925822,7.357791224,-5.29523339,0.015724713,0.364707202,0.343703121,1.24e-05,0.027122378,0.223211586,0.999985432,0.999652624,0.999985456,0.99853158,0.998733699,0.001858376,0.945969224,97.24384611,1.248540876,2.234509451,0.962492049,0.00806568,0.024574367,1.62e-05,0.460046977,0.016569797,0.988167942,0.695658624,0.527353466,0.013795377,7.7e-06,0.158503622,0.044642065,6.082476278,0.51019375,0.933403134,0.964819729,0.729465008,0.800331771,0.917682052,0.373384237,0.752766371,4.59e-08,0.007109429,0.981961131,0.880326807,0.99393481,0.8572824,0.707548678,0.926005185,0.998757362,0.300036788,0.782019436,0.927986979,0.873720229,0.009072927,5.05e-05,0.004538511,0.023375573,3.46e-07,4.92e-08,0.778241456,0.009196526,0.004712537,0.001523744,0.735506773,0.323,0.416
"611","cid24788740","CC(C)NCC(C(=O)N1CCN(c2ncnc3c2C(C)CC3O)CC1)c1ccc(Cl)cc1",457.22,7,2,81.59,7,4,9,8,0,23,3,0,0.693,0.542,81.081,0,0,1,0,-3.590964079,2.826311681,2.796662409,8.650077888,7.48603038,-5.283155557,0.007951814,0.027922938,0.933505058,0.000185907,0.004500091,0.042946458,0.976867113,0.686705887,0.214820534,0.058322765,0.958135962,0.176828757,0.946777642,61.61896384,0.085133446,38.84792981,2.78e-05,0.004151173,1,2.33e-06,2.11e-06,0.995651424,0.836781085,7.38e-05,0.997429073,0.02568806,5.73e-07,0.013767419,0.142898589,6.503846633,0.566046631,0.89370507,0.020672921,0.043681141,0.947635651,0.989944816,0.117668487,0.053651985,2.49e-09,1.78e-05,0.983114481,0.882833064,0.777528405,0.969273329,0.624043524,0.633089006,0.999896884,0.04246299,0.060915146,0.190019101,0.000117778,0.129995823,7.72e-05,0.009873285,0.433119476,0.0086517,3.18e-06,0.468657941,2.21e-05,0.003681953,0.007067478,0.001893337,0.097,0.003
"612","cid56941241","CCC(=C(c1ccc(C=CC(=O)O)cc1)c1ccc2[nH]ncc2c1)c1ccc(F)cc1Cl",446.12,4,2,65.98,6,4,9,6,0,25,0,0,0.252,0.077,23,0,1,1,0,-5.699910818,3.849281934,5.641776504,7.852948661,1.542211746,-4.943988782,0.77796191,0.009056561,0.000804731,0.000100374,0.005258203,0.005487084,0.2083534,0.764731407,0.59347266,0.386149108,0.999999881,0.006684788,0.609430969,99.12944076,-0.320397706,0.499436522,0.00011644,0.838382602,2.18e-08,0.999610841,0.035740066,0.19124949,0.039743837,0.000148173,0.782064021,0.999999285,7.39e-11,1,0.94398123,1.009231231,1.261083158,0.268669277,0.98860544,0.331807703,0.802265286,0.818648696,0.677226126,0.492525876,3.89e-06,0.220391959,0.967435956,0.729299009,0.593094587,0.891010761,0.259084582,0.997109354,0.956859708,0.082806468,0.131356031,0.273288935,0.16923961,0.051513113,0.010273745,0.263108253,0.525787234,0.073808946,0.527202725,0.845433116,0.001236264,0.801796734,0.897654831,0.178518564,1,0.978
"613","cid70676303","COC1(c2sc3c(N4CCOCC4)nc(-c4cnc(N)nc4)nc3c2C)COC1",414.15,9,2,108.51,4,5,9,10,0,26,0,0,0.683,0.474,67.5,0,0,1,0,-3.017362082,2.456083482,2.174924456,7.219363916,5.681337975,-4.763810151,0.000684417,0.108246103,0.062276214,0.00034368,0.001742661,0.002024114,0.023929358,0.203532964,0.452178657,0.003648384,0.990168333,0.018739291,0.994445503,81.83993473,0.549429589,17.06741259,0.37634632,6.58e-05,0.018223176,0.000413176,0.077853948,1.64e-05,0.009456627,0.001420568,0.920608461,0.034657426,4.11e-07,0.002065678,0.142145097,5.573359825,0.828331221,0.190889493,0.999139547,0.930748582,0.472069025,0.212841198,0.964849949,0.991492331,6.38e-08,0.172195092,0.066645615,0.978781521,0.993575394,0.857016444,0.268425912,0.977315962,0.995636284,0.505309701,0.008102597,0.361486197,0.534934282,0.311352491,0.127556235,0.845179379,0.579272211,0.023957346,0.206026018,0.949845374,0.954695523,0.320828706,0.61631155,0.640159309,0.035,0.018
"614","cid68107965","O=C(Nc1cccnc1)c1cc(-c2ccnc(F)c2)ccc1OCc1ccccc1",399.14,5,1,64.11,7,4,6,6,0,25,0,0,0.458,0.042,20,0,1,1,0,-5.343672806,3.827050046,4.011578337,11.00244047,5.013374269,-5.089389524,0.833181739,0.109776437,9.26e-05,0.000794709,0.009383023,0.026397467,0.00353384,0.988027096,0.99310416,0.01138822,0.992793918,0.022351038,0.861037076,98.14189197,0.062543519,1.625011087,0.001518982,0.999949574,8.11e-07,0.969094813,0.000214347,0.000389226,9.78e-05,0.795673072,0.027140541,0.187913686,1.08e-08,0.999118507,0.002030026,4.261296519,0.620997472,0.877942979,0.988220215,0.554271281,0.557950675,0.845344603,0.4488931,0.403079242,6.17e-08,0.542841673,0.774197519,0.774444222,0.933091879,0.518645406,0.237158895,0.948459804,0.987897158,0.200054571,0.283887058,0.799749315,0.97882241,0.220535785,0.002192406,0.523213863,0.69849354,0.023093378,0.001717318,0.918297708,0.196126014,0.049253479,0.894804776,0.401527792,0.937,0.63
"615","cid91668541","CCn1cc(-c2cccc(C(F)(F)F)c2)c2sc(C(N)=NC3CCS(=O)(=O)CC3)cc2c1=O",497.11,6,2,94.52,5,4,9,11,0,26,0,0,0.435,0.364,65.333,0,0,1,0,-4.193303334,2.841897932,2.894861971,7.548188668,5.097247265,-5.351040419,0.815339863,0.992894828,0.606161892,0.000333309,0.011709332,0.150476635,0.138736069,0.01094083,0.280321419,0.000835504,0.999215364,0.870789349,0.981423199,92.94540901,-0.115906455,5.344283645,0.189371094,0.003490813,0.992766023,0.000126159,0.156655878,0.000262369,8.98e-07,2.98e-05,0.995347679,1.37e-05,0.477963537,0.038940854,0.004715284,4.129644357,1.183452034,0.314533353,0.994310498,0.187480658,0.401452929,0.761126101,0.033902615,0.110819638,6.65e-08,0.002669739,0.495061666,0.9288311,0.383638442,0.837258637,0.290281922,0.56058377,0.999997258,0.055086207,0.126894385,0.485427797,0.136543632,0.034610473,0.001493881,0.134617612,0.262741268,0.013385303,0.002734496,0.747809947,0.044797838,0.015144179,0.149093851,0.006964405,0.872,0.009
"616","cid46931953","CC(=O)c1cc([N+](=O)[O-])c(Sc2ccc(F)cc2F)s1",314.98,4,0,60.21,4,2,6,8,0,13,0,0,0.48,0.083,14,0,1,0,0,-4.793208289,3.405515323,3.489307824,7.712339688,2.790269873,-4.578394311,0.391921073,0.761628389,0.000136658,0.010166883,0.003073633,0.053651392,0.006293237,0.807615519,0.770150602,0.057372987,0.999912143,0.075877942,0.993455231,98.5664674,-0.022956582,1.153350544,0.499140322,0.99982965,0.570395172,0.975380838,0.03708519,2.68e-05,0.083091788,0.002561638,0.973096311,0.299292952,0.001943111,0.999183595,0.008605824,4.802386106,0.616736677,0.054703053,0.999385715,0.84370631,0.54805094,0.257798791,0.993836582,0.821285784,0.05248351,0.920038581,0.835396051,0.874887466,0.14457646,0.486576259,0.739489555,0.8443138,0.999968767,0.093272142,0.127136543,0.671786189,0.805619895,0.068195701,0.200112179,0.17115283,0.670302331,0.014727272,0.030887583,0.516427815,0.054461312,0.859999061,0.962581933,0.66444993,0.979,0.31
"617","cid68289010","CC(c1ccc2nccn2c1)n1nnc2ncc(-c3cnn(C)c3)nc21",345.15,9,0,91.61,3,5,9,9,0,25,1,0,0.496,0.176,50,0,0,0,0,-2.306991857,1.645448989,1.335270918,5.318927157,4.573585878,-4.669222489,0.762983322,0.039803248,0.018958328,0.000365257,0.004127562,0.019322991,0.150694609,0.976449668,0.951690376,0.214207262,0.996367455,0.060483418,0.444236428,71.97409058,0.060642622,24.13191596,0.528105617,0.147192806,0.969833076,0.898090422,0.008576034,0.00296378,6.61e-08,0.383489072,0.998548925,0.002318064,5.19e-08,0.999339759,0.997301817,8.09678415,1.205104257,0.269946486,0.978524625,0.774496138,0.70023936,0.714287102,0.011816823,0.804171324,1.47e-08,0.01434195,0.753088415,0.847787261,0.966535032,0.918329537,0.700815558,0.934507132,0.999799907,0.229347885,0.126758859,0.60729295,0.000866421,0.000231138,4.42e-09,3.89e-06,0.000240864,3.21e-07,0.000142497,0.000698434,4.11e-05,1.01e-06,6.42e-06,1.13e-05,0.195,0.5
"618","cid992586","O=C(O)CSc1cc(NS(=O)(=O)c2ccc(Br)cc2)c2ccccc2c1O",466.95,6,3,103.7,6,3,10,9,0,20,0,0,0.369,0.056,20,0,0,1,0,-3.718386022,2.479807056,3.975601504,3.842553145,0.583157476,-5.890017774,0.951322973,0.012515568,9.74e-06,0.001986384,0.000506401,0.008471727,0.016637087,0.978056431,0.995164394,2.42e-05,0.997894704,0.154093951,0.92820394,98.75843209,-0.488767455,0.675502825,3.89e-05,0.000160717,0.01049949,0.962241173,0.999978065,0.000779445,0.030997215,0.008613442,0.140231282,0.09091758,7.51e-09,0.980564654,0.123479262,0.37941432,1.243092629,0.214234963,0.999623299,0.026365114,0.214636713,0.214933023,0.862068534,0.255568594,0.000230506,0.748069286,0.112816401,0.699755251,0.014786081,0.274249882,0.251169592,0.478622735,0.993179917,0.050560869,0.157561436,0.105970509,0.030696724,0.037481267,0.075985573,0.002777608,0.010109786,0.010338617,0.620376587,0.361865669,0.000321494,0.008745479,0.446465969,0.045805033,0.823,0.034
"619","cid2984337","COc1ccc(-n2c(SCCCN3C(=O)c4cccc5cccc(c45)C3=O)nnc2-c2ccncc2)cc1",521.15,8,0,90.21,8,6,12,9,0,34,0,0,0.156,0.138,62,0,0,1,1,-5.276480435,3.355355683,3.323914583,9.527863305,5.021711097,-4.845578039,0.125581294,0.056732468,1.31e-05,0.007340848,1.49e-05,0.004534304,0.026063919,0.933592737,0.95329231,3.21e-05,0.967685282,0.490062535,0.009798675,98.05313368,0.238075326,1.871836965,0.999896288,0.978647947,0.999421239,0.058225118,0.986852109,0.036852326,0.997791171,0.998979092,0.966783583,0.129160717,0.158976674,0.989723921,0.99993515,5.374497973,0.359351696,0.904307067,0.985463917,0.932881832,0.386160374,0.577210784,0.939340234,0.993008971,8.32e-09,0.004164413,0.281590641,0.74633348,0.939664423,0.730838537,0.901036382,0.938709021,0.972542524,0.174930662,0.077776462,0.84799403,0.258028924,0.002882605,6.35e-05,0.279185295,0.005004913,0.000127036,0.000123322,0.171740577,0.002019936,0.085122935,0.417490274,0.584620774,0.537,0.003
"620","cid135691163","Cc1csc(=NC2CCCCC2)n1N=Cc1ccc(O)c(O)c1O",347.13,6,3,90.34,3,3,6,7,0,19,0,0,0.589,0.412,42.5,0,0,1,0,-4.903682284,3.527956013,4.006126109,9.248322509,4.727633589,-4.996117689,0.011698274,0.132576078,0.001378208,0.008666694,0.212252557,0.586179137,0.703017563,0.449989945,0.67854327,0.022720881,0.85340929,0.204160661,0.835665643,97.96786801,-0.39936328,1.558534728,0.038715426,0.998125613,2.82e-05,0.734704137,0.000687377,0.001884801,0.016155018,0.994200349,3.88e-07,0.951412618,1.65e-11,0.999999762,0.922203362,8.588437281,1.107451152,0.044223193,0.829241037,0.757501304,0.244249552,0.740536273,0.999599993,0.807530701,0.001005938,0.843277454,0.450587451,0.801657796,0.127121761,0.713866472,0.169137642,0.303686798,0.986749113,0.004582779,0.399167299,0.295099765,0.052906733,0.004760061,0.000220232,0.975411594,0.045195721,0.047703974,0.943374872,0.985767484,0.420973003,0.989254951,0.996128082,0.341849148,0.569,0.982
"621","cid135875424","Cc1csc(=NC2CCCCC2)n1N=Cc1ccc(O)c(O)c1O",347.13,6,3,90.34,3,3,6,7,0,19,0,0,0.589,0.412,42.5,0,0,1,0,-4.903682284,3.527956013,4.006126109,9.248322509,4.727633589,-4.996117689,0.011698274,0.132576078,0.001378208,0.008666694,0.212252557,0.586179137,0.703017563,0.449989945,0.67854327,0.022720881,0.85340929,0.204160661,0.835665643,97.96786801,-0.39936328,1.558534728,0.038715426,0.998125613,2.82e-05,0.734704137,0.000687377,0.001884801,0.016155018,0.994200349,3.88e-07,0.951412618,1.65e-11,0.999999762,0.922203362,8.588437281,1.107451152,0.044223193,0.829241037,0.757501304,0.244249552,0.740536273,0.999599993,0.807530701,0.001005938,0.843277454,0.450587451,0.801657796,0.127121761,0.713866472,0.169137642,0.303686798,0.986749113,0.004582779,0.399167299,0.295099765,0.052906733,0.004760061,0.000220232,0.975411594,0.045195721,0.047703974,0.943374872,0.985767484,0.420973003,0.989254951,0.996128082,0.341849148,0.569,0.982
"622","cid2431289","Cc1csc(=NC2CCCCC2)n1N=Cc1ccc(O)c(O)c1O",347.13,6,3,90.34,3,3,6,7,0,19,0,0,0.589,0.412,42.5,0,0,1,0,-4.903682284,3.527956013,4.006126109,9.248322509,4.727633589,-4.996117689,0.011698274,0.132576078,0.001378208,0.008666694,0.212252557,0.586179137,0.703017563,0.449989945,0.67854327,0.022720881,0.85340929,0.204160661,0.835665643,97.96786801,-0.39936328,1.558534728,0.038715426,0.998125613,2.82e-05,0.734704137,0.000687377,0.001884801,0.016155018,0.994200349,3.88e-07,0.951412618,1.65e-11,0.999999762,0.922203362,8.588437281,1.107451152,0.044223193,0.829241037,0.757501304,0.244249552,0.740536273,0.999599993,0.807530701,0.001005938,0.843277454,0.450587451,0.801657796,0.127121761,0.713866472,0.169137642,0.303686798,0.986749113,0.004582779,0.399167299,0.295099765,0.052906733,0.004760061,0.000220232,0.975411594,0.045195721,0.047703974,0.943374872,0.985767484,0.420973003,0.989254951,0.996128082,0.341849148,0.569,0.982
"623","cid71297207","NCc1ccc(OCCCc2sc(-c3ccc4c(c3)C(=NNc3nc5ccccc5s3)CCC4)nc2C(=O)O)cc1",583.17,8,4,122.72,10,6,10,10,0,34,0,0,0.123,0.226,66.895,1,0,1,1,-4.563116383,4.077855937,6.022685224,7.986742038,5.998270595,-5.143516914,0.207576111,0.042223681,0.000415688,0.004144132,0.071924925,0.302756548,0.665930599,0.049517639,0.048064459,0.000126542,0.999577463,0.00366105,0.979687214,99.29730372,0.291370652,0.677856295,0.459807426,0.051907219,4.78e-08,0.035809372,0.018718632,0.000360059,0.000394241,0.000468082,0.00384449,0.243223414,4.64e-06,0.999993086,0.001967871,1.615713168,1.099324457,0.322819173,0.999780834,0.801705718,0.530687153,0.724210441,0.651766539,0.95254612,1.28e-09,0.001285058,0.480447263,0.874303758,0.393841654,0.821062863,0.492688775,0.927138984,0.999988198,0.150290817,0.004729415,0.725791574,0.999998927,0.080071338,0.089213088,0.074409187,0.910472691,7.08e-06,0.245734528,0.999901772,0.907328427,0.043058556,0.999841928,0.442683876,1,0.998
"624","cid45168044","COc1ccc2ccccc2c1Cn1cnc2sc3c(c2c1=O)CCC(NCc1cccnc1)C3",482.18,6,1,69.04,6,6,13,7,0,33,1,0,0.38,0.25,96.857,0,1,1,0,-4.884228799,3.373408016,3.742265285,10.43761873,7.536303798,-5.378691705,0.541250587,0.232533172,0.002673769,0.013501167,0.024075389,0.294417381,0.219245315,0.258321643,0.857313633,0.002513983,0.998457432,0.002944529,0.952579856,94.49943206,0.301715874,4.270478705,0.931730449,0.916579783,0.46449846,0.92444396,0.953021765,0.05677117,0.513050079,0.950426102,0.538338482,0.962125659,0.000637974,0.999772251,0.993911386,5.211420324,0.284066324,0.933266163,0.968605936,0.642225564,0.596305132,0.989778101,0.999472797,0.174393505,8.5e-08,0.000185115,0.990216732,0.950777352,0.992482483,0.929500878,0.081462331,0.953045487,0.999683022,0.432190478,0.035318498,0.758911431,0.929140747,0.037121307,0.002667568,0.882329822,0.143933386,0.116782367,0.000634937,0.635914743,0.007341412,0.847187996,0.753217757,0.162340641,0.993,0.058
"625","cid25227847","NCCOc1cc(C(=O)Nc2cc(OCCN)c3ccccc3n2)nc(C(=O)Nc2cc(OCCN)c3ccccc3n2)c1",596.25,13,8,202.62,15,5,10,13,0,30,0,0,0.134,0.194,28,1,0,1,1,-3.558739997,2.912037471,3.213988578,10.34919351,8.975347259,-5.744029019,0.995374262,0.102444842,0.999650598,0.038285673,0.001800954,0.0029248,0.82461746,0.999845862,0.999989867,0.05154876,0.998556674,1.56e-07,0.479320228,96.0056729,0.985327114,3.773611137,0.976888418,0.001493872,0.002383968,4.46e-06,9.03e-06,0.999211669,0.999999762,0.323230714,5.92e-10,0.525867105,6.66e-12,0.052021053,1.29e-10,2.950131158,1.188194342,0.990463078,0.989873171,0.652860641,0.338306546,0.993961334,0.200693011,0.094682477,5.68e-16,6.73e-05,0.712460577,0.951045752,0.979774535,0.97327131,0.540517032,0.923406303,0.998019457,0.273005396,0.874351323,0.966860235,0.99915123,0.548416913,0.95886606,0.804352105,0.9628492,0.016356815,0.393273443,0.991107821,0.681152165,0.086073533,0.984569609,0.983469009,0.999,0.521
"626","cid68947304","CC(Nc1ncnc2nc[nH]c12)c1cc2ccc(F)cc2nc1-c1ccccn1",385.15,7,2,92.27,4,5,10,8,0,27,1,0,0.48,0.095,50,0,0,0,0,-4.339871337,3.206993124,3.256454196,9.132220403,4.965628422,-4.651441025,0.02567522,0.287092805,0.000548748,5.48e-06,0.004223287,0.00699538,0.070837438,0.998674631,0.99924916,0.234258518,0.999992132,0.42646879,0.993468404,90.16559446,-0.098734252,8.22176949,0.000325749,2.57e-06,2.51e-09,0.001816451,0.72861129,1.23e-06,1.13e-05,0.131339312,0.004972382,1.16e-06,1.36e-07,0.99992907,0.201907009,4.224969206,0.705479626,0.441456199,0.968112528,0.688362002,0.884041309,0.875639379,0.045511067,0.60856986,2.81e-07,0.542571425,0.913523257,0.868840754,0.982967377,0.829069674,0.494332224,0.989673018,0.998071015,0.175819308,0.331409693,0.639036119,0.787201285,0.006380952,0.000757367,0.058384784,0.015843265,0.000411568,0.175370604,0.29547295,0.005346775,0.002070887,0.221572265,0.731030107,0.567,0.256
"627","cid16224745","Cn1cc(-c2cnn3c(N)c(Br)c(C4CCCNC4)nc23)cn1",375.08,7,3,86.06,2,4,9,8,0,21,1,0,0.714,0.4,73,0,0,0,0,-2.981980365,1.762189178,1.610641266,8.348477839,6.092428289,-5.594695117,0.615590513,0.00027458,0.095262527,1.19e-07,1.43e-06,8.46e-06,2.47e-05,0.014716861,0.004786925,0.002759211,0.619146526,0.078944214,0.997854888,58.03233276,0.354768127,40.8367334,0.01105168,0.000456228,8.35e-05,3.92e-07,8.93e-07,0.0017719,0.027785754,0.00684842,0.081686214,0.004136448,2.17e-10,8.72e-06,0.004870134,4.435074114,1.501790251,0.302191347,0.919477463,0.599183321,0.890450776,0.850203097,0.367314428,0.536655605,1.93e-05,0.210164398,0.980993271,0.883138895,0.951853096,0.876550019,0.425446123,0.953335106,0.996061385,0.094591923,0.137925327,0.248018533,0.00547636,0.001263462,1.82e-06,0.036215547,0.001675771,1.85e-05,0.000124634,0.008973818,0.002380204,0.092549808,0.000616299,0.000334663,0.425,0.209
"628","cid446541","COc1c(C)c2c(c(O)c1CC=C(C)CCC(=O)O)C(=O)OC2",320.13,6,2,93.06,6,2,9,6,0,13,0,0,0.618,0.412,31.25,0,0,0,0,-3.289490098,2.335086106,2.73724668,4.746148479,4.401741249,-5.173746802,0.968007326,0.012568155,0.001918871,0.023339093,0.055836797,0.01365,0.011230469,0.940531731,0.963841558,0.002776984,0.85621804,0.004648021,0.960015178,98.02228387,-0.034341427,1.844904819,0.036477726,0.001416074,0.006270583,0.042654309,0.999024034,0.000639254,0.007730492,3.04e-05,0.207179025,0.020322734,0.058232494,0.200196579,0.049001005,3.388726465,1.419557053,0.010439183,0.691737354,0.710609078,0.552093804,0.755673468,0.995067,0.874890804,0.001201384,0.718070865,0.413363397,0.814027011,0.18809922,0.60243398,0.891797543,0.949523389,0.954957664,0.18564783,0.038934458,0.162429526,0.768191695,0.011865978,0.007596517,0.192347467,0.084018625,0.175588086,0.025143335,0.761526287,0.009853959,0.138849869,0.575201988,0.988952518,0.145,0.076
"629","cid44442376","N#Cc1ccc(-c2csc(NN=C3CCCC3)n2)cc1",282.09,4,1,61.07,3,3,6,5,0,18,0,0,0.865,0.267,33.895,0,1,1,0,-5.072756319,3.564600402,4.016939621,9.47286721,4.500389515,-4.785573648,0.109414406,0.407856852,7.02e-05,0.493431866,0.00984931,0.047683895,0.027052343,0.305571496,0.98647505,0.00685954,0.999599278,0.158683077,0.012652048,97.57543761,0.28142723,1.748000281,0.758019507,0.999898911,0.001816876,0.999895096,0.185139328,0.989820957,0.056635711,0.927044928,0.034525011,0.904150426,0.000857339,0.997362316,0.984208524,5.833325058,0.733319489,0.289254755,0.982271075,0.930047095,0.687294185,0.82564652,0.88041389,0.939325809,0.000511898,0.55875814,0.274694532,0.970682263,0.451164603,0.596451044,0.390300602,0.963781416,0.995993376,0.045300607,0.070293173,0.295912564,0.999957204,0.14201279,0.083376244,0.344986081,0.237880439,0.000420324,0.38081196,0.998429,0.784912825,0.356419563,0.999328613,0.66714865,0.999,0.961
"630","cid11634725","Cc1cnc(Nc2ccc(F)cc2Cl)nc1-c1c[nH]c(C(=O)NC(CO)c2cccc(Cl)c2)c1",499.1,7,4,102.93,8,4,6,10,0,24,1,0,0.271,0.125,48,0,0,1,0,-5.671404258,3.974212198,4.669564286,10.02985937,5.127985754,-5.216268177,0.015924158,0.552312195,0.000294223,1.19e-07,8.98e-05,0.00353688,0.107826114,0.994932234,0.998232841,0.046286859,0.999998927,0.014378105,0.988801956,98.61647189,0.08471851,1.331827944,0.160096511,0.890440822,4.43e-06,0.042635772,0.241159365,0.000745159,0.794649065,0.159513086,0.948673248,0.70214808,1.04e-06,0.999710381,0.916409194,3.15018576,1.050655618,0.491064548,0.936066747,0.186761141,0.44471094,0.807856381,0.137572989,0.554877043,9.17e-08,0.065912217,0.25584203,0.857931852,0.858323514,0.887072682,0.388984293,0.983041883,0.99096024,0.097619295,0.513136744,0.79928714,0.94321692,0.138737202,0.000361194,0.003960445,0.628256798,0.00016694,1.17e-05,0.989772737,0.023302265,0.018350989,0.96234858,0.095712073,0.998,0.308
"631","cid118704762","Oc1c(F)cc(-c2cnccc2-c2ccc(N3CCOCC3)cc2)cc1F",368.13,4,1,45.59,3,4,6,6,0,24,0,0,0.751,0.19,48.72,0,1,0,0,-4.225846669,3.103798689,3.343091493,8.827241069,5.500400366,-4.898689278,0.65608269,0.195948273,0.055946935,0.000251234,0.001051366,0.000953615,0.005495369,0.937341869,0.730690479,0.013330439,0.987670779,0.046645511,0.974008799,95.49301747,-0.047860246,4.054340654,0.003763711,0.758576453,1.27e-05,0.957773566,0.00394781,0.141022012,0.93834424,0.785449743,0.008320491,0.326115757,9.68e-07,0.999969482,0.398035735,6.364003577,0.397402523,0.762492895,0.996010303,0.86868006,0.876553655,0.868692219,0.021803565,0.908929646,2.79e-09,0.093606368,0.891538799,0.954979956,0.994458199,0.970606029,0.380456716,0.997216821,0.998761058,0.475929528,0.534186363,0.711358249,0.800596595,0.520307183,0.034313343,0.976506174,0.309748292,0.185346723,0.601956606,0.935575128,0.032527324,0.565684497,0.846795678,0.441978455,0.706,0.461
"632","cid135905416","Cc1cc(N2CC(C)NC(C)C2)ncc1-c1ccc(-c2nc3c(ccn3C)c(=O)[nH]2)cc1",428.23,7,2,78.84,3,5,9,7,0,29,2,0,0.522,0.32,90.788,0,0,1,0,-3.722263204,2.730516288,2.688769402,11.12918279,6.982445934,-5.404703783,0.081876889,0.107339405,0.802161515,1.32e-05,0.00078547,0.00518471,0.705292702,0.943011642,0.994849026,0.028705098,0.99998033,0.033977333,0.997674882,71.55186346,0.414492385,25.55700246,1,0.000803922,0.998637497,0.011464057,0.000162176,3.93e-06,0.026138792,4.8e-05,0.000805467,0.001832649,0.077263772,0.257774293,0.003064683,5.382397514,0.536116463,0.823801458,0.997917831,0.837349296,0.910559952,0.859037519,0.029662795,0.918891072,1.7e-07,0.049868613,0.981052577,0.947297573,0.991087615,0.982170343,0.736641288,0.995400965,0.99885869,0.194029257,0.295769513,0.535880685,0.060701028,0.937294006,0.009879212,0.000418239,0.180496708,0.000106452,0.018281369,0.502616584,0.000192999,4.49e-05,0.000343381,0.000183244,0.252,0.345
"633","cid117072552","O=C(NCC(O)CN1CCc2ccccc2C1)c1ccnc(NC2CCC2)c1",380.22,6,3,77.49,8,4,10,6,0,22,1,0,0.686,0.455,68.75,0,0,0,0,-3.408686085,2.793749113,2.719097692,9.147787883,7.782091317,-5.18513511,0.066350475,0.037421379,0.562458217,4.83e-05,0.001575112,0.008208632,0.279900551,0.346244365,0.599982917,0.150574282,0.974582434,0.592997551,0.846629798,85.31519297,0.214350746,15.83460239,5.35e-05,0.179064021,0.77647537,0.148189098,9.13e-05,0.968181252,0.884496212,0.001670872,0.65892458,0.109147988,1.87e-08,0.851974189,0.988603711,8.499225081,1.384775359,0.967479348,0.446802467,0.135167196,0.338878632,0.877953351,0.104738064,0.200876817,4.47e-09,0.002536424,0.918663442,0.837010145,0.721247077,0.899383187,0.332968026,0.921522677,0.997586846,0.038843073,0.358780324,0.673072577,0.150314227,0.009932156,0.018284034,0.001878222,0.381131202,0.000749025,0.000810016,0.285636425,0.020380346,0.041081507,0.005766072,0.117126636,0.191,0.006
"634","cid51000408","CS(=O)(=O)c1ccc(-c2cnc(N)c(C(=O)Nc3ccccc3)n2)cc1",368.09,7,3,115.04,5,3,6,8,0,21,0,0,0.73,0.056,19,0,0,0,0,-3.966358738,2.706802706,2.512940742,8.176787406,4.720659334,-4.915071301,0.690288663,0.249124274,0.000779382,0.001219571,0.002675056,0.015777767,0.019018531,0.805751681,0.998500466,0.047115922,0.906993628,0.021197006,0.492229581,90.56907653,0.000301559,10.09113457,0.001604158,0.037455264,1.84e-07,0.318059772,0.000224529,7.59e-06,0.000190562,0.011114658,0.000121344,1.8e-06,4.5e-14,0.796217442,0.290613264,1.802189574,1.968805692,0.591537893,0.999502182,0.538310409,0.392222852,0.794960082,0.12784414,0.455616266,2.13e-07,0.335609168,0.258272976,0.910770297,0.523514271,0.601761818,0.611740351,0.903237998,0.999979258,0.183888927,0.226108208,0.844834387,0.990647376,0.018996058,0.002398666,0.080010369,0.68789494,0.004137218,0.000547185,0.963334143,0.008929427,0.012615787,0.997080863,0.018591108,0.634,0.822
"635","cid122540908","CC(C)(C)C(=O)OCOP(=O)(OCOC(=O)C(C)(C)C)C1CCCN(O)C1=O",423.17,10,1,128.67,11,1,6,11,0,10,1,0,0.284,0.824,38.387,0,0,1,0,-2.415010835,1.749560508,1.588824758,7.821753148,5.350811092,-5.222523357,0.839593947,0.278689325,0.002134418,0.155933321,0.044972539,0.288538218,0.587010294,0.965440571,0.999907136,0.043524776,0.974439859,0.041538335,0.629428804,48.88191329,-0.103524021,47.20215821,1.44e-11,0.003123458,0.017467918,8.74e-08,3.07e-13,4.33e-09,4.51e-14,0.999945998,0.999857903,1,2.95e-15,0.998263061,0.997537374,4.497063329,0.838088652,0.005466572,0.350066453,0.389866084,0.004018279,0.989795268,0.993956149,0.999972343,0.136818945,0.016269231,0.194137424,0.743529975,0.936324477,0.68905741,0.340248197,0.999999285,0.99997282,0.678361356,6.98e-05,0.802108228,1.37e-05,6.65e-06,6.4e-06,1.99e-07,0.000330215,7.87e-09,1.08e-08,8.09e-07,3.6e-09,1.65e-08,1.31e-06,6.93e-08,0.005,0
"636","cid76285486","COc1cc2c(cc1OCCCN1CCCC1)N=C(N)C21CCC1",329.21,5,2,60.08,6,4,9,5,0,19,0,0,0.815,0.632,73.839,0,0,0,0,-2.766236632,1.985152778,1.861083849,10.53210772,8.568358151,-4.835708747,0.883377433,0.004776308,0.841454327,6.44e-05,0.028128266,0.011290014,0.22486341,0.294035405,0.174169838,0.035966899,0.399101406,0.994694889,0.960768819,49.91527077,0.435450598,44.46132778,0.97876066,1.88e-07,0.979804933,2.37e-11,3.5e-06,0.99986124,0.999863863,0.000644612,0.999997973,0.999491692,8.78e-07,8.06e-07,0.015231712,6.888965195,2.332241941,0.961062074,0.174718127,0.542497098,0.78322506,0.833006024,0.265664935,0.45471254,5.59e-06,0.002883282,0.945239604,0.764375985,0.946608305,0.659283817,0.52327776,0.860756397,0.846139193,0.160528287,0.208875269,0.822871208,0.003860271,0.024758466,0.00965225,0.409950018,0.037492741,0.004763403,0.002427623,0.54706037,0.055860624,0.131621212,0.234900713,0.626653135,0.075,0
"637","cid121271792","CC1CC(=O)Nc2cccc(-c3ccc4c(c3)c(-c3cnn(C)c3)nn4C)c2N1",386.19,7,2,76.77,2,5,11,7,0,28,1,1,0.55,0.227,85,0,0,0,0,-3.628621744,2.513100234,2.24388008,9.803946431,5.098313799,-4.76678785,0.949520469,0.121171162,0.298606098,2.38e-07,5.67e-05,6.2e-06,0.048825979,0.85839951,0.713145614,0.001200283,0.999858022,0.904309392,0.99208951,92.28161821,0.184754122,6.804251249,0.07083831,0.994793713,0.153374419,0.464817405,0.107040554,4.02e-06,0.013499552,0.588159978,0.974550605,1.79e-05,1.65e-06,0.999834538,0.000209758,5.355586472,0.479005837,0.242650554,0.968113005,0.885490716,0.694782138,0.91642189,0.013542222,0.855917275,2.75e-10,0.003229542,0.751800656,0.955449522,0.965401232,0.964801908,0.807937801,0.97963655,0.999953389,0.260047764,0.114003755,0.64045465,0.482079983,0.000787887,1.46e-07,9.12e-05,2.27e-05,2.8e-09,3.21e-06,0.008864611,3.46e-06,5.11e-05,0.000199206,1.58e-05,0.363,0.4
"638","cid78357767","COc1cc2nc(N3CCCC3)nc(NCCCCCN3CCCC3)c2cc1OC",413.28,7,1,62.75,10,4,10,7,0,21,0,0,0.592,0.652,48.421,0,1,1,0,-4.016132743,2.944637444,3.45077627,9.68835958,7.426332315,-4.424371081,0.205878064,0.50701946,0.223448619,2.26e-06,0.004346967,0.003683567,0.066175997,0.269224465,0.329536825,0.832674384,0.979049742,0.997384131,0.998034418,88.54199599,0.960164057,8.63908083,0.997334898,3.14e-06,0.999885798,9.31e-07,1.4e-07,0.999813139,0.656992018,0.220613673,1,0.974132895,0.000557463,3.32e-06,0.134125128,5.926968756,1.118936219,0.991683006,0.398279071,0.288579553,0.577965915,0.866814613,0.493629426,0.431495965,4.32e-08,0.002915728,0.989983439,0.840531468,0.990985274,0.729843199,0.600162983,0.985400379,0.609030843,0.226229206,0.745703101,0.914140463,0.014157504,0.083357006,0.020934138,0.016569454,0.018198512,9.25e-05,8.69e-05,0.153998181,0.131076232,0.051342137,0.00103151,0.746115863,0.122,0.005
"639","cid24905401","NCC(O)(c1ccc(Cl)cc1)c1ccc(-c2cn[nH]c2)cc1",313.1,4,4,74.93,4,3,6,5,0,17,1,0,0.693,0.118,34,0,0,0,0,-3.093290169,2.348426339,2.513838042,9.710026699,7.771593844,-5.01270763,0.390769929,0.011360081,0.034334704,0.00124681,0.003207743,0.016267836,0.056831121,0.913020253,0.991386294,0.318067133,0.997183979,0.41117689,0.317422122,95.2801518,0.190886447,4.312520978,0.653395236,0.013607861,2.09e-08,0.881246209,0.008077553,0.994491935,0.696881711,0.999174893,2.87e-05,0.740431547,8.38e-12,0.999999762,0.029954365,6.320796873,0.930338328,0.548791885,0.270654768,0.297459722,0.51855731,0.839275658,0.286541253,0.440496534,0.002726874,0.254448175,0.861247361,0.524774492,0.899137139,0.627001047,0.214391142,0.811715305,0.896877646,0.064970769,0.174262345,0.46487695,0.221620142,0.0199113,0.000996124,0.073660567,0.263618797,0.004378851,0.025792249,0.012523043,0.010034415,0.0032401,0.421747565,0.003028241,0.652,0.3
"640","cid71271629","COc1ccccc1S(=O)(=O)Nc1ccc2c(c1)CN(C)C(=O)N2",347.09,7,2,87.74,4,3,10,8,0,20,0,0,0.889,0.188,40,0,0,0,0,-3.067053218,1.541336113,1.229740252,8.624749575,3.500542831,-5.389667731,0.173123136,0.677800834,0.381549001,0.067770779,0.403212786,0.855491534,0.702032089,0.065519243,0.240667939,5.66e-06,0.981411517,5.17e-05,0.689704001,75.55076744,0.131205452,17.30558036,0.353337497,0.000205013,0.12995559,0.000589818,1.57e-05,3.04e-08,1.39e-06,0.066919796,0.999497533,9.43e-06,6.77e-07,0.01973764,0.003398371,4.048114138,0.598868966,0.304331422,0.97838062,0.292600244,0.291779786,0.381683856,0.126644418,0.688584507,8.33e-05,0.321818531,0.113440424,0.904947698,0.28329581,0.387052387,0.585641384,0.533336699,0.994790792,0.099344328,0.160214096,0.308718473,0.022696212,0.341348678,0.000299903,0.000112347,0.002416954,2.83e-06,8.74e-06,0.014965941,1.67e-05,1.46e-05,0.080563925,0.000234566,0.087,0.006
"641","cid54685215","O=C(O)CNC(=O)c1c(O)c2ccccc2n(Cc2ccccc2)c1=O",352.11,7,3,108.63,6,3,10,7,0,20,0,0,0.646,0.105,18,0,0,0,0,-2.764919654,1.660054168,1.74637042,4.059621305,3.914595034,-5.301183466,0.988527656,0.000112459,0.000631784,0.010106146,0.01387167,0.015456498,0.011862338,0.085242569,0.833488226,1.85e-05,0.973009288,0.069131888,0.995523691,97.93598335,-0.756594473,1.532960039,1.64e-07,0.609229386,4.02e-08,0.009518474,0.959293246,0.000163465,0.001195623,0.063228145,2.42e-06,0.008512631,3.01e-11,0.008067843,0.078589536,0.385242588,1.222029615,0.191868722,0.713017583,0.736438632,0.105728634,0.312878519,0.883518815,0.392117083,0.000191979,0.716324091,0.481355697,0.35390541,0.641027153,0.261488438,0.231464818,0.399802268,0.962185264,0.036014687,0.098367676,0.316872209,0.565170646,0.032157987,0.043886546,0.000262704,0.246154711,3.37e-05,1.26e-05,0.256873101,0.001931516,0.000538867,0.00075262,0.005960747,0.042,0.049
"642","cid56962337","CC(C)N(CCCNC(=O)Nc1ccc(C(C)(C)C)cc1)CC1OC(n2cc(Br)c3c(N)ncnc32)C(O)C1O",617.23,11,6,150.79,12,4,9,12,0,22,4,1,0.228,0.536,92.395,1,0,1,1,-4.074909761,3.212229954,3.678719505,9.091885003,7.190046806,-5.62021421,0.061039113,0.111803219,0.247755885,0.158145308,0.196861267,0.424358785,0.961504292,0.998674154,0.99991405,1.61e-05,0.999908566,2.04e-05,0.974468172,85.08021526,0.267480267,14.08658053,1.71e-09,0.000638402,1.13e-07,4.54e-05,9.53e-07,0.001106381,0.000262508,0.000413172,0.207381085,0.00153776,5.91e-15,0.999995708,0.223546937,5.537795206,0.952375996,0.655097067,0.983387232,0.525167644,0.654967129,0.919401586,0.745787024,0.085890703,3.85e-10,0.000561208,0.879853904,0.452496052,0.994897068,0.988826632,0.246476829,0.676848233,0.99972111,0.229785636,0.73248297,0.949042201,0.033932827,3.91e-06,3.52e-07,2.68e-06,0.413245887,4.37e-05,4.24e-08,0.064269334,2.7e-05,7.61e-06,0.004854867,0.002154331,0.352,0.011
"643","cid70983932","Cc1ncc(Cl)cc1NCc1ccc(C(=O)NC(CC2CCCC2)C(=O)NC2CC2)s1",460.17,6,3,83.12,11,4,6,8,0,21,1,0,0.507,0.522,76.057,0,0,1,0,-4.943811108,3.729430362,4.274824528,9.39825998,5.507549431,-4.948021053,0.35955134,0.813751459,0.02707405,0.183449328,0.782795236,0.970541021,0.968815509,0.988301337,0.996252477,0.005818393,0.999904394,0.000110403,0.384391218,98.49029481,0.232358779,1.500182218,0.060271412,0.887371242,0.983640611,0.131636739,0.999914408,0.798621535,0.528532505,0.780092657,0.074200854,0.042500068,0.001743263,0.010257108,0.883112967,3.400736376,0.60051628,0.55928874,0.98833257,0.318667561,0.271654248,0.586615205,0.654418349,0.675483525,9.42e-09,0.005575207,0.137263209,0.928111732,0.532940567,0.816755474,0.26268664,0.780677319,0.996744871,0.268566638,0.119502634,0.648333371,0.065615393,0.064695731,0.004440272,0.539950848,0.173450083,0.023427939,0.009334357,0.845928192,0.064512677,0.806869268,0.420691073,0.19855693,0.822,0.054
"644","cid124886","NC(CCC(=O)NC(CS)C(=O)NCC(=O)O)C(=O)O",307.08,9,6,158.82,11,0,0,10,0,4,2,0,0.263,0.6,6,0,0,0,0,-1.601728184,-0.352702752,-1.758713217,2.007911482,4.550607223,-5.943732772,0.99956423,5.87e-07,0.000155981,0.356333971,0.623760998,0.853269175,0.972087959,0.990045011,0.999992728,4.11e-06,0.040587477,0.000143549,0.409961045,15.79938563,-0.633687134,86.71478697,5.27e-15,7.26e-11,6.37e-07,2.11e-09,0.930236101,6.51e-11,0.500036418,3.08e-15,3.17e-11,5.04e-12,3.05e-16,5.96e-05,0.00012529,3.462234677,1.17052612,0.001430038,0.134452075,0.81208998,0.135328919,0.000961766,0.992160141,0.057600047,3.73e-05,0.002763791,0.066543832,0.104164638,0.123914324,0.59499234,0.091330126,0.905808866,0.995593846,0.026104653,0.000605319,0.006309681,0.006473063,0.000144838,0.032028783,7.91e-05,0.071119569,0.001082331,0.001672425,0.387553006,0.002491329,0.019170672,1.23e-05,0.379156619,0.063,0
"645","cid864","O=C(O)CCCCC1CCSS1",206.04,2,1,37.3,5,1,5,4,0,6,1,0,0.554,0.875,12,0,0,0,0,-2.015906882,2.214136485,1.850876225,4.696691429,7.038003902,-5.016602276,0.788768947,0.005727503,0.005407967,0.002104521,0.002225578,0.860610113,0.985197523,0.91647166,0.968278348,5.98e-05,0.565745831,0.945949495,0.675800443,85.36989409,-0.960634637,11.1067261,3.75e-05,0.000246968,0.988997877,0.002276121,0.945438981,9.88e-06,0.01084565,1.68e-08,5.63e-05,0.526222587,0.999992371,0.018339638,4.07e-05,7.283955877,1.649628667,0.026247151,0.993900299,0.037760105,0.03621576,0.06499368,0.999978542,0.239940777,0.972082794,0.995734155,0.997131586,0.095135555,0.036118224,0.086232997,0.192329302,0.009482864,0.018278861,0.001132838,0.000708034,0.025419245,0.104384318,0.008500481,0.001409637,0.033966694,0.261322498,0.11633642,0.388675511,0.156067327,0.002683371,0.021251146,0.001281406,0.036515668,0.003,0.086
"646","cid12035","CC(=O)NC(CS)C(=O)O",163.03,4,2,66.4,4,0,0,5,0,2,1,0,0.492,0.6,3,0,0,0,1,-0.922136773,0.250869273,0.066720613,3.56675072,3.91501554,-4.970372313,0.953086853,0.000118846,0.003068575,0.151518703,0.999497635,0.998231472,0.999869725,0.989171326,0.999897122,6.46e-05,0.011089685,0.00377366,0.147392422,23.10605057,-0.300876628,83.00929573,5.41e-07,1.12e-06,0.00065286,0.001077777,0.087248676,1.15e-05,0.986695766,2.53e-08,4.88e-07,0.011824069,7.02e-11,0.002371567,0.016089462,2.99026729,1.276707881,0.001661838,0.606495619,0.812028289,0.084402613,0.003789106,0.994632125,0.105194129,0.003995336,0.232854053,0.122908309,0.540469229,0.218576834,0.763724804,0.366194069,0.856655002,0.975612938,0.020542482,0.003444982,0.013436495,2.74e-05,1.04e-05,1.75e-05,3.81e-07,0.020212313,6.87e-07,2.8e-07,0.204399228,0.00222956,2.39e-06,8.62e-07,0.007092462,0.053,0
